# -*- coding: utf-8 -*-

# Resource object code
#
# Created by: The Resource Compiler for PyQt5 (Qt v5.15.2)
#
# WARNING! All changes made in this file will be lost!

from PyQt5 import QtCore

qt_resource_data = b"\
\x00\x01\x59\xdc\
\x00\
\x01\x00\x00\x00\x0f\x00\x80\x00\x03\x00\x70\x46\x46\x54\x4d\x6d\
\x1c\x4d\x0d\x00\x01\x59\xc0\x00\x00\x00\x1c\x47\x44\x45\x46\x0b\
\x2f\x0d\xa8\x00\x01\x2d\xc4\x00\x00\x00\x5a\x47\x50\x4f\x53\xdb\
\xc7\x07\x23\x00\x01\x3f\xa4\x00\x00\x1a\x1a\x47\x53\x55\x42\xb5\
\x22\xd2\x23\x00\x01\x2e\x20\x00\x00\x11\x84\x4f\x53\x2f\x32\x8a\
\x66\x4e\x4a\x00\x00\x01\x78\x00\x00\x00\x60\x63\x6d\x61\x70\xb8\
\x78\xa7\xb1\x00\x00\x0d\x44\x00\x00\x03\xe6\x67\x61\x73\x70\xff\
\xff\x00\x03\x00\x01\x2d\xbc\x00\x00\x00\x08\x67\x6c\x79\x66\x90\
\x25\x3b\xe6\x00\x00\x16\xe4\x00\x00\xda\x70\x68\x65\x61\x64\xfa\
\x90\x69\xb2\x00\x00\x00\xfc\x00\x00\x00\x36\x68\x68\x65\x61\x07\
\xc6\x06\x06\x00\x00\x01\x34\x00\x00\x00\x24\x68\x6d\x74\x78\x82\
\x49\x63\x2d\x00\x00\x01\xd8\x00\x00\x0b\x6c\x6c\x6f\x63\x61\x63\
\x14\x9a\x9a\x00\x00\x11\x2c\x00\x00\x05\xb8\x6d\x61\x78\x70\x03\
\x24\x00\x49\x00\x00\x01\x58\x00\x00\x00\x20\x6e\x61\x6d\x65\xc2\
\xdf\xa7\xaa\x00\x00\xf1\x54\x00\x00\x24\x72\x70\x6f\x73\x74\x66\
\x37\x3f\x36\x00\x01\x15\xc8\x00\x00\x17\xf3\x00\x01\x00\x00\x00\
\x01\x00\x00\x41\xaa\xc7\x14\x5f\x0f\x3c\xf5\x00\x0b\x03\xe8\x00\
\x00\x00\x00\xcb\xbc\x13\x02\x00\x00\x00\x00\xcb\xbc\x13\x02\xff\
\x3e\xff\x06\x04\xba\x03\xc3\x00\x01\x00\x08\x00\x02\x00\x00\x00\
\x00\x00\x00\x00\x01\x00\x00\x03\xcb\xff\x02\x00\x00\x04\xdd\xff\
\x3e\xff\x4b\x04\xba\x00\x01\x00\x00\x00\x00\x00\x00\x00\x00\x00\
\x00\x00\x00\x00\x00\x02\xdb\x00\x01\x00\x00\x02\xdb\x00\x46\x00\
\x07\x00\x00\x00\x00\x00\x02\x00\x00\x00\x01\x00\x01\x00\x00\x00\
\x40\x00\x00\x00\x00\x00\x00\x00\x03\x02\x5c\x02\xee\x00\x05\x00\
\x00\x02\xbc\x02\x8a\x00\x00\x00\x8c\x02\xbc\x02\x8a\x00\x00\x01\
\xdd\x00\x32\x00\xfa\x00\x00\x02\x0b\x08\x03\x02\x02\x02\x02\x02\
\x04\x80\x00\x02\x0f\x50\x00\x20\x4a\x00\x00\x00\x00\x00\x00\x00\
\x00\x4c\x49\x4e\x4f\x00\x20\x00\x0d\xfb\x04\x02\xf4\xff\x0c\x00\
\xc8\x03\xcb\x00\xfe\x20\x00\x00\x97\x00\x00\x00\x00\x01\xf2\x02\
\xc4\x00\x00\x00\x20\x00\x04\x02\x00\x00\x00\x01\xf4\x00\x00\x01\
\x4d\x00\x00\x01\xf4\x00\x00\x00\xfa\x00\x00\x01\x65\x00\x51\x01\
\xf2\x00\x56\x02\x5b\x00\x2e\x02\x86\x00\x23\x03\x8f\x00\x1d\x03\
\x0d\x00\x2d\x01\x2f\x00\x56\x01\x56\x00\x1d\x01\x56\x00\x36\x01\
\xe9\x00\x1c\x02\x9a\x00\x38\x01\x2c\x00\x14\x01\x46\x00\x24\x01\
\x2c\x00\x31\x01\x9f\xff\xf9\x02\x86\x00\x2e\x02\x86\x00\x40\x02\
\x86\x00\x35\x02\x86\x00\x20\x02\x86\x00\x19\x02\x86\x00\x28\x02\
\x86\x00\x2b\x02\x86\x00\x3f\x02\x86\x00\x39\x02\x86\x00\x2c\x01\
\x4c\x00\x44\x01\x4c\x00\x1e\x02\x9a\x00\x4f\x02\x9a\x00\x44\x02\
\x9a\x00\x4f\x02\x22\x00\x28\x03\x20\x00\x1d\x02\xd9\xff\xf2\x02\
\x99\x00\x49\x02\xb8\x00\x28\x03\x06\x00\x49\x02\x5f\x00\x49\x02\
\x40\x00\x49\x03\x01\x00\x28\x02\xfc\x00\x49\x01\x3e\x00\x49\x02\
\x11\xff\xfd\x02\xc7\x00\x49\x02\x0e\x00\x49\x03\xbb\x00\x49\x03\
\x16\x00\x49\x03\x53\x00\x28\x02\x80\x00\x49\x03\x59\x00\x24\x02\
\x97\x00\x49\x02\x4f\x00\x0f\x02\x45\x00\x05\x02\xe2\x00\x42\x02\
\xaa\xff\xf1\x04\x01\x00\x00\x02\xbf\xff\xf8\x02\x9d\xff\xec\x02\
\x7b\x00\x27\x01\x56\x00\x35\x01\x9f\x00\x01\x01\x56\x00\x49\x02\
\xb2\x00\x49\x01\xf4\x00\x00\x01\x2c\xff\xd9\x02\x36\x00\x21\x02\
\x93\x00\x42\x01\xf7\x00\x27\x02\x92\x00\x27\x02\x54\x00\x27\x01\
\x6c\x00\x00\x02\x92\x00\x27\x02\x69\x00\x42\x01\x28\x00\x36\x01\
\x2b\xff\xdb\x02\x53\x00\x41\x01\x2a\x00\x42\x03\x9c\x00\x40\x02\
\x68\x00\x40\x02\x78\x00\x27\x02\x91\x00\x40\x02\x91\x00\x27\x01\
\x8c\x00\x40\x01\xd8\x00\x0b\x01\x74\x00\x02\x02\x66\x00\x3b\x02\
\x37\xff\xff\x03\x67\x00\x00\x02\x52\xff\xfd\x02\x37\xff\xff\x02\
\x00\x00\x22\x01\x56\x00\x06\x00\xf1\x00\x37\x01\x56\x00\x32\x02\
\x9a\x00\x55\x00\xfa\x00\x00\x01\x65\x00\x51\x02\x86\x00\x51\x02\
\x86\x00\x48\x03\xb6\x00\x92\x02\x86\x00\x0c\x00\xf1\x00\x37\x02\
\x5f\x00\x28\x01\x2c\xff\xd6\x03\x20\x00\x14\x01\x80\x00\x2d\x02\
\x1f\x00\x19\x02\x9a\x00\x33\x01\x46\x00\x24\x02\x58\x00\x48\x01\
\x2c\xff\xee\x01\xa0\x00\x28\x02\x9a\x00\x3d\x01\xa4\x00\x2d\x01\
\xa4\x00\x27\x01\x2c\x00\x45\x02\x97\x00\x40\x02\x6a\x00\x18\x01\
\x2c\x00\x31\x01\x2c\x00\x11\x01\xa4\x00\x2f\x01\x80\x00\x25\x02\
\x1f\x00\x22\x03\xac\x00\x2e\x03\xac\x00\x2e\x03\xac\x00\x27\x02\
\x22\x00\x13\x02\xd9\xff\xf2\x02\xd9\xff\xf2\x02\xd9\xff\xf2\x02\
\xd9\xff\xf2\x02\xd9\xff\xf2\x02\xd9\xff\xf2\x04\x09\xff\xfc\x02\
\xb8\x00\x28\x02\x5f\x00\x49\x02\x5f\x00\x49\x02\x5f\x00\x49\x02\
\x5f\x00\x49\x01\x3e\xff\xe7\x01\x3e\x00\x49\x01\x3e\xff\xd9\x01\
\x3e\xff\xdf\x03\x06\x00\x0d\x03\x16\x00\x49\x03\x53\x00\x28\x03\
\x53\x00\x28\x03\x53\x00\x28\x03\x53\x00\x28\x03\x53\x00\x28\x02\
\x9a\x00\x3f\x03\x53\x00\x27\x02\xe2\x00\x42\x02\xe2\x00\x42\x02\
\xe2\x00\x42\x02\xe2\x00\x42\x02\x9d\xff\xec\x02\x80\x00\x49\x02\
\x9b\x00\x40\x02\x36\x00\x21\x02\x36\x00\x21\x02\x36\x00\x21\x02\
\x36\x00\x21\x02\x36\x00\x21\x02\x36\x00\x21\x03\x83\x00\x21\x01\
\xf7\x00\x27\x02\x54\x00\x27\x02\x54\x00\x27\x02\x54\x00\x27\x02\
\x54\x00\x27\x01\x28\xff\xd6\x01\x28\x00\x42\x01\x28\xff\xd2\x01\
\x28\xff\xd6\x02\x78\x00\x27\x02\x68\x00\x40\x02\x78\x00\x27\x02\
\x78\x00\x27\x02\x78\x00\x27\x02\x78\x00\x27\x02\x78\x00\x27\x02\
\x9a\x00\x4f\x02\x78\x00\x18\x02\x66\x00\x3b\x02\x66\x00\x3b\x02\
\x66\x00\x3b\x02\x66\x00\x3b\x02\x37\xff\xff\x02\x93\x00\x42\x02\
\x37\xff\xff\x02\xd9\xff\xf2\x02\x36\x00\x21\x02\xd9\xff\xf2\x02\
\x36\x00\x21\x02\xd9\xff\xf2\x02\x36\x00\x21\x02\xb8\x00\x28\x01\
\xf7\x00\x27\x02\xb8\x00\x28\x01\xf7\x00\x27\x02\xb8\x00\x28\x01\
\xf7\x00\x27\x02\xb8\x00\x28\x01\xf7\x00\x27\x03\x06\x00\x49\x03\
\x17\x00\x27\x03\x06\x00\x0d\x02\x92\x00\x27\x02\x5f\x00\x49\x02\
\x54\x00\x27\x02\x5f\x00\x49\x02\x54\x00\x27\x02\x5f\x00\x49\x02\
\x54\x00\x27\x02\x5f\x00\x49\x02\x54\x00\x27\x02\x5f\x00\x49\x02\
\x54\x00\x27\x03\x01\x00\x28\x02\x92\x00\x27\x03\x01\x00\x28\x02\
\x92\x00\x27\x03\x01\x00\x28\x02\x92\x00\x27\x03\x01\x00\x28\x02\
\x92\x00\x27\x02\xfc\x00\x49\x02\x69\x00\x42\x02\xfc\x00\x49\x02\
\x69\x00\x14\x01\x3e\xff\xe6\x01\x28\xff\xdc\x01\x3e\xff\xf6\x01\
\x28\xff\xee\x01\x3e\xff\xf1\x01\x28\xff\xe6\x01\x3e\x00\x28\x01\
\x28\x00\x15\x01\x3e\x00\x46\x01\x28\x00\x42\x03\x45\x00\x49\x02\
\x4d\x00\x36\x02\x11\xff\xfd\x01\x2b\xff\xd0\x02\xc7\x00\x49\x02\
\x53\x00\x41\x02\x53\x00\x41\x02\x0e\x00\x49\x01\x2a\x00\x42\x02\
\x0e\x00\x49\x01\x2a\x00\x0b\x02\x0e\x00\x49\x01\xb0\x00\x42\x02\
\x0e\x00\x49\x01\xc0\x00\x42\x02\x0e\x00\x09\x01\x2a\x00\x08\x03\
\x16\x00\x49\x02\x68\x00\x40\x03\x16\x00\x49\x02\x68\x00\x40\x03\
\x16\x00\x49\x02\x68\x00\x40\x02\xc2\xff\xf7\x03\x16\x00\x49\x02\
\x68\x00\x40\x03\x53\x00\x28\x02\x78\x00\x27\x03\x53\x00\x28\x02\
\x78\x00\x27\x03\x53\x00\x28\x02\x78\x00\x27\x03\xfb\x00\x28\x03\
\xcd\x00\x27\x02\x97\x00\x49\x01\x8c\x00\x40\x02\x97\x00\x49\x01\
\x8c\x00\x0c\x02\x97\x00\x49\x01\x8c\x00\x1f\x02\x4f\x00\x0f\x01\
\xd8\x00\x0b\x02\x4f\x00\x0f\x01\xd8\x00\x0b\x02\x4f\x00\x0f\x01\
\xd8\x00\x0b\x02\x4f\x00\x0f\x01\xd8\x00\x0b\x02\x45\x00\x05\x01\
\x74\x00\x02\x02\x45\x00\x05\x01\xb0\x00\x02\x02\x45\x00\x05\x01\
\x74\x00\x02\x02\xe2\x00\x42\x02\x66\x00\x3b\x02\xe2\x00\x42\x02\
\x66\x00\x3b\x02\xe2\x00\x42\x02\x66\x00\x3b\x02\xe2\x00\x42\x02\
\x66\x00\x3b\x02\xe2\x00\x42\x02\x66\x00\x3b\x02\xe2\x00\x42\x02\
\x66\x00\x3b\x04\x01\x00\x00\x03\x67\x00\x00\x02\x9d\xff\xec\x02\
\x37\xff\xff\x02\x9d\xff\xec\x02\x7b\x00\x27\x02\x00\x00\x22\x02\
\x7b\x00\x27\x02\x00\x00\x22\x02\x7b\x00\x27\x02\x00\x00\x22\x02\
\x86\xff\xfe\x02\x4f\x00\x0f\x01\xd8\x00\x0b\x02\x45\x00\x05\x01\
\x74\x00\x02\x01\x2b\xff\xdb\x01\x2c\xff\xd1\x01\x2c\xff\xd1\x01\
\x2c\xff\xee\x01\x2c\xff\xe8\x01\x2c\x00\x3d\x01\x2c\x00\x29\x01\
\x2c\x00\x0c\x01\x2c\xff\xdc\x01\x2c\xff\xde\x02\xdf\x00\x1b\x02\
\xf8\x00\x2d\x02\x97\x00\x40\x02\xc7\x00\x1e\x02\x5f\x00\x49\x02\
\x5f\x00\x49\x03\x34\x00\x05\x02\x0b\x00\x49\x02\xb8\x00\x28\x02\
\x4f\x00\x0f\x01\x3e\x00\x49\x01\x3e\xff\xdf\x02\x11\xff\xfd\x04\
\x62\x00\x07\x04\x43\x00\x49\x03\x41\x00\x05\x02\xc7\x00\x49\x03\
\x03\x00\x49\x02\xa9\xff\xf1\x02\xf8\x00\x49\x02\xd9\xff\xf2\x02\
\x96\x00\x49\x02\x99\x00\x49\x02\x0b\x00\x49\x03\x24\x00\x0c\x02\
\x5f\x00\x49\x04\x1a\xff\xee\x02\x63\x00\x0e\x03\x03\x00\x49\x03\
\x03\x00\x49\x02\xc7\x00\x49\x03\x1f\x00\x07\x03\xbb\x00\x49\x02\
\xfc\x00\x49\x03\x53\x00\x28\x02\xf8\x00\x49\x02\x80\x00\x49\x02\
\xb8\x00\x28\x02\x45\x00\x05\x02\xa9\xff\xf1\x03\x8a\x00\x23\x02\
\xbf\xff\xf8\x03\x10\x00\x49\x02\xbe\x00\x40\x04\x51\x00\x49\x04\
\x69\x00\x49\x02\xd2\x00\x05\x03\xa8\x00\x49\x02\x80\x00\x49\x02\
\xb8\x00\x05\x04\x5a\x00\x49\x02\x9c\x00\x12\x02\x36\x00\x21\x02\
\x84\x00\x30\x02\x49\x00\x40\x01\xc1\x00\x40\x02\x8f\x00\x0a\x02\
\x54\x00\x27\x03\x59\xff\xfc\x01\xf6\x00\x0a\x02\x7f\x00\x40\x02\
\x7f\x00\x40\x02\x57\x00\x40\x02\x80\x00\x05\x03\x21\x00\x40\x02\
\x6c\x00\x40\x02\x78\x00\x27\x02\x6c\x00\x40\x02\x91\x00\x40\x01\
\xf7\x00\x27\x01\xf7\x00\x14\x02\x37\xff\xff\x03\x41\x00\x27\x02\
\x52\xff\xfd\x02\x82\x00\x40\x02\x4d\x00\x34\x03\x89\x00\x40\x03\
\x9d\x00\x40\x02\x7e\x00\x14\x03\x41\x00\x40\x02\x34\x00\x40\x02\
\x06\x00\x01\x03\x6a\x00\x40\x02\x59\x00\x1e\x02\x54\x00\x27\x02\
\x54\x00\x27\x02\x69\x00\x00\x01\xc1\x00\x40\x02\x06\x00\x27\x01\
\xd8\x00\x0b\x01\x28\x00\x36\x01\x28\xff\xd4\x01\x2b\xff\xdb\x03\
\x93\x00\x05\x03\x7b\x00\x40\x02\x69\x00\x00\x02\x57\x00\x40\x02\
\x7f\x00\x40\x02\x37\xff\xff\x02\x6c\x00\x40\x02\x0b\x00\x49\x01\
\xc1\x00\x40\x04\x01\x00\x00\x03\x67\x00\x00\x04\x01\x00\x00\x03\
\x67\x00\x00\x04\x01\x00\x00\x03\x67\x00\x00\x02\x9d\xff\xec\x02\
\x37\xff\xff\x01\x46\x00\x24\x01\x90\x00\x1e\x02\x58\x00\x1e\x01\
\x2c\x00\x2a\x01\x2c\x00\x29\x01\x2c\x00\x28\x01\xfb\x00\x2a\x01\
\xfb\x00\x29\x01\xfb\x00\x28\x02\x5b\x00\x26\x02\x5b\x00\x2a\x01\
\xf4\x00\x49\x03\xe8\x00\x42\x04\xdd\x00\x22\x01\x3e\x00\x19\x01\
\x3e\x00\x22\x02\x22\x00\x24\x00\x64\xff\x3e\x01\xa4\x00\x23\x01\
\xa4\x00\x1d\x01\xa4\x00\x29\x01\xa4\x00\x25\x01\xa4\x00\x36\x01\
\xa4\x00\x2d\x01\xa4\x00\x25\x01\xa4\x00\x23\x01\xa4\x00\x2f\x01\
\xa4\x00\x2d\x01\xa4\x00\x27\x01\xa4\x00\x1d\x01\xa4\x00\x29\x01\
\xa4\x00\x25\x01\xa4\x00\x36\x01\xa4\x00\x2d\x01\xa4\x00\x25\x02\
\x86\x00\x15\x03\xae\x00\x27\x01\xf4\x00\x01\x04\x2c\x00\x49\x03\
\x20\x00\x14\x03\xe8\x00\x28\x02\xf8\x00\x2d\x01\xf4\x00\x2c\x02\
\x9a\x00\x45\x02\xdf\x00\x1b\x02\xf1\x00\x3b\x02\x9a\x00\x1a\x02\
\x9a\x00\x44\x00\x64\xff\x3e\x01\x2c\x00\x31\x02\x39\xff\xf5\x03\
\x45\x00\x2d\x02\x79\x00\x4f\x02\x9a\x00\x18\x02\x9a\x00\x34\x02\
\x9a\x00\x4f\x02\x9a\x00\x4f\x02\x5e\x00\x3d\x02\x99\x00\x00\x02\
\x9a\x00\x00\x02\x00\x00\x00\x02\xba\x00\x00\x02\x99\x00\x00\x02\
\x9a\x00\x00\x03\xe7\x00\x00\x03\xe8\x00\x00\x01\x2c\xff\xdd\x01\
\x2c\x00\x41\x01\x2c\xff\xd1\x01\x2c\xff\xd1\x01\x2c\x00\x45\x01\
\x2c\xff\xdc\x01\x2c\xff\xd6\x01\x2c\xff\xee\x01\x2c\xff\xe8\x01\
\x2c\x00\x29\x01\x2c\xff\xde\x01\x2c\x00\x3d\x01\x2c\x00\x17\x01\
\x2c\x00\x38\x01\xa4\x00\x23\x01\xa4\x00\x2f\x01\xa4\x00\x2d\x01\
\xa4\x00\x27\x01\xa4\x00\x1d\x01\xa4\x00\x29\x01\xa4\x00\x25\x01\
\xa4\x00\x36\x01\xa4\x00\x2d\x01\xa4\x00\x25\x01\xa4\x00\x23\x01\
\xa4\x00\x2f\x01\xa4\x00\x2d\x01\xa4\x00\x27\x01\xa4\x00\x1d\x01\
\xa4\x00\x29\x01\xa4\x00\x25\x01\xa4\x00\x36\x01\xa4\x00\x2d\x01\
\xa4\x00\x25\x01\x2c\xff\xf1\x01\x2c\xff\xe7\x01\x53\x00\x49\x02\
\x40\x00\x3c\x03\x2d\x00\x18\x02\xb5\x00\x2d\x01\x29\x00\x19\x01\
\x29\x00\x2d\x01\x29\x00\x29\x01\x60\xff\xfe\x01\x29\x00\x3b\x01\
\x29\x00\x05\x01\x60\xff\xfe\x01\x29\x00\x2a\x02\x40\x00\x2d\x02\
\x40\x00\x32\x02\x40\x00\x42\x02\x40\x00\x2c\x02\x40\x00\x24\x02\
\x40\x00\x36\x02\x40\x00\x32\x02\x40\x00\x51\x02\x40\x00\x3a\x02\
\x40\x00\x3e\x01\xf4\x00\x2f\x02\x81\xff\xfe\x02\x3b\x00\x46\x02\
\x42\x00\x27\x02\x8f\x00\x46\x02\x17\x00\x46\x01\xf7\x00\x46\x02\
\x85\x00\x27\x02\x90\x00\x46\x01\x33\x00\x46\x01\xdc\x00\x01\x02\
\x6f\x00\x46\x01\xd7\x00\x46\x03\x29\x00\x46\x02\xa0\x00\x46\x02\
\xc0\x00\x27\x02\x2b\x00\x46\x02\xc5\x00\x27\x02\x38\x00\x46\x01\
\xfb\x00\x0d\x01\xe3\x00\x05\x02\x86\x00\x42\x02\x4d\xff\xfc\x03\
\x6e\x00\x04\x02\x62\x00\x00\x02\x36\xff\xf6\x02\x39\x00\x35\x02\
\x81\xff\xfe\x02\x81\xff\xfe\x02\x81\xff\xfe\x02\x81\xff\xfe\x02\
\x81\xff\xfe\x02\x81\xff\xfe\x02\x81\xff\xfe\x02\x81\xff\xfe\x02\
\x81\xff\xfe\x03\x7c\xff\xfb\x02\x42\x00\x27\x02\x42\x00\x27\x02\
\x42\x00\x27\x02\x42\x00\x27\x02\x42\x00\x27\x02\x8f\x00\x46\x02\
\x8f\x00\x08\x02\x8f\x00\x08\x02\x17\x00\x46\x02\x17\x00\x46\x02\
\x17\x00\x46\x02\x17\x00\x46\x02\x17\x00\x46\x02\x17\x00\x46\x02\
\x17\x00\x46\x02\x17\x00\x46\x02\x17\x00\x46\x02\x85\x00\x27\x02\
\x85\x00\x27\x02\x85\x00\x27\x02\x85\x00\x27\x02\x6f\x00\x46\x02\
\x90\x00\x46\x02\x90\x00\x46\x01\x33\xff\xcf\x01\x33\x00\x46\x01\
\x33\xff\xeb\x01\x33\xff\xd5\x01\x33\xff\xe1\x01\x33\xff\xda\x01\
\x33\xff\xf2\x01\x33\x00\x3d\x01\x33\x00\x26\x01\xdc\x00\x01\x02\
\x6f\x00\x46\x01\xd7\x00\x46\x01\xd7\x00\x46\x01\xd7\x00\x46\x01\
\xd7\x00\x06\x01\xd7\x00\x46\x02\xa0\x00\x46\x02\xa0\x00\x46\x02\
\xa0\x00\x46\x02\xa0\x00\x46\x02\xc0\x00\x27\x02\xc0\x00\x27\x02\
\xc0\x00\x27\x02\xc0\x00\x27\x02\xc0\x00\x27\x02\xc0\x00\x27\x02\
\xc0\x00\x27\x02\xc0\x00\x27\x02\xc0\x00\x27\x03\x54\x00\x2c\x02\
\x38\x00\x46\x02\x38\x00\x46\x02\x38\x00\x46\x01\xfb\x00\x0d\x01\
\xfb\x00\x0d\x01\xfb\x00\x0d\x01\xfb\x00\x0d\x01\xfb\x00\x0d\x01\
\xe3\x00\x05\x01\xe3\x00\x05\x01\xe3\x00\x05\x02\x2c\x00\x46\x02\
\x86\x00\x42\x02\x86\x00\x42\x02\x86\x00\x42\x02\x86\x00\x42\x02\
\x86\x00\x42\x02\x86\x00\x42\x02\x86\x00\x42\x02\x86\x00\x42\x02\
\x86\x00\x42\x02\x86\x00\x42\x03\x6e\x00\x04\x03\x6e\x00\x04\x03\
\x6e\x00\x04\x03\x6e\x00\x04\x02\x36\xff\xf6\x02\x36\xff\xf6\x02\
\x36\xff\xf6\x02\x36\xff\xf6\x02\x39\x00\x35\x02\x39\x00\x35\x02\
\x39\x00\x35\x03\x13\x00\x46\x03\xf5\x00\x0d\x02\xa0\x00\x46\x01\
\x2c\xff\xd9\x01\x2c\x00\x45\x01\x2c\xff\xd1\x01\x2c\xff\xd1\x01\
\x2c\xff\xdc\x01\x2c\xff\xd6\x01\x2c\xff\xee\x01\x2c\xff\xe8\x01\
\x2c\x00\x29\x01\x2c\xff\xde\x01\x2c\x00\x3d\x01\x53\x00\x49\x01\
\xf4\x00\x39\x02\x40\x00\x2a\x02\x40\x00\x57\x02\x40\x00\x47\x02\
\x40\x00\x17\x02\x40\x00\x10\x04\x84\x00\x18\x02\xd2\x00\x32\x01\
\xdd\x00\x14\x02\x5a\x00\x2d\x02\x40\x00\x40\x02\x85\x00\x23\x02\
\x3d\x00\x3c\x02\x90\x00\x32\x02\x40\x00\x2a\x02\x89\x00\x3a\x02\
\x90\x00\x32\x03\x2d\xff\xea\x01\x80\x00\x10\x03\x2a\x00\x46\x03\
\xce\x00\x46\x00\x00\x00\x03\x00\x00\x00\x03\x00\x00\x00\x1c\x00\
\x01\x00\x00\x00\x00\x01\xdc\x00\x03\x00\x01\x00\x00\x00\x1c\x00\
\x04\x01\xc0\x00\x00\x00\x6c\x00\x40\x00\x05\x00\x2c\x00\x00\x00\
\x0d\x00\x7e\x01\x7e\x01\x92\x02\x1b\x02\x37\x02\xc7\x02\xc9\x02\
\xdd\x03\x94\x03\xa9\x03\xbc\x03\xc0\x04\x5f\x04\x91\x1e\x85\x1e\
\xf3\x20\x10\x20\x14\x20\x1a\x20\x1e\x20\x22\x20\x26\x20\x30\x20\
\x3a\x20\x3d\x20\x44\x20\x70\x20\x79\x20\x89\x20\xac\x21\x05\x21\
\x13\x21\x17\x21\x22\x21\x26\x21\x2e\x22\x02\x22\x06\x22\x0f\x22\
\x12\x22\x15\x22\x1a\x22\x1e\x22\x2b\x22\x48\x22\x60\x22\x65\x25\
\xca\xf0\x02\xf8\xff\xfb\x04\xff\xff\x00\x00\x00\x00\x00\x0d\x00\
\x20\x00\xa0\x01\x92\x02\x18\x02\x37\x02\xc6\x02\xc9\x02\xd8\x03\
\x94\x03\xa9\x03\xbc\x03\xc0\x04\x00\x04\x90\x1e\x80\x1e\xf2\x20\
\x10\x20\x13\x20\x18\x20\x1c\x20\x20\x20\x26\x20\x30\x20\x39\x20\
\x3d\x20\x44\x20\x70\x20\x74\x20\x80\x20\xac\x21\x05\x21\x13\x21\
\x16\x21\x22\x21\x26\x21\x2e\x22\x02\x22\x06\x22\x0f\x22\x11\x22\
\x15\x22\x19\x22\x1e\x22\x2b\x22\x48\x22\x60\x22\x64\x25\xca\xf0\
\x01\xf8\xff\xfb\x00\xff\xff\x00\x01\xff\xf6\xff\xe4\xff\xc3\xff\
\xb0\xff\x2b\xff\x10\xfe\x82\xfe\x81\xfe\x73\xfd\xbd\xfd\xa9\xfd\
\x97\xfd\x94\xfd\x55\xfd\x25\xe3\x37\xe2\xcb\xe1\xaf\xe1\xad\xe1\
\xaa\xe1\xa9\xe1\xa8\xe1\xa5\xe1\x9c\xe1\x94\xe1\x92\xe1\x8c\xe1\
\x61\xe1\x5e\xe1\x58\xe1\x36\xe0\xde\xe0\xd1\xe0\xcf\xe0\xc5\xe0\
\xc2\xe0\xbb\xdf\xe8\xdf\xe5\xdf\xdd\xdf\xdc\xdf\xda\xdf\xd7\xdf\
\xd4\xdf\xc8\xdf\xac\xdf\x95\xdf\x92\xdc\x2e\x11\xf8\x08\xfc\x06\
\xfc\x00\x01\x00\x00\x00\x00\x00\x00\x00\x00\x00\x00\x00\x00\x00\
\x00\x00\x00\x00\x00\x00\x00\x00\x00\x00\x00\x00\x00\x00\x00\x00\
\x00\x00\x00\x00\x00\x00\x00\x00\x00\x00\x00\x00\x00\x00\x00\x00\
\x00\x00\x00\x00\x00\x00\x00\x00\x00\x00\x00\x00\x00\x00\x00\x00\
\x00\x00\x00\x00\x00\x00\x00\x00\x00\x00\x00\x00\x00\x00\x00\x00\
\x00\x00\x00\x00\x00\x00\x00\x00\x00\x00\x00\x00\x00\x00\x00\x00\
\x00\x00\x00\x00\x00\x00\x00\x00\x00\x00\x00\x00\x00\x00\x00\x00\
\x06\x02\x0a\x00\x00\x00\x00\x01\x00\x00\x01\x00\x00\x00\x00\x00\
\x00\x00\x00\x00\x00\x00\x00\x00\x00\x00\x01\x00\x02\x00\x00\x00\
\x00\x00\x00\x00\x03\x00\x00\x00\x00\x00\x00\x00\x00\x00\x00\x00\
\x00\x00\x00\x00\x00\x00\x00\x00\x00\x00\x00\x00\x00\x00\x00\x00\
\x00\x00\x00\x00\x01\x00\x00\x00\x00\x00\x04\x00\x05\x00\x06\x00\
\x07\x00\x08\x00\x09\x00\x0a\x00\x0b\x00\x0c\x00\x0d\x00\x0e\x00\
\x0f\x00\x10\x00\x11\x00\x12\x00\x13\x00\x14\x00\x15\x00\x16\x00\
\x17\x00\x18\x00\x19\x00\x1a\x00\x1b\x00\x1c\x00\x1d\x00\x1e\x00\
\x1f\x00\x20\x00\x21\x00\x22\x00\x23\x00\x24\x00\x25\x00\x26\x00\
\x27\x00\x28\x00\x29\x00\x2a\x00\x2b\x00\x2c\x00\x2d\x00\x2e\x00\
\x2f\x00\x30\x00\x31\x00\x32\x00\x33\x00\x34\x00\x35\x00\x36\x00\
\x37\x00\x38\x00\x39\x00\x3a\x00\x3b\x00\x3c\x00\x3d\x00\x3e\x00\
\x3f\x00\x40\x00\x41\x00\x42\x00\x43\x00\x44\x00\x45\x00\x46\x00\
\x47\x00\x48\x00\x49\x00\x4a\x00\x4b\x00\x4c\x00\x4d\x00\x4e\x00\
\x4f\x00\x50\x00\x51\x00\x52\x00\x53\x00\x54\x00\x55\x00\x56\x00\
\x57\x00\x58\x00\x59\x00\x5a\x00\x5b\x00\x5c\x00\x5d\x00\x5e\x00\
\x5f\x00\x60\x00\x61\x00\x62\x00\x00\x00\x87\x00\x88\x00\x8a\x00\
\x8c\x00\x94\x00\x99\x00\x9f\x00\xa4\x00\xa3\x00\xa5\x00\xa7\x00\
\xa6\x00\xa8\x00\xaa\x00\xac\x00\xab\x00\xad\x00\xae\x00\xb0\x00\
\xaf\x00\xb1\x00\xb2\x00\xb4\x00\xb6\x00\xb5\x00\xb7\x00\xb9\x00\
\xb8\x00\xbd\x00\xbc\x00\xbe\x00\xbf\x01\xc8\x00\x73\x00\x65\x00\
\x66\x00\x6a\x01\xca\x00\x79\x00\xa2\x00\x71\x00\x6c\x01\xe7\x00\
\x77\x00\x6b\x01\xf5\x00\x89\x00\x9b\x01\xf2\x00\x74\x01\xf6\x01\
\xf7\x00\x68\x00\x78\x01\xea\x01\xed\x01\xec\x01\x54\x01\xf3\x00\
\x6d\x00\x7d\x01\x52\x00\xa9\x00\xbb\x00\x82\x00\x64\x00\x6f\x01\
\xf1\x01\x42\x01\xf4\x01\xeb\x00\x6e\x00\x7e\x01\xcb\x00\x63\x00\
\x83\x00\x86\x00\x98\x01\x15\x01\x16\x01\xc0\x01\xc1\x01\xc5\x01\
\xc6\x01\xc2\x01\xc3\x00\xba\x01\xf8\x00\xc2\x01\x3b\x01\xd0\x01\
\xe2\x01\xcd\x01\xce\x01\xfd\x01\xfe\x01\xc9\x00\x7a\x01\xc4\x01\
\xc7\x01\xcc\x00\x85\x00\x8d\x00\x84\x00\x8e\x00\x8b\x00\x90\x00\
\x91\x00\x92\x00\x8f\x00\x96\x00\x97\x01\xfb\x00\x95\x00\x9d\x00\
\x9e\x00\x9c\x00\xf4\x01\x48\x01\x4f\x00\x72\x01\x4b\x01\x4c\x01\
\x4d\x00\x7b\x01\x50\x01\x4e\x01\x49\x00\x00\x00\x00\x00\x40\x00\
\x40\x00\x40\x00\x40\x00\x40\x00\x5c\x00\x70\x00\xa0\x00\xec\x01\
\x2c\x01\x6a\x01\x78\x01\x8c\x01\xa0\x01\xbe\x01\xd2\x01\xe0\x01\
\xec\x02\x00\x02\x10\x02\x46\x02\x58\x02\x7e\x02\xba\x02\xd6\x03\
\x02\x03\x2c\x03\x40\x03\x84\x03\xb0\x03\xd4\x03\xf2\x04\x06\x04\
\x1a\x04\x2e\x04\x68\x04\xc0\x04\xda\x05\x0e\x05\x34\x05\x5e\x05\
\x76\x05\x8c\x05\xb6\x05\xce\x05\xda\x05\xfa\x06\x14\x06\x24\x06\
\x42\x06\x5c\x06\x80\x06\xa0\x06\xca\x06\xf0\x07\x38\x07\x4a\x07\
\x68\x07\x7e\x07\xa0\x07\xba\x07\xd2\x07\xea\x07\xfc\x08\x0c\x08\
\x1e\x08\x30\x08\x3e\x08\x4c\x08\x7e\x08\xac\x08\xd2\x09\x00\x09\
\x2c\x09\x4c\x09\x82\x09\xa2\x09\xbe\x09\xe8\x0a\x02\x0a\x0e\x0a\
\x3e\x0a\x5e\x0a\x80\x0a\xb0\x0a\xde\x0a\xfc\x0b\x2c\x0b\x4e\x0b\
\x6e\x0b\x84\x0b\xa6\x0b\xbe\x0b\xe2\x0b\xf6\x0c\x22\x0c\x30\x0c\
\x5c\x0c\x80\x0c\x80\x0c\x9c\x0c\xce\x0c\xf6\x0d\x34\x0d\x58\x0d\
\x6c\x0d\xc8\x0d\xec\x0e\x30\x0e\x5c\x0e\x76\x0e\x86\x0e\x92\x0e\
\xd2\x0e\xe0\x0f\x00\x0f\x1c\x0f\x44\x0f\x7a\x0f\x88\x0f\xb4\x0f\
\xcc\x0f\xe0\x10\x04\x10\x16\x10\x3c\x10\x58\x10\x88\x10\xc2\x11\
\x16\x11\x50\x11\x70\x11\x90\x11\xb4\x11\xe6\x12\x1c\x12\x52\x12\
\x76\x12\xb8\x12\xd6\x12\xf4\x13\x16\x13\x4a\x13\x5c\x13\x6e\x13\
\x84\x13\xac\x13\xda\x14\x0c\x14\x38\x14\x64\x14\x94\x14\xd0\x15\
\x12\x15\x2c\x15\x72\x15\x96\x15\xba\x15\xe2\x16\x1c\x16\x3a\x16\
\x5c\x16\x98\x16\xd0\x17\x0a\x17\x48\x17\x94\x17\xe4\x18\x32\x18\
\x82\x18\xc2\x18\xf4\x19\x26\x19\x5c\x19\xa4\x19\xb6\x19\xc8\x19\
\xde\x1a\x06\x1a\x42\x1a\x7a\x1a\xa2\x1a\xca\x1a\xf6\x1b\x30\x1b\
\x6e\x1b\x96\x1b\xd0\x1b\xf6\x1c\x1c\x1c\x46\x1c\x82\x1c\xac\x1c\
\xda\x1d\x1a\x1d\x3a\x1d\x74\x1d\xa0\x1d\xe8\x1e\x16\x1e\x5e\x1e\
\x8c\x1e\xb8\x1e\xe8\x1f\x18\x1f\x4c\x1f\x7e\x1f\xb0\x1f\xe0\x20\
\x14\x20\x48\x20\x76\x20\xaa\x20\xc8\x20\xfa\x21\x24\x21\x66\x21\
\x8c\x21\xc6\x21\xf2\x22\x30\x22\x52\x22\x88\x22\xbc\x22\xfc\x23\
\x38\x23\x84\x23\xba\x23\xfe\x24\x2e\x24\x6c\x24\x8e\x24\xb8\x24\
\xd6\x24\xfe\x25\x22\x25\x46\x25\x58\x25\x6a\x25\x88\x25\xaa\x25\
\xca\x25\xf8\x26\x12\x26\x1e\x26\x44\x26\x82\x26\xac\x26\xd2\x26\
\xf4\x27\x14\x27\x2c\x27\x44\x27\x56\x27\x6c\x27\x80\x27\x98\x27\
\xaa\x27\xc8\x27\xe2\x27\xfc\x28\x14\x28\x34\x28\x5a\x28\x7a\x28\
\xa0\x28\xc4\x28\xee\x29\x16\x29\x40\x29\x70\x29\x9c\x29\xc4\x29\
\xfc\x2a\x34\x2a\x66\x2a\x94\x2a\xc6\x2b\x0c\x2b\x38\x2b\x5c\x2b\
\x88\x2b\xac\x2b\xdc\x2c\x04\x2c\x52\x2c\x88\x2c\xda\x2d\x14\x2d\
\x74\x2d\xbe\x2e\x10\x2e\x4a\x2e\x64\x2e\x8c\x2e\xaa\x2e\xd2\x2e\
\xec\x2f\x16\x2f\x4c\x2f\x84\x2f\xa8\x2f\xce\x2f\xfe\x30\x32\x30\
\x6c\x30\xa8\x30\xd2\x30\xfe\x31\x30\x31\x62\x31\x8e\x31\xba\x31\
\xdc\x32\x0a\x32\x3e\x32\x5c\x32\x78\x32\x9c\x32\xbe\x32\xe0\x33\
\x00\x33\x34\x33\x82\x33\xba\x33\xd4\x33\xfc\x34\x18\x34\x2a\x34\
\x3c\x34\x4a\x34\x66\x34\x7a\x34\x9e\x34\xba\x34\xda\x34\xee\x35\
\x06\x35\x36\x35\x62\x35\x84\x35\xa2\x35\xd6\x36\x00\x36\x18\x36\
\x44\x36\x8c\x36\x98\x36\xc2\x36\xe2\x37\x16\x37\x42\x37\x64\x37\
\x88\x37\xa8\x37\xe2\x37\xfa\x38\x14\x38\x32\x38\x64\x38\x74\x38\
\x96\x38\xac\x38\xd6\x39\x0c\x39\x24\x39\x50\x39\x6c\x39\x8c\x39\
\xaa\x39\xc2\x39\xe6\x39\xf8\x3a\x18\x3a\x3e\x3a\x50\x3a\x76\x3a\
\xa8\x3a\xc2\x3a\xda\x3a\xf8\x3b\x0e\x3b\x2a\x3b\x4c\x3b\x70\x3b\
\x8e\x3b\xba\x3b\xe8\x3c\x0e\x3c\x40\x3c\x82\x3c\xb0\x3c\xc0\x3c\
\xe0\x3d\x0c\x3d\x2e\x3d\x60\x3d\x78\x3d\xa2\x3d\xba\x3d\xd8\x3d\
\xf6\x3e\x0a\x3e\x2a\x3e\x3c\x3e\x6c\x3e\x92\x3e\xa4\x3e\xc8\x3e\
\xfa\x3f\x12\x3f\x2a\x3f\x46\x3f\x5c\x3f\x78\x3f\x98\x3f\xbc\x3f\
\xd8\x40\x00\x40\x2c\x40\x4e\x40\x82\x40\xcc\x41\x00\x41\x18\x41\
\x42\x41\x72\x41\x8c\x41\xb6\x41\xe0\x42\x10\x42\x36\x42\x5e\x42\
\x7e\x42\x9e\x42\xd2\x42\xe8\x42\xfa\x43\x0a\x43\x32\x43\x5a\x43\
\x82\x43\xaa\x43\xe8\x44\x26\x44\x44\x44\x6e\x44\x7a\x44\x88\x44\
\x96\x44\xa6\x44\xb6\x44\xc4\x44\xda\x44\xf0\x45\x06\x45\x1c\x45\
\x38\x45\x4a\x45\x76\x45\xcc\x45\xde\x45\xf0\x46\x28\x46\x38\x46\
\x58\x46\x74\x46\xa0\x46\xcc\x46\xde\x47\x1a\x47\x46\x47\x66\x47\
\x78\x47\xa0\x47\xd6\x47\xf2\x48\x1c\x48\x48\x48\x58\x48\x92\x48\
\xbe\x48\xfc\x49\x46\x49\x7c\x49\xb8\x49\xf4\x4a\x1e\x4a\x4e\x4a\
\x78\x4a\xb0\x4a\xc8\x4a\xdc\x4a\xf8\x4b\x06\x4b\x16\x4b\x2a\x4b\
\x42\x4b\x82\x4b\xc8\x4c\x02\x4c\x24\x4c\x3e\x4c\x56\x4c\x70\x4c\
\xa4\x4c\xca\x4d\x0a\x4d\x3c\x4d\x70\x4d\x94\x4d\xda\x4e\x12\x4e\
\x20\x4e\x2e\x4e\x40\x4e\x52\x4e\x60\x4e\x80\x4e\xa4\x4e\xb2\x4e\
\xcc\x4e\xf0\x4f\x04\x4f\x18\x4f\x26\x4f\x34\x4f\x54\x4f\x66\x4f\
\x8e\x4f\xc4\x4f\xde\x50\x08\x50\x34\x50\x44\x50\x7e\x50\xaa\x50\
\xca\x50\xdc\x51\x04\x51\x3a\x51\x56\x51\x82\x51\xae\x51\xc0\x51\
\xfc\x52\x28\x52\x40\x52\x5a\x52\x76\x52\xb8\x52\xf8\x53\x3a\x53\
\x50\x53\x66\x53\x78\x53\x86\x53\x98\x53\xc4\x53\xd2\x53\xfe\x54\
\x20\x54\x32\x54\x58\x54\x92\x54\xae\x54\xd8\x55\x04\x55\x16\x55\
\x52\x55\x7a\x55\xb0\x55\xc8\x55\xf4\x56\x1a\x56\x3c\x56\x50\x56\
\x64\x56\x8c\x56\xa2\x56\xae\x56\xc8\x56\xe0\x56\xee\x57\x0e\x57\
\x26\x57\x4c\x57\x6c\x57\x96\x57\xb8\x57\xee\x58\x00\x58\x1e\x58\
\x32\x58\x54\x58\x6e\x58\x82\x58\x96\x58\xb4\x58\xd4\x58\xf8\x59\
\x28\x59\x5e\x59\x7e\x59\xa8\x59\xdc\x5a\x08\x5a\x2a\x5a\x56\x5a\
\x86\x5a\xb6\x5a\xe8\x5b\x28\x5b\x54\x5b\x7c\x5b\xa4\x5b\xc0\x5b\
\xdc\x5b\xfc\x5c\x1c\x5c\x4e\x5c\x6a\x5c\x92\x5c\xb4\x5c\xdc\x5d\
\x0e\x5d\x48\x5d\x7e\x5d\xac\x5d\xc4\x5d\xe4\x5e\x00\x5e\x14\x5e\
\x28\x5e\x48\x5e\x60\x5e\x84\x5e\xae\x5e\xc2\x5e\xdc\x5e\xfc\x5f\
\x20\x5f\x40\x5f\x56\x5f\x6c\x5f\x82\x5f\x9a\x5f\xb6\x5f\xd6\x5f\
\xfa\x60\x2c\x60\x4c\x60\x7a\x60\xa8\x60\xda\x61\x18\x61\x5c\x61\
\x8a\x61\xc4\x61\xf8\x62\x32\x62\x5a\x62\x82\x62\xae\x62\xd6\x63\
\x12\x63\x52\x63\x92\x63\xe0\x64\x1c\x64\x3a\x64\x54\x64\x6e\x64\
\x8c\x64\xb2\x64\xd8\x65\x02\x65\x38\x65\x74\x65\x9a\x65\xcc\x66\
\x06\x66\x32\x66\x64\x66\x8c\x66\xb8\x66\xf6\x67\x1e\x67\x38\x67\
\x56\x67\x86\x67\xa0\x67\xbc\x67\xdc\x67\xfe\x68\x1e\x68\x82\x68\
\xac\x68\xba\x68\xc8\x68\xda\x68\xec\x69\x0c\x69\x30\x69\x3e\x69\
\x58\x69\x7c\x69\x90\x69\xa4\x69\xbe\x69\xf4\x6a\x30\x6a\x62\x6a\
\x86\x6a\xb4\x6a\xd4\x6b\x2c\x6b\x52\x6b\x64\x6b\x90\x6b\xc2\x6b\
\xdc\x6c\x06\x6c\x38\x6c\x50\x6c\x96\x6c\xc8\x6c\xe8\x6d\x02\x6d\
\x1c\x6d\x38\x00\x04\x00\x00\x00\x00\x02\x00\x02\xce\x00\x03\x00\
\x1f\x00\x23\x00\x27\x00\x00\x25\x23\x35\x33\x27\x23\x27\x34\x37\
\x36\x37\x3e\x01\x35\x34\x26\x23\x22\x07\x27\x3e\x01\x33\x32\x16\
\x15\x14\x06\x07\x06\x07\x06\x07\x21\x11\x21\x27\x21\x11\x21\x01\
\x16\x38\x38\x07\x2e\x02\x0d\x0f\x1f\x1f\x13\x2d\x1f\x47\x0b\x32\
\x07\x48\x38\x36\x46\x1a\x25\x25\x06\x06\xdd\x01\x9c\xfe\x64\x32\
\x02\x00\xfe\x00\x75\x43\x32\x11\x38\x19\x1c\x1f\x1d\x22\x14\x24\
\x31\x5f\x08\x45\x44\x48\x3b\x22\x34\x22\x21\x13\x14\xec\x02\x69\
\x33\xfd\x32\x00\x02\x00\x51\xff\xf6\x01\x14\x02\xc4\x00\x03\x00\
\x0e\x00\x00\x25\x23\x11\x33\x13\x14\x06\x23\x22\x26\x34\x36\x33\
\x32\x16\x01\x06\xa8\xa8\x0e\x39\x29\x27\x3a\x39\x28\x29\x39\xed\
\x01\xd7\xfd\x91\x28\x37\x37\x4e\x38\x37\x00\x00\x02\x00\x56\x01\
\xb5\x01\x9b\x02\xc4\x00\x03\x00\x07\x00\x00\x01\x23\x11\x33\x03\
\x23\x11\x33\x01\x9b\x82\x82\xc2\x83\x83\x01\xb5\x01\x0f\xfe\xf1\
\x01\x0f\x00\x00\x02\x00\x2e\x00\x00\x02\x2d\x02\xc4\x00\x1b\x00\
\x1f\x00\x00\x01\x23\x07\x33\x15\x23\x07\x23\x37\x23\x07\x23\x37\
\x23\x35\x33\x37\x23\x35\x33\x37\x33\x07\x33\x37\x33\x07\x33\x07\
\x23\x07\x33\x02\x2d\x63\x0e\x55\x62\x1e\x6e\x1d\x4f\x1d\x6e\x1d\
\x55\x63\x0f\x55\x62\x1d\x6f\x1d\x4e\x1d\x6e\x1c\x54\xd1\x4f\x0d\
\x4e\x01\x94\x64\x68\xc8\xc8\xc8\xc8\x68\x64\x68\xc8\xc8\xc8\xc8\
\x68\x64\x00\x00\x03\x00\x23\xff\xad\x02\x4b\x03\x12\x00\x26\x00\
\x2c\x00\x32\x00\x00\x01\x15\x16\x17\x06\x07\x2e\x01\x27\x15\x1e\
\x03\x15\x14\x06\x07\x15\x23\x35\x2e\x01\x27\x36\x37\x1e\x01\x17\
\x35\x2e\x03\x35\x34\x36\x37\x35\x11\x35\x0e\x01\x15\x14\x17\x15\
\x3e\x01\x35\x34\x01\x68\x86\x5a\x31\x30\x18\x47\x20\x31\x3f\x4c\
\x27\x87\x60\x4a\x44\x83\x30\x47\x22\x1b\x52\x21\x32\x44\x42\x22\
\x89\x56\x1d\x29\x8b\x22\x27\x03\x12\x44\x04\x48\x38\x35\x18\x1d\
\x01\xa0\x0f\x1a\x32\x4c\x33\x67\x71\x03\x49\x49\x02\x2f\x2b\x4a\
\x24\x1d\x27\x01\xaf\x0d\x1d\x2f\x48\x30\x5c\x72\x04\x45\xfe\xaa\
\x91\x03\x25\x1f\x38\xb6\x9e\x01\x2a\x23\x39\x00\x05\x00\x1d\xff\
\xde\x03\x79\x02\xe4\x00\x07\x00\x0f\x00\x19\x00\x21\x00\x25\x00\
\x00\x00\x14\x06\x22\x26\x34\x36\x32\x06\x34\x26\x22\x06\x14\x16\
\x32\x01\x14\x06\x22\x26\x35\x34\x36\x32\x16\x06\x34\x26\x22\x06\
\x14\x16\x32\x25\x01\x27\x01\x03\x79\x6f\x9e\x6f\x6f\x9e\x01\x2e\
\x40\x2e\x2e\x40\xfe\xbe\x6f\x9e\x6f\x6f\x9e\x6f\x70\x2e\x40\x2e\
\x2e\x40\x01\xce\xfe\x5f\x59\x01\x9d\x01\x00\x9e\x6e\x6e\x9e\x6e\
\xdd\x40\x2e\x2e\x40\x2d\x01\xaf\x4e\x6f\x6f\x4e\x4f\x6e\x6e\x6f\
\x40\x2e\x2e\x40\x2d\xf1\xfd\x27\x2c\x02\xda\x00\x03\x00\x2d\xff\
\xf2\x03\x0c\x02\xd7\x00\x16\x00\x20\x00\x28\x00\x00\x21\x23\x27\
\x06\x23\x22\x26\x35\x34\x37\x26\x35\x34\x36\x32\x16\x15\x14\x07\
\x17\x37\x33\x07\x03\x34\x26\x23\x22\x06\x15\x14\x17\x36\x03\x27\
\x06\x15\x14\x16\x33\x32\x03\x0c\xcf\x43\x4e\x81\x69\x95\x94\x49\
\x84\xb2\x7f\x8e\x59\x47\xb6\x99\xc2\x25\x1e\x1d\x27\x35\x52\x01\
\x7d\x4b\x3a\x26\x40\x45\x53\x6d\x66\x83\x41\x47\x53\x59\x5b\x5c\
\x58\x72\x47\x5b\x6d\xcd\x01\x6f\x1c\x25\x25\x1c\x30\x2c\x21\xfe\
\xc6\x82\x1e\x41\x28\x31\x00\x00\x01\x00\x56\x01\xb5\x00\xd8\x02\
\xc4\x00\x03\x00\x00\x13\x23\x11\x33\xd8\x82\x82\x01\xb5\x01\x0f\
\x00\x00\x00\x00\x01\x00\x1d\xff\x5a\x01\x20\x02\xe6\x00\x07\x00\
\x00\x05\x07\x26\x10\x37\x17\x06\x10\x01\x20\x70\x93\x93\x70\x82\
\x6f\x37\xcb\x01\xf6\xcb\x37\xb2\xfe\x46\x00\x00\x01\x00\x36\xff\
\x5a\x01\x39\x02\xe6\x00\x07\x00\x00\x00\x10\x07\x27\x36\x10\x27\
\x37\x01\x39\x93\x70\x82\x82\x70\x02\x1b\xfe\x0a\xcb\x37\xb2\x01\
\xba\xb2\x37\x00\x01\x00\x1c\x01\x34\x01\xcd\x02\xc4\x00\x0e\x00\
\x00\x01\x07\x17\x07\x27\x07\x27\x37\x27\x37\x17\x35\x33\x15\x37\
\x01\xcd\x80\x51\x5a\x51\x4f\x58\x51\x81\x23\x7f\x6e\x7f\x02\x06\
\x28\x6b\x3f\x6d\x69\x3f\x68\x2b\x64\x2c\x82\x82\x28\x00\x00\x00\
\x01\x00\x38\x00\x1f\x02\x63\x02\x3f\x00\x0b\x00\x00\x25\x23\x15\
\x23\x35\x23\x35\x33\x35\x33\x15\x33\x02\x63\xd4\x82\xd5\xd4\x82\
\xd5\xf0\xd1\xd1\x7e\xd1\xd1\x00\x01\x00\x14\xff\x84\x00\xfc\x00\
\xa0\x00\x03\x00\x00\x37\x03\x23\x13\xfc\x61\x87\x4b\xa0\xfe\xe4\
\x01\x1c\x00\x00\x01\x00\x24\x00\xc5\x01\x22\x01\x47\x00\x03\x00\
\x00\x25\x23\x35\x33\x01\x22\xfe\xfe\xc5\x82\x00\x01\x00\x31\xff\
\xf6\x00\xfb\x00\xba\x00\x09\x00\x00\x36\x14\x06\x23\x22\x26\x34\
\x36\x33\x32\xfb\x3b\x29\x2a\x3c\x3c\x2a\x29\x81\x52\x39\x38\x52\
\x3a\x00\x00\x00\x01\xff\xf9\xff\xcc\x01\x9f\x02\xfa\x00\x03\x00\
\x00\x09\x01\x27\x01\x01\x9f\xfe\xcb\x71\x01\x35\x02\xd3\xfc\xf9\
\x25\x03\x09\x00\x02\x00\x2e\xff\xed\x02\x58\x02\xd7\x00\x10\x00\
\x22\x00\x00\x00\x14\x0e\x02\x23\x22\x2e\x01\x35\x34\x3e\x02\x32\
\x1e\x01\x07\x34\x2e\x02\x22\x0e\x02\x14\x1e\x02\x33\x32\x3e\x02\
\x02\x58\x1f\x3f\x6d\x49\x60\x81\x35\x1f\x40\x6e\x92\x6d\x3f\x8d\
\x08\x15\x2c\x3e\x2d\x15\x09\x09\x15\x2c\x20\x1f\x2c\x15\x08\x01\
\xb2\x9c\x84\x69\x3c\x6a\xa3\x6a\x4e\x82\x68\x3b\x3b\x68\xd0\x27\
\x47\x4a\x2d\x2d\x4a\x47\x4e\x48\x4b\x2d\x2d\x4b\x47\x00\x00\x00\
\x01\x00\x40\x00\x00\x01\xc3\x02\xc4\x00\x06\x00\x00\x21\x23\x11\
\x07\x27\x37\x33\x01\xc3\xa8\x84\x57\xe9\x9a\x02\x08\x66\x77\xab\
\x00\x00\x00\x00\x01\x00\x35\x00\x00\x02\x44\x02\xd7\x00\x16\x00\
\x00\x29\x01\x35\x25\x36\x35\x34\x26\x23\x22\x06\x07\x27\x3e\x01\
\x32\x16\x15\x14\x06\x0f\x01\x21\x02\x44\xfe\x00\x01\x14\x3a\x30\
\x28\x29\x36\x05\xa1\x0c\x98\xd4\x96\x3f\x3d\xa4\x01\x21\x8c\xfa\
\x37\x36\x26\x2f\x3b\x30\x16\x69\x7b\x70\x69\x44\x60\x36\x92\x00\
\x01\x00\x20\xff\xed\x02\x47\x02\xd7\x00\x29\x00\x00\x25\x14\x0e\
\x01\x23\x22\x26\x27\x37\x1e\x01\x33\x32\x36\x35\x34\x26\x2b\x01\
\x35\x33\x32\x35\x34\x26\x23\x22\x06\x07\x27\x3e\x01\x33\x32\x16\
\x15\x14\x06\x07\x15\x1e\x01\x02\x47\x51\x76\x44\x67\x9a\x1b\x9c\
\x0a\x40\x2e\x29\x3e\x53\x3d\x2d\x31\x7c\x34\x25\x24\x35\x08\x9c\
\x19\x92\x5d\x66\x93\x42\x35\x3c\x4c\xce\x4a\x69\x2e\x5e\x5e\x29\
\x25\x33\x2c\x2e\x32\x2b\x7b\x54\x24\x2a\x2b\x24\x24\x56\x5e\x68\
\x60\x39\x53\x0e\x03\x0e\x5b\x00\x02\x00\x19\x00\x00\x02\x64\x02\
\xc4\x00\x0a\x00\x0e\x00\x00\x25\x23\x15\x23\x35\x21\x35\x01\x33\
\x11\x33\x23\x11\x23\x03\x02\x64\x61\x9d\xfe\xb3\x01\x20\xc9\x62\
\xfd\x03\xa8\x8a\x8a\x8a\x8d\x01\xad\xfe\x4e\x01\x06\xfe\xfa\x00\
\x01\x00\x28\xff\xed\x02\x46\x02\xc4\x00\x1b\x00\x00\x25\x14\x06\
\x23\x22\x26\x27\x37\x1e\x01\x33\x32\x36\x35\x34\x26\x23\x22\x07\
\x13\x21\x15\x21\x07\x36\x33\x32\x16\x02\x46\xa0\x71\x62\x92\x19\
\x99\x0b\x3f\x28\x2d\x3d\x54\x3d\x57\x56\x11\x01\xb2\xfe\xe3\x06\
\x1d\x2a\x70\x90\xea\x7a\x83\x61\x53\x2f\x26\x2f\x36\x31\x3a\x32\
\x1f\x01\x95\x90\x70\x07\x75\x00\x02\x00\x2b\xff\xed\x02\x59\x02\
\xc4\x00\x0f\x00\x19\x00\x00\x25\x14\x06\x22\x26\x35\x34\x37\x13\
\x33\x0f\x01\x36\x33\x32\x16\x07\x34\x26\x22\x06\x15\x14\x16\x32\
\x36\x02\x59\xa0\xee\xa0\x4f\xab\xcb\xae\x03\x15\x1d\x60\x88\xa8\
\x3d\x62\x3f\x3e\x62\x3e\xee\x75\x8c\x8b\x72\x65\x76\x00\xff\xf2\
\x05\x08\x82\x69\x30\x3f\x3f\x31\x2f\x41\x3f\x00\x01\x00\x3f\x00\
\x00\x02\x41\x02\xc4\x00\x06\x00\x00\x09\x01\x23\x01\x21\x35\x21\
\x02\x41\xfe\xf1\xc3\x01\x1f\xfe\xb1\x02\x02\x02\x3e\xfd\xc2\x02\
\x34\x90\x00\x00\x03\x00\x39\xff\xed\x02\x4d\x02\xd7\x00\x18\x00\
\x22\x00\x2d\x00\x00\x25\x14\x06\x23\x22\x26\x35\x34\x36\x37\x35\
\x2e\x01\x35\x34\x36\x32\x16\x15\x14\x06\x07\x15\x1e\x01\x26\x34\
\x26\x23\x22\x06\x14\x16\x33\x32\x17\x34\x26\x23\x22\x06\x15\x14\
\x16\x32\x36\x02\x4d\x9a\x70\x71\x99\x48\x37\x30\x3c\x8f\xd0\x8f\
\x3b\x31\x37\x48\xb5\x32\x23\x25\x2f\x2e\x26\x24\x3e\x38\x2a\x2b\
\x38\x37\x58\x36\xca\x6a\x73\x72\x6a\x3e\x5a\x11\x02\x12\x4f\x38\
\x5e\x6c\x69\x5e\x39\x52\x10\x03\x0f\x5c\xdb\x44\x2f\x2e\x46\x31\
\xe0\x29\x37\x37\x29\x2a\x34\x33\x00\x00\x00\x00\x02\x00\x2c\x00\
\x00\x02\x5a\x02\xd7\x00\x0f\x00\x1b\x00\x00\x01\x14\x0f\x01\x23\
\x3f\x01\x06\x23\x22\x26\x35\x34\x36\x32\x16\x07\x34\x26\x23\x22\
\x06\x15\x14\x16\x33\x32\x36\x02\x5a\x4f\xab\xcb\xb0\x02\x16\x1c\
\x60\x89\xa0\xee\xa0\xa8\x3d\x31\x32\x3e\x3d\x31\x32\x3e\x01\xda\
\x65\x76\xff\xf4\x03\x08\x82\x65\x75\x8c\x8b\x70\x2f\x42\x40\x32\
\x30\x3f\x3e\x00\x02\x00\x44\xff\xfa\x01\x08\x01\xf8\x00\x0a\x00\
\x15\x00\x00\x00\x14\x06\x23\x22\x26\x35\x34\x36\x33\x32\x12\x14\
\x06\x23\x22\x26\x35\x34\x36\x33\x32\x01\x08\x3a\x27\x28\x3b\x3a\
\x29\x27\x3a\x3a\x27\x28\x3b\x3a\x29\x27\x01\xc1\x4e\x39\x37\x27\
\x28\x38\xfe\x88\x4e\x38\x37\x27\x28\x38\x00\x00\x02\x00\x1e\xff\
\x84\x01\x09\x01\xf9\x00\x0a\x00\x0e\x00\x00\x01\x14\x06\x22\x26\
\x35\x34\x36\x33\x32\x16\x13\x03\x23\x13\x01\x08\x39\x50\x3a\x39\
\x29\x27\x3a\x01\x61\x8a\x4b\x01\x9a\x28\x37\x37\x27\x28\x38\x38\
\xfe\xdf\xfe\xe4\x01\x1c\x00\x00\x01\x00\x4f\x00\x25\x02\x4b\x02\
\x38\x00\x06\x00\x00\x2d\x01\x35\x25\x15\x0d\x01\x02\x4b\xfe\x04\
\x01\xfc\xfe\xce\x01\x32\x25\xd6\x67\xd6\x88\x83\x7f\x00\x00\x00\
\x02\x00\x44\x00\x96\x02\x56\x01\xca\x00\x03\x00\x07\x00\x00\x01\
\x21\x35\x21\x11\x21\x35\x21\x02\x56\xfd\xee\x02\x12\xfd\xee\x02\
\x12\x01\x4f\x7b\xfe\xcc\x7b\x00\x01\x00\x4f\x00\x25\x02\x4b\x02\
\x38\x00\x06\x00\x00\x25\x05\x35\x2d\x01\x35\x05\x02\x4b\xfe\x04\
\x01\x32\xfe\xce\x01\xfc\xfb\xd6\x89\x7f\x83\x88\xd6\x00\x00\x00\
\x02\x00\x28\xff\xf6\x02\x0f\x02\xd7\x00\x1b\x00\x25\x00\x00\x01\
\x14\x06\x07\x0e\x01\x1d\x01\x23\x35\x34\x36\x3f\x01\x36\x35\x34\
\x26\x23\x22\x06\x07\x27\x3e\x01\x33\x32\x16\x03\x14\x06\x23\x22\
\x26\x34\x36\x32\x16\x02\x0f\x34\x3c\x21\x15\x9c\x24\x2b\x21\x29\
\x27\x22\x27\x2d\x02\x9f\x0b\x8b\x65\x62\x8a\x92\x38\x29\x28\x3a\
\x3a\x50\x39\x02\x0f\x3d\x4b\x2e\x1a\x24\x1f\x1a\x26\x31\x3f\x26\
\x1f\x24\x23\x20\x26\x36\x27\x11\x69\x70\x66\xfd\xe4\x28\x37\x37\
\x4e\x38\x37\x00\x02\x00\x1d\xff\xee\x03\x06\x02\xd6\x00\x35\x00\
\x3f\x00\x00\x01\x14\x06\x23\x22\x26\x27\x23\x0e\x01\x23\x22\x26\
\x35\x34\x36\x33\x32\x16\x17\x33\x37\x33\x07\x06\x15\x14\x33\x32\
\x36\x35\x34\x26\x23\x22\x06\x15\x14\x16\x33\x32\x37\x17\x06\x23\
\x22\x26\x35\x34\x36\x33\x32\x1e\x01\x05\x34\x23\x22\x06\x15\x14\
\x33\x32\x36\x03\x06\x73\x5a\x27\x34\x04\x04\x0f\x3e\x2a\x43\x4d\
\x6c\x54\x25\x33\x07\x01\x07\x6c\x1f\x0d\x1d\x20\x2d\x8e\x75\x79\
\x99\xa0\x7f\x88\x5e\x3f\x71\xbf\xaa\xd8\xe1\xa0\x61\xa0\x67\xfe\
\xcb\x38\x24\x2f\x37\x28\x2c\x01\x91\x70\x81\x23\x1d\x1a\x26\x5e\
\x4b\x59\x88\x1f\x17\x22\x9d\x3b\x18\x24\x49\x42\x72\x7c\xa0\x7a\
\x7e\x97\x56\x46\x6e\xd0\xa3\x9e\xd7\x47\x97\x7d\x4e\x51\x2f\x46\
\x4c\x00\x00\x00\x02\xff\xf2\x00\x00\x02\xe7\x02\xc4\x00\x07\x00\
\x0a\x00\x00\x21\x23\x27\x21\x07\x23\x01\x33\x13\x27\x07\x02\xe7\
\xbe\x37\xfe\xee\x34\xba\x01\x29\xa6\x02\x58\x5a\x8b\x8b\x02\xc4\
\xfe\x50\xf3\xf3\x00\x00\x00\x00\x03\x00\x49\x00\x00\x02\x71\x02\
\xc4\x00\x13\x00\x1b\x00\x22\x00\x00\x25\x14\x0e\x02\x23\x21\x11\
\x21\x32\x1e\x02\x15\x14\x06\x07\x15\x1e\x01\x27\x34\x2b\x01\x15\
\x33\x32\x36\x17\x34\x2b\x01\x15\x33\x32\x02\x71\x2d\x4f\x5d\x35\
\xfe\xe6\x01\x1a\x2d\x4f\x4a\x2b\x3e\x36\x40\x51\xc2\x6d\x54\x5c\
\x30\x35\x17\x79\x5f\x60\x78\xce\x37\x53\x2e\x16\x02\xc4\x11\x27\
\x4b\x33\x39\x4e\x12\x02\x0b\x57\xe6\x45\x92\x28\xf4\x4e\xa2\x00\
\x01\x00\x28\xff\xed\x02\xb8\x02\xd7\x00\x17\x00\x00\x25\x06\x23\
\x22\x26\x35\x34\x36\x33\x32\x16\x17\x07\x2e\x01\x23\x22\x06\x15\
\x14\x16\x33\x32\x37\x02\xb8\x65\xae\xa5\xd8\xdb\xa5\x4d\x91\x2b\
\x74\x17\x4d\x2b\x59\x73\x70\x59\x63\x33\x62\x75\xd1\xa5\xa7\xcd\
\x37\x31\x74\x20\x21\x7b\x5e\x60\x79\x48\x00\x00\x02\x00\x49\x00\
\x00\x02\xde\x02\xc4\x00\x0d\x00\x18\x00\x00\x01\x14\x0e\x02\x23\
\x21\x11\x21\x32\x1e\x03\x07\x34\x2e\x02\x2b\x01\x11\x33\x32\x36\
\x02\xde\x44\x73\x8a\x4c\xfe\xf8\x01\x00\x3f\x71\x6a\x4d\x2e\xb2\
\x26\x43\x4f\x2f\x55\x51\x67\x84\x01\x64\x5a\x8c\x54\x2a\x02\xc4\
\x15\x34\x4e\x7b\x4e\x39\x53\x2e\x14\xfe\x62\x62\x00\x00\x00\x00\
\x01\x00\x49\x00\x00\x02\x37\x02\xc4\x00\x0b\x00\x00\x29\x01\x11\
\x21\x15\x21\x15\x21\x15\x21\x15\x21\x02\x37\xfe\x12\x01\xdc\xfe\
\xc9\x01\x26\xfe\xda\x01\x49\x02\xc4\x91\x85\x89\x93\x00\x00\x00\
\x01\x00\x49\x00\x00\x02\x1b\x02\xc4\x00\x09\x00\x00\x01\x21\x15\
\x21\x15\x21\x11\x23\x11\x21\x02\x1b\xfe\xd7\x01\x12\xfe\xee\xa9\
\x01\xd2\x02\x32\x92\x8d\xfe\xed\x02\xc4\x00\x00\x01\x00\x28\xff\
\xee\x02\xbe\x02\xd7\x00\x1a\x00\x00\x25\x06\x23\x22\x26\x35\x34\
\x36\x33\x32\x16\x17\x07\x26\x23\x22\x06\x15\x14\x16\x33\x32\x37\
\x35\x23\x35\x21\x02\xbe\x75\x9c\xab\xda\xdb\xa5\x52\x92\x2d\x6c\
\x39\x66\x5a\x76\x72\x66\x3f\x2c\x87\x01\x24\x2b\x3d\xcf\xa6\xa7\
\xcd\x33\x2b\x7b\x42\x7e\x5f\x64\x7b\x13\x81\x8a\x00\x00\x00\x00\
\x01\x00\x49\x00\x00\x02\xb3\x02\xc4\x00\x0b\x00\x00\x21\x23\x11\
\x21\x11\x23\x11\x33\x11\x21\x11\x33\x02\xb3\xab\xfe\xec\xab\xab\
\x01\x14\xab\x01\x28\xfe\xd8\x02\xc4\xfe\xf4\x01\x0c\x00\x00\x00\
\x01\x00\x49\x00\x00\x00\xf5\x02\xc4\x00\x03\x00\x00\x33\x23\x11\
\x33\xf5\xac\xac\x02\xc4\x00\x00\x01\xff\xfd\xff\xed\x01\xcc\x02\
\xc4\x00\x12\x00\x00\x25\x14\x0e\x03\x23\x22\x26\x27\x37\x1e\x01\
\x33\x32\x36\x35\x11\x33\x01\xcc\x0b\x1f\x32\x55\x38\x57\x7b\x14\
\x97\x07\x25\x1b\x27\x1e\xac\xf2\x25\x43\x48\x34\x21\x5c\x4a\x33\
\x1c\x22\x36\x33\x01\xd3\x00\x00\x01\x00\x49\x00\x00\x02\xd9\x02\
\xc4\x00\x0c\x00\x00\x21\x23\x01\x23\x11\x23\x11\x33\x11\x33\x13\
\x33\x01\x02\xd9\xdf\xfe\xf9\x02\xa8\xa8\x03\xfd\xd6\xfe\xcf\x01\
\x46\xfe\xba\x02\xc4\xfe\xe0\x01\x20\xfe\xba\x00\x01\x00\x49\x00\
\x00\x02\x07\x02\xc4\x00\x05\x00\x00\x29\x01\x11\x33\x11\x21\x02\
\x07\xfe\x42\xac\x01\x12\x02\xc4\xfd\xd1\x00\x00\x01\x00\x49\x00\
\x00\x03\x72\x02\xc4\x00\x0f\x00\x00\x21\x23\x13\x23\x03\x23\x03\
\x23\x13\x23\x11\x33\x13\x33\x13\x33\x03\x72\xa7\x04\x03\xb8\x78\
\xb3\x03\x04\xa1\xf3\xa1\x04\x9a\xf7\x01\xf5\xfe\x0b\x01\xf5\xfe\
\x0b\x02\xc4\xfe\x3a\x01\xc6\x00\x01\x00\x49\x00\x00\x02\xcd\x02\
\xc4\x00\x0b\x00\x00\x21\x23\x01\x23\x13\x23\x11\x33\x01\x33\x03\
\x33\x02\xcd\xc2\xfe\xe3\x03\x04\xa6\xc3\x01\x1c\x03\x04\xa6\x01\
\xcf\xfe\x31\x02\xc4\xfe\x32\x01\xce\x00\x00\x00\x02\x00\x28\xff\
\xed\x03\x2b\x02\xd7\x00\x0b\x00\x15\x00\x00\x01\x14\x06\x23\x22\
\x26\x35\x34\x36\x33\x32\x16\x07\x34\x26\x22\x06\x15\x14\x16\x32\
\x36\x03\x2b\xda\xa8\xa7\xda\xd9\xa8\xa9\xd9\xb7\x72\xb2\x71\x71\
\xb2\x72\x01\x65\xa7\xd1\xd1\xa7\xa8\xca\xca\xa8\x5e\x7a\x7a\x5e\
\x60\x7c\x7c\x00\x02\x00\x49\x00\x00\x02\x62\x02\xc4\x00\x0b\x00\
\x12\x00\x00\x01\x14\x0e\x01\x2b\x01\x11\x23\x11\x21\x32\x16\x07\
\x34\x2b\x01\x15\x33\x32\x02\x62\x51\x79\x4f\x55\xab\x01\x04\x7e\
\x97\xab\x78\x4b\x48\x7b\x01\xea\x4e\x68\x29\xfe\xf5\x02\xc4\x67\
\x74\x51\xa7\x00\x02\x00\x24\x00\x00\x03\x4d\x02\xd7\x00\x0e\x00\
\x1a\x00\x00\x29\x01\x22\x26\x35\x34\x36\x20\x16\x15\x14\x06\x07\
\x15\x37\x27\x34\x26\x23\x22\x06\x15\x14\x16\x33\x32\x36\x03\x4d\
\xfe\x51\xac\xce\xda\x01\x4c\xd7\x3e\x2b\x95\xe1\x70\x58\x56\x72\
\x6f\x58\x57\x72\xc0\xab\xa0\xcc\xca\x9f\x4b\x7a\x21\x03\x03\xe1\
\x5d\x76\x77\x5c\x5f\x78\x78\x00\x02\x00\x49\x00\x00\x02\x8c\x02\
\xc4\x00\x0f\x00\x16\x00\x00\x21\x23\x03\x23\x11\x23\x11\x21\x32\
\x1e\x02\x15\x14\x06\x07\x27\x34\x2b\x01\x15\x33\x32\x02\x8c\xc8\
\x99\x3a\xa8\x01\x0e\x36\x5c\x50\x2d\x4e\x45\x16\x72\x5b\x51\x7c\
\x01\x19\xfe\xe7\x02\xc4\x16\x30\x56\x3a\x46\x64\x15\xbc\x4f\xa5\
\x00\x00\x00\x00\x01\x00\x0f\xff\xee\x02\x2c\x02\xd6\x00\x31\x00\
\x00\x01\x07\x2e\x01\x23\x22\x06\x15\x14\x1e\x02\x17\x1e\x04\x15\
\x14\x06\x23\x22\x26\x27\x37\x1e\x01\x33\x32\x36\x35\x34\x2e\x03\
\x27\x2e\x03\x35\x34\x3e\x02\x33\x32\x16\x02\x2c\x6d\x15\x47\x22\
\x28\x3b\x0e\x21\x20\x1e\x27\x2c\x45\x26\x1e\x9d\x72\x4d\x8e\x2e\
\x70\x1a\x55\x2a\x2b\x37\x0f\x12\x2e\x20\x24\x27\x38\x38\x1e\x30\
\x50\x5f\x33\x3e\x7d\x02\x7f\x73\x1b\x22\x21\x26\x11\x19\x13\x0d\
\x09\x0d\x10\x25\x28\x43\x28\x73\x79\x36\x30\x72\x21\x2a\x25\x28\
\x10\x19\x11\x14\x0b\x0c\x0d\x1c\x2e\x46\x2e\x38\x59\x33\x1a\x2d\
\x00\x00\x00\x00\x01\x00\x05\x00\x00\x02\x40\x02\xc4\x00\x07\x00\
\x00\x01\x23\x11\x23\x11\x23\x35\x21\x02\x40\xc8\xab\xc8\x02\x3b\
\x02\x32\xfd\xce\x02\x32\x92\x00\x01\x00\x42\xff\xed\x02\xa1\x02\
\xc4\x00\x10\x00\x00\x01\x14\x06\x20\x26\x35\x11\x33\x11\x14\x16\
\x33\x32\x36\x35\x11\x33\x02\xa1\xa7\xfe\xec\xa4\xaa\x42\x43\x44\
\x41\xab\x01\x0b\x80\x9e\x9d\x81\x01\xb9\xfe\x55\x3f\x53\x53\x3f\
\x01\xab\x00\x00\x01\xff\xf1\x00\x00\x02\xb9\x02\xc4\x00\x07\x00\
\x00\x09\x01\x23\x01\x33\x13\x33\x13\x02\xb9\xfe\xef\xab\xfe\xf4\
\xc0\xa4\x04\xa3\x02\xc4\xfd\x3c\x02\xc4\xfe\x0a\x01\xf6\x00\x00\
\x01\x00\x00\x00\x00\x04\x01\x02\xc4\x00\x0f\x00\x00\x01\x03\x23\
\x03\x23\x03\x23\x03\x33\x13\x33\x13\x33\x13\x33\x13\x04\x01\xca\
\xa9\x8c\x03\x8c\xaa\xc9\xb8\x70\x03\x7e\xb2\x7f\x03\x72\x02\xc4\
\xfd\x3c\x01\xdf\xfe\x21\x02\xc4\xfe\x29\x01\xd7\xfe\x29\x01\xd7\
\x00\x00\x00\x00\x01\xff\xf8\x00\x00\x02\xc7\x02\xc4\x00\x0b\x00\
\x00\x21\x23\x27\x07\x23\x13\x03\x33\x17\x37\x33\x03\x02\xc7\xd3\
\x9b\x95\xcc\xf8\xe4\xce\x84\x82\xc7\xe0\xfa\xfa\x01\x76\x01\x4e\
\xdc\xdc\xfe\xb2\x00\x00\x00\x00\x01\xff\xec\x00\x00\x02\xb1\x02\
\xc4\x00\x08\x00\x00\x09\x01\x11\x23\x11\x01\x33\x1b\x01\x02\xb1\
\xfe\xf0\xab\xfe\xf6\xcf\x97\x97\x02\xc4\xfe\x68\xfe\xd4\x01\x2c\
\x01\x98\xfe\xfa\x01\x06\x00\x00\x01\x00\x27\x00\x00\x02\x55\x02\
\xc4\x00\x09\x00\x00\x29\x01\x35\x01\x21\x35\x21\x15\x01\x21\x02\
\x55\xfd\xd2\x01\x51\xfe\xb7\x02\x1f\xfe\xa7\x01\x60\x94\x01\x9f\
\x91\x89\xfe\x59\x00\x00\x00\x00\x01\x00\x35\xff\x64\x01\x0d\x02\
\xdc\x00\x07\x00\x00\x05\x23\x11\x33\x15\x23\x11\x33\x01\x0d\xd8\
\xd8\x59\x59\x9c\x03\x78\x66\xfd\x54\x00\x00\x00\x01\x00\x01\xff\
\xcc\x01\xa6\x02\xfa\x00\x03\x00\x00\x05\x07\x01\x37\x01\xa6\x71\
\xfe\xcc\x71\x0f\x25\x03\x07\x27\x00\x00\x00\x00\x01\x00\x49\xff\
\x64\x01\x21\x02\xdc\x00\x07\x00\x00\x05\x23\x35\x33\x11\x23\x35\
\x33\x01\x21\xd8\x59\x59\xd8\x9c\x66\x02\xac\x66\x00\x00\x00\x00\
\x01\x00\x49\x01\x57\x02\x68\x02\xc4\x00\x06\x00\x00\x01\x23\x27\
\x07\x23\x13\x33\x02\x68\x94\x7c\x7b\x94\xd5\x76\x01\x57\xd5\xd5\
\x01\x6d\x00\x00\x01\x00\x00\xff\x5c\x01\xf4\xff\xb5\x00\x03\x00\
\x00\x05\x21\x35\x21\x01\xf4\xfe\x0c\x01\xf4\xa4\x59\x00\x00\x00\
\x01\xff\xd9\x02\x3c\x00\xe7\x02\xcc\x00\x03\x00\x00\x13\x23\x27\
\x33\xe7\x7c\x92\xa6\x02\x3c\x90\x00\x00\x00\x00\x02\x00\x21\xff\
\xf4\x01\xfc\x02\x02\x00\x09\x00\x22\x00\x00\x25\x35\x23\x22\x15\
\x14\x16\x33\x32\x36\x2f\x01\x36\x33\x32\x16\x1d\x01\x23\x35\x23\
\x0e\x01\x23\x22\x2e\x01\x35\x34\x21\x35\x34\x26\x23\x22\x01\x66\
\x15\x99\x2a\x1d\x31\x36\xda\x53\x59\x85\x7b\x6a\x96\x03\x12\x4e\
\x2d\x2c\x4d\x3c\x01\x40\x32\x28\x44\xc8\x11\x44\x1a\x19\x37\xbc\
\x59\x54\x7d\x8a\xfb\x35\x1e\x23\x1b\x4a\x37\xa8\x08\x23\x25\x00\
\x02\x00\x42\xff\xf2\x02\x6b\x02\xf4\x00\x11\x00\x1d\x00\x00\x25\
\x14\x06\x23\x22\x26\x27\x23\x15\x23\x11\x33\x11\x33\x36\x33\x32\
\x16\x07\x34\x26\x23\x22\x06\x15\x14\x16\x33\x32\x36\x02\x6b\x81\
\x6c\x32\x59\x18\x02\x97\xa4\x02\x39\x5f\x69\x82\x9e\x3f\x37\x35\
\x43\x43\x35\x37\x3f\xfb\x6e\x9b\x2a\x25\x41\x02\xf4\xfe\xc9\x43\
\x99\x6c\x34\x4b\x4e\x32\x33\x4d\x4c\x00\x00\x00\x01\x00\x27\xff\
\xf0\x01\xf6\x02\x02\x00\x16\x00\x00\x01\x07\x2e\x01\x23\x22\x06\
\x14\x16\x33\x32\x37\x17\x06\x23\x22\x26\x35\x34\x36\x33\x32\x16\
\x01\xf6\x5f\x0d\x31\x19\x33\x40\x40\x35\x3a\x1f\x5b\x42\x76\x79\
\x9e\x9f\x77\x35\x67\x01\xbf\x6e\x12\x16\x4b\x6a\x4a\x25\x6f\x40\
\x90\x79\x77\x92\x25\x00\x00\x00\x02\x00\x27\xff\xf2\x02\x50\x02\
\xf4\x00\x11\x00\x1d\x00\x00\x21\x23\x35\x23\x0e\x01\x23\x22\x26\
\x35\x34\x36\x33\x32\x17\x33\x11\x33\x03\x34\x26\x23\x22\x06\x15\
\x14\x16\x33\x32\x36\x02\x50\x97\x02\x18\x59\x32\x6c\x81\x82\x69\
\x5f\x39\x02\xa4\x9d\x43\x35\x37\x3f\x3f\x37\x35\x43\x41\x25\x2a\
\x9b\x6e\x6c\x99\x43\x01\x37\xfe\x06\x32\x4e\x4b\x34\x35\x4c\x4d\
\x00\x00\x00\x00\x02\x00\x27\xff\xf0\x02\x2e\x02\x02\x00\x06\x00\
\x1a\x00\x00\x13\x33\x34\x26\x23\x22\x06\x05\x14\x07\x21\x1e\x01\
\x33\x32\x37\x17\x06\x23\x22\x26\x35\x34\x36\x33\x32\x16\xc4\xd3\
\x33\x2f\x2e\x40\x01\x67\x01\xfe\x97\x04\x46\x2d\x48\x26\x72\x49\
\x99\x75\x9d\x99\x74\x70\x8a\x01\x32\x29\x36\x38\x66\x1b\x0c\x28\
\x36\x34\x48\x6a\x8d\x7a\x78\x93\x91\x00\x00\x00\x01\x00\x00\x00\
\x00\x01\x80\x03\x07\x00\x13\x00\x00\x01\x07\x26\x23\x22\x1d\x01\
\x33\x15\x23\x11\x23\x11\x23\x35\x33\x35\x34\x33\x32\x01\x80\x0b\
\x15\x18\x49\x6f\x6f\xa4\x5b\x5b\xd6\x30\x02\xfd\x82\x07\x5e\x32\
\x7b\xfe\x89\x01\x77\x7b\x30\xe5\x00\x00\x00\x00\x02\x00\x27\xff\
\x10\x02\x50\x02\x00\x00\x1a\x00\x24\x00\x00\x25\x14\x06\x23\x22\
\x26\x27\x37\x16\x33\x32\x36\x3d\x01\x23\x06\x23\x22\x26\x34\x36\
\x33\x32\x17\x33\x35\x33\x02\x34\x26\x22\x06\x15\x14\x16\x33\x32\
\x02\x50\x9c\x89\x43\x8c\x31\x52\x48\x5d\x46\x47\x03\x33\x64\x6d\
\x81\x81\x6c\x6b\x34\x02\x9b\x9c\x43\x6c\x3f\x40\x35\x37\x2f\x8e\
\x91\x29\x25\x75\x3f\x4b\x40\x1e\x42\x94\xd8\x99\x4e\x40\xfe\xd5\
\x6a\x49\x48\x36\x34\x4b\x00\x00\x01\x00\x42\x00\x00\x02\x2d\x02\
\xf4\x00\x13\x00\x00\x21\x23\x11\x34\x23\x22\x06\x15\x11\x23\x11\
\x33\x11\x33\x3e\x01\x33\x32\x16\x15\x02\x2d\xa5\x49\x29\x30\xa4\
\xa4\x02\x12\x4c\x31\x5e\x58\x01\x0e\x69\x3c\x2e\xfe\xf3\x02\xf4\
\xfe\xbf\x20\x2d\x77\x55\x00\x00\x02\x00\x36\x00\x00\x00\xf2\x02\
\xeb\x00\x09\x00\x0d\x00\x00\x13\x14\x06\x22\x26\x35\x34\x36\x32\
\x16\x03\x23\x11\x33\xf2\x37\x4e\x37\x37\x4e\x37\x0c\xa4\xa4\x02\
\x91\x26\x34\x35\x25\x24\x36\x35\xfd\x4a\x01\xf2\x00\x00\x00\x00\
\x02\xff\xdb\xff\x10\x00\xf5\x02\xeb\x00\x09\x00\x19\x00\x00\x13\
\x14\x06\x22\x26\x35\x34\x36\x32\x16\x03\x14\x0e\x02\x23\x22\x27\
\x37\x16\x33\x32\x36\x35\x11\x33\xf5\x37\x4e\x37\x37\x4e\x37\x0c\
\x12\x2a\x51\x3a\x2a\x1d\x0b\x0f\x14\x22\x1a\xa4\x02\x91\x26\x34\
\x35\x25\x24\x36\x35\xfd\x3d\x32\x4c\x42\x23\x08\x89\x05\x2d\x2a\
\x01\xff\x00\x00\x01\x00\x41\x00\x00\x02\x57\x02\xf4\x00\x0c\x00\
\x00\x01\x13\x23\x27\x23\x15\x23\x11\x33\x11\x33\x37\x33\x01\x8f\
\xc8\xcb\xa3\x03\xa5\xa5\x03\x9f\xc7\x01\x11\xfe\xef\xef\xef\x02\
\xf4\xfe\x34\xca\x00\x00\x00\x00\x01\x00\x42\x00\x00\x00\xe8\x02\
\xf4\x00\x03\x00\x00\x33\x23\x11\x33\xe8\xa6\xa6\x02\xf4\x00\x00\
\x01\x00\x40\x00\x00\x03\x60\x02\x00\x00\x20\x00\x00\x21\x23\x11\
\x34\x23\x22\x06\x15\x11\x23\x11\x34\x23\x22\x06\x15\x11\x23\x11\
\x33\x15\x33\x3e\x01\x33\x32\x17\x36\x33\x32\x1e\x01\x15\x03\x60\
\xa4\x47\x28\x2b\xa4\x47\x26\x2c\xa5\x9f\x02\x13\x4e\x34\x6a\x2c\
\x36\x69\x40\x55\x20\x01\x10\x69\x3f\x2d\xfe\xf3\x01\x1c\x5d\x3d\
\x2e\xfe\xf2\x01\xf2\x45\x23\x30\x55\x55\x41\x58\x33\x00\x00\x00\
\x01\x00\x40\x00\x00\x02\x2c\x02\x00\x00\x13\x00\x00\x21\x23\x11\
\x34\x23\x22\x06\x15\x11\x23\x11\x33\x15\x33\x3e\x01\x33\x32\x16\
\x15\x02\x2c\xa5\x4a\x2a\x2e\xa5\x9f\x02\x12\x51\x32\x5d\x59\x01\
\x10\x69\x3e\x2d\xfe\xf2\x01\xf2\x45\x23\x30\x77\x55\x00\x00\x00\
\x02\x00\x27\xff\xf0\x02\x50\x02\x02\x00\x09\x00\x12\x00\x00\x00\
\x14\x06\x23\x22\x26\x34\x36\x33\x32\x13\x34\x26\x22\x06\x14\x16\
\x32\x36\x02\x50\xa0\x75\x74\xa0\xa0\x74\x75\x02\x40\x6e\x3e\x3f\
\x6e\x3f\x01\x72\xee\x94\x94\xee\x90\xfe\xf9\x33\x4c\x4b\x68\x4d\
\x4d\x00\x00\x00\x02\x00\x40\xff\x10\x02\x6a\x02\x00\x00\x12\x00\
\x1e\x00\x00\x25\x14\x06\x23\x22\x26\x27\x23\x11\x23\x11\x33\x15\
\x33\x3e\x01\x33\x32\x16\x07\x34\x26\x23\x22\x06\x15\x14\x16\x33\
\x32\x36\x02\x6a\x81\x6c\x2e\x52\x17\x02\xa4\x9c\x03\x18\x53\x34\
\x69\x83\x9f\x3e\x37\x35\x43\x43\x35\x37\x3e\xfb\x6e\x9b\x25\x20\
\xfe\xd9\x02\xe2\x3d\x21\x2a\x99\x6c\x34\x4b\x4e\x32\x33\x4d\x4c\
\x00\x00\x00\x00\x02\x00\x27\xff\x10\x02\x50\x02\x00\x00\x12\x00\
\x1e\x00\x00\x05\x23\x11\x23\x0e\x01\x23\x22\x26\x35\x34\x36\x33\
\x32\x16\x17\x33\x35\x33\x07\x34\x26\x23\x22\x06\x15\x14\x16\x33\
\x32\x36\x02\x50\xa3\x02\x18\x51\x2e\x6d\x80\x82\x69\x34\x54\x18\
\x03\x9b\x9d\x43\x35\x37\x3f\x3f\x37\x35\x43\xf0\x01\x27\x20\x25\
\x9b\x6e\x6c\x99\x2a\x21\x3d\xf8\x32\x4e\x4b\x34\x35\x4c\x4d\x00\
\x01\x00\x40\x00\x00\x01\x8a\x02\x00\x00\x10\x00\x00\x01\x07\x26\
\x23\x22\x06\x15\x11\x23\x11\x33\x15\x33\x3e\x01\x33\x32\x01\x8a\
\x07\x13\x17\x3b\x3a\xa4\x9e\x02\x13\x48\x2c\x18\x01\xfc\x90\x05\
\x49\x28\xff\x00\x01\xf2\x48\x27\x2f\x00\x00\x00\x01\x00\x0b\xff\
\xf0\x01\xbf\x02\x02\x00\x1e\x00\x00\x01\x07\x26\x23\x22\x06\x14\
\x16\x17\x16\x15\x14\x06\x23\x22\x26\x27\x37\x16\x33\x32\x36\x34\
\x26\x27\x26\x35\x34\x36\x33\x32\x01\xbf\x5a\x2f\x39\x1a\x24\x26\
\x35\x9f\x7d\x58\x3e\x75\x26\x5c\x33\x47\x18\x23\x2b\x38\x91\x7e\
\x51\x7d\x01\xbc\x5d\x2d\x14\x28\x12\x0c\x24\x74\x57\x53\x28\x25\
\x61\x38\x15\x2c\x16\x0d\x22\x6f\x52\x55\x00\x00\x01\x00\x02\xff\
\xf4\x01\x67\x02\x75\x00\x15\x00\x00\x01\x23\x15\x14\x16\x33\x32\
\x37\x17\x06\x23\x22\x26\x3d\x01\x23\x35\x33\x35\x33\x15\x33\x01\
\x67\x75\x1c\x22\x1d\x13\x02\x29\x36\x5f\x52\x50\x4f\xa1\x75\x01\
\x77\xbe\x24\x22\x08\x78\x0f\x5c\x55\xd2\x7b\x83\x83\x00\x00\x00\
\x01\x00\x3b\xff\xf2\x02\x26\x01\xf2\x00\x13\x00\x00\x21\x23\x35\
\x23\x0e\x01\x23\x22\x26\x35\x11\x33\x11\x14\x33\x32\x36\x35\x11\
\x33\x02\x26\x9e\x02\x12\x52\x32\x5d\x58\xa5\x4a\x29\x2f\xa4\x45\
\x23\x30\x77\x55\x01\x34\xfe\xf2\x6a\x3e\x2d\x01\x0d\x00\x00\x00\
\x01\xff\xff\x00\x00\x02\x38\x01\xf2\x00\x07\x00\x00\x01\x03\x23\
\x03\x33\x13\x33\x13\x02\x38\xc4\xb1\xc4\xb5\x69\x03\x69\x01\xf2\
\xfe\x0e\x01\xf2\xfe\xbd\x01\x43\x00\x00\x00\x00\x01\x00\x00\x00\
\x00\x03\x67\x01\xf2\x00\x0f\x00\x00\x01\x03\x23\x03\x23\x03\x23\
\x03\x33\x13\x33\x13\x33\x13\x33\x13\x03\x67\xad\xa5\x62\x02\x60\
\xa5\xac\xb1\x56\x03\x59\xa5\x5c\x02\x57\x01\xf2\xfe\x0e\x01\x36\
\xfe\xca\x01\xf2\xfe\xc5\x01\x3b\xfe\xc5\x01\x3b\x00\x00\x00\x00\
\x01\xff\xfd\x00\x00\x02\x55\x01\xf2\x00\x0b\x00\x00\x21\x23\x27\
\x07\x23\x13\x27\x33\x17\x37\x33\x07\x02\x55\xc1\x6b\x6e\xbe\xc7\
\xb4\xbf\x5d\x5e\xb9\xb3\x99\x99\x01\x05\xed\x85\x85\xed\x00\x00\
\x01\xff\xff\xff\x10\x02\x38\x01\xf2\x00\x12\x00\x00\x01\x03\x0e\
\x01\x23\x22\x27\x37\x16\x33\x32\x36\x3f\x01\x03\x33\x13\x33\x13\
\x02\x38\xdf\x20\x62\x59\x2e\x2c\x12\x1d\x18\x24\x23\x0d\x10\xd0\
\xb6\x6f\x03\x63\x01\xf2\xfd\xc3\x54\x51\x0b\x8a\x09\x1f\x24\x29\
\x01\xea\xfe\xc0\x01\x40\x00\x00\x01\x00\x22\x00\x00\x01\xde\x01\
\xf2\x00\x09\x00\x00\x29\x01\x35\x37\x23\x35\x21\x15\x07\x33\x01\
\xde\xfe\x44\xea\xe1\x01\xa9\xf1\xfb\x80\xf4\x7e\x7b\xf8\x00\x00\
\x01\x00\x06\xff\x64\x01\x24\x02\xdc\x00\x1f\x00\x00\x05\x23\x22\
\x26\x3d\x01\x34\x23\x35\x32\x3d\x01\x34\x36\x3b\x01\x15\x23\x22\
\x1d\x01\x14\x06\x07\x15\x1e\x01\x1d\x01\x14\x3b\x01\x01\x24\x52\
\x3e\x4b\x43\x43\x4b\x3e\x52\x2f\x2e\x3d\x20\x21\x3c\x2e\x2f\x9c\
\x51\x43\xa7\x4a\x6e\x46\xab\x43\x51\x69\x3c\xa7\x34\x37\x04\x02\
\x03\x36\x3a\xa3\x3c\x00\x00\x00\x01\x00\x37\xff\x06\x00\xba\x02\
\xee\x00\x03\x00\x00\x17\x23\x03\x33\xba\x82\x01\x83\xfa\x03\xe8\
\x00\x00\x00\x00\x01\x00\x32\xff\x64\x01\x50\x02\xdc\x00\x1f\x00\
\x00\x25\x22\x1d\x01\x14\x06\x2b\x01\x35\x33\x32\x3d\x01\x34\x36\
\x37\x35\x2e\x01\x3d\x01\x34\x2b\x01\x35\x33\x32\x16\x1d\x01\x14\
\x33\x01\x50\x43\x4b\x3e\x52\x2f\x2e\x3c\x21\x20\x3d\x2e\x2f\x52\
\x3e\x4b\x43\xe9\x4a\xa7\x43\x51\x69\x3c\xa3\x3a\x36\x03\x02\x04\
\x37\x34\xa7\x3c\x69\x51\x43\xab\x46\x00\x00\x00\x01\x00\x55\x00\
\xb9\x02\x51\x01\x8a\x00\x14\x00\x00\x01\x15\x0e\x01\x23\x22\x27\
\x26\x23\x22\x07\x27\x36\x33\x32\x17\x16\x33\x32\x36\x37\x02\x51\
\x1b\x40\x30\x34\x3c\x3d\x2e\x32\x22\x42\x33\x56\x3a\x3e\x45\x1e\
\x19\x27\x17\x01\x1f\x02\x2e\x36\x26\x26\x46\x68\x63\x25\x28\x25\
\x22\x00\x00\x00\x02\x00\x51\xff\x38\x01\x14\x02\x06\x00\x0a\x00\
\x0e\x00\x00\x01\x14\x06\x23\x22\x26\x34\x36\x33\x32\x16\x03\x23\
\x11\x33\x01\x14\x39\x29\x28\x39\x3a\x27\x29\x39\x0e\xa8\xa8\x01\
\xa7\x27\x37\x38\x4e\x37\x37\xfd\x69\x01\xd7\x00\x02\x00\x51\xff\
\xb1\x02\x26\x02\x40\x00\x16\x00\x1d\x00\x00\x25\x06\x07\x15\x23\
\x35\x2e\x01\x35\x34\x36\x37\x35\x33\x15\x16\x17\x07\x26\x27\x11\
\x36\x37\x07\x11\x0e\x01\x15\x14\x16\x02\x26\x38\x68\x4c\x69\x80\
\x7f\x6a\x4c\x6a\x35\x53\x1f\x2d\x2e\x21\x9b\x2c\x30\x31\x33\x38\
\x09\x41\x41\x0c\x91\x6b\x6a\x8d\x0f\x40\x40\x07\x38\x68\x21\x06\
\xfe\xf2\x04\x23\x25\x01\x0a\x0a\x49\x32\x30\x49\x00\x00\x00\x00\
\x01\x00\x48\x00\x00\x02\x71\x02\xd7\x00\x1b\x00\x00\x01\x07\x26\
\x23\x22\x06\x1d\x01\x33\x15\x23\x15\x21\x15\x21\x35\x33\x35\x23\
\x35\x33\x35\x34\x3e\x02\x33\x32\x02\x71\x60\x23\x39\x38\x31\x9c\
\x9c\x01\x03\xfd\xf9\x5f\x5f\x5f\x1e\x3b\x68\x43\x7a\x02\x92\x6e\
\x26\x47\x30\x33\x73\xa0\x8d\x8d\xa0\x73\x3d\x2b\x55\x4b\x2f\x00\
\x02\x00\x92\xff\xe9\x03\x23\x02\x79\x00\x1b\x00\x26\x00\x00\x01\
\x16\x15\x14\x07\x17\x07\x27\x06\x23\x22\x27\x07\x27\x37\x26\x35\
\x34\x37\x27\x37\x17\x36\x33\x32\x17\x37\x17\x04\x22\x06\x15\x14\
\x16\x33\x32\x36\x35\x34\x02\xc9\x2a\x2d\x5d\x54\x61\x40\x52\x4e\
\x45\x63\x54\x60\x2a\x27\x5d\x55\x5f\x44\x52\x53\x43\x5c\x55\xfe\
\xf0\x6e\x47\x47\x37\x38\x47\x01\xcb\x41\x55\x5a\x41\x5d\x54\x60\
\x27\x29\x62\x54\x60\x3e\x5a\x53\x40\x5d\x54\x5e\x29\x27\x5c\x54\
\x6c\x4d\x37\x39\x4d\x4d\x39\x36\x00\x00\x00\x00\x01\x00\x0c\x00\
\x00\x02\x7d\x02\xc4\x00\x16\x00\x00\x01\x03\x33\x15\x23\x15\x33\
\x15\x23\x15\x23\x35\x23\x35\x33\x35\x23\x35\x33\x03\x33\x1b\x01\
\x02\x7d\xb3\x7c\xb3\xb3\xb3\x9e\xb2\xb2\xb2\x7f\xb6\xb9\x84\x81\
\x02\xc4\xfe\xdc\x67\x41\x67\x91\x91\x67\x41\x67\x01\x24\xfe\xfc\
\x01\x04\x00\x00\x02\x00\x37\xff\x51\x00\xba\x02\xa3\x00\x03\x00\
\x07\x00\x00\x13\x23\x11\x33\x11\x23\x11\x33\xba\x83\x83\x83\x83\
\x01\x39\x01\x6a\xfc\xae\x01\x6a\x00\x00\x00\x00\x02\x00\x28\xff\
\x6c\x02\x32\x02\xd6\x00\x31\x00\x3e\x00\x00\x01\x14\x06\x07\x16\
\x15\x14\x0e\x02\x23\x22\x26\x27\x37\x1e\x01\x33\x32\x36\x35\x34\
\x26\x27\x2e\x01\x35\x34\x37\x26\x35\x34\x3e\x01\x33\x32\x16\x17\
\x07\x2e\x01\x23\x22\x06\x15\x14\x16\x17\x1e\x01\x07\x34\x26\x2f\
\x01\x06\x15\x14\x1e\x01\x1f\x01\x36\x02\x32\x29\x22\x32\x2c\x49\
\x53\x2c\x4b\x8c\x26\x7a\x15\x4c\x25\x1c\x2d\x35\x4e\x58\x58\x56\
\x35\x4a\x65\x37\x4a\x78\x22\x74\x12\x3a\x1d\x1c\x2b\x35\x40\x59\
\x5f\x94\x28\x26\x56\x29\x1a\x1b\x1b\x5e\x1f\x01\x17\x27\x43\x13\
\x23\x4b\x31\x4d\x2c\x16\x3f\x3a\x57\x24\x25\x1b\x18\x1f\x20\x1b\
\x1e\x48\x44\x59\x31\x27\x4a\x3a\x54\x23\x35\x32\x58\x1b\x21\x19\
\x18\x19\x23\x16\x21\x52\x56\x1b\x21\x10\x23\x11\x24\x13\x1d\x0d\
\x0b\x25\x0e\x00\x02\xff\xd6\x02\x40\x01\x56\x02\xe3\x00\x0a\x00\
\x15\x00\x00\x00\x14\x06\x23\x22\x26\x35\x34\x36\x33\x32\x06\x14\
\x06\x23\x22\x26\x35\x34\x36\x33\x32\x01\x56\x31\x22\x23\x30\x30\
\x23\x22\xa8\x31\x23\x22\x31\x31\x22\x23\x02\xb4\x44\x30\x30\x22\
\x21\x30\x2f\x44\x30\x30\x22\x21\x30\x00\x00\x00\x03\x00\x14\xff\
\xea\x03\x0c\x02\xda\x00\x0b\x00\x17\x00\x2e\x00\x00\x01\x14\x06\
\x23\x22\x26\x35\x34\x36\x33\x32\x16\x07\x34\x26\x23\x22\x06\x15\
\x14\x16\x33\x32\x36\x03\x07\x26\x23\x22\x06\x15\x14\x16\x33\x32\
\x37\x17\x06\x23\x22\x26\x35\x34\x36\x33\x32\x16\x03\x0c\xde\x9d\
\x9e\xdf\xdf\x9e\x9d\xde\x3c\xbb\x84\x85\xbc\xba\x85\x84\xbd\x87\
\x4d\x1f\x3b\x35\x3d\x40\x38\x39\x1f\x48\x3c\x69\x65\x88\x89\x64\
\x32\x59\x01\x61\x9c\xdb\xdb\x9c\x9d\xdc\xdc\x9d\x85\xbc\xbc\x85\
\x84\xbb\xbb\x01\x21\x46\x27\x4b\x33\x34\x4c\x24\x4c\x3f\x7b\x6b\
\x68\x7d\x26\x00\x02\x00\x2d\x01\xa8\x01\x49\x02\xd3\x00\x14\x00\
\x1e\x00\x00\x13\x35\x23\x06\x23\x22\x26\x35\x34\x33\x35\x34\x23\
\x22\x07\x27\x36\x33\x32\x1d\x01\x27\x35\x23\x22\x15\x14\x16\x33\
\x32\x36\xec\x01\x16\x3e\x2b\x3f\xba\x32\x28\x1c\x36\x32\x51\x8b\
\x5f\x0c\x50\x17\x0e\x1a\x1d\x01\xaf\x1b\x22\x2d\x2b\x62\x04\x23\
\x1c\x37\x2f\x80\xa4\x6e\x0c\x23\x0d\x0e\x1c\x00\x02\x00\x19\x00\
\x16\x01\xfd\x01\xe6\x00\x05\x00\x0b\x00\x00\x25\x07\x27\x37\x17\
\x0f\x02\x27\x37\x17\x07\x01\xfd\x61\xa1\xa1\x61\x73\x6e\x62\xa1\
\xa1\x61\x73\x55\x3f\xe8\xe8\x3f\xa9\xa9\x3f\xe8\xe8\x3f\xa9\x00\
\x01\x00\x33\x00\x91\x02\x5e\x01\xc3\x00\x05\x00\x00\x25\x23\x35\
\x21\x35\x21\x02\x5e\x82\xfe\x57\x02\x2b\x91\xb7\x7b\x00\x00\x00\
\x01\x00\x24\x00\xc5\x01\x22\x01\x47\x00\x03\x00\x00\x25\x23\x35\
\x33\x01\x22\xfe\xfe\xc5\x82\x00\x04\x00\x48\x01\x0b\x02\x10\x02\
\xcf\x00\x08\x00\x15\x00\x1f\x00\x2b\x00\x00\x01\x33\x32\x36\x35\
\x34\x26\x2b\x01\x17\x23\x27\x23\x15\x23\x11\x33\x32\x16\x15\x14\
\x07\x04\x34\x36\x33\x32\x16\x14\x06\x23\x22\x27\x14\x16\x33\x32\
\x36\x35\x34\x26\x23\x22\x06\x01\x17\x1a\x0c\x10\x11\x0b\x1a\xa0\
\x64\x2c\x10\x58\x72\x32\x47\x30\xfe\xce\x86\x5f\x5e\x85\x85\x5e\
\x5f\x62\x71\x50\x4f\x70\x70\x4f\x50\x71\x02\x09\x0d\x0a\x08\x0a\
\xc5\x5e\x5e\x01\x0a\x28\x2e\x37\x13\x49\xbc\x85\x85\xbc\x83\xe1\
\x4f\x71\x71\x4f\x50\x70\x70\x00\x01\xff\xee\x02\x59\x01\x3e\x02\
\xaf\x00\x03\x00\x00\x01\x21\x35\x21\x01\x3e\xfe\xb0\x01\x50\x02\
\x59\x56\x00\x00\x02\x00\x28\x01\x86\x01\x78\x02\xd5\x00\x07\x00\
\x11\x00\x00\x00\x14\x06\x22\x26\x34\x36\x32\x17\x34\x26\x22\x06\
\x15\x14\x16\x32\x36\x01\x78\x62\x8c\x62\x61\x8e\x11\x33\x4a\x33\
\x33\x4a\x33\x02\x74\x8c\x62\x62\x8c\x61\xa7\x24\x34\x34\x24\x25\
\x33\x33\x00\x00\x02\x00\x3d\x00\x1f\x02\x68\x02\x4e\x00\x0b\x00\
\x0f\x00\x00\x01\x23\x15\x23\x35\x23\x35\x33\x35\x33\x15\x33\x11\
\x21\x35\x21\x02\x68\xd4\x82\xd5\xd5\x82\xd4\xfd\xd5\x02\x2b\x01\
\x4b\x84\x84\x7f\x84\x84\xfe\x55\x7f\x00\x00\x00\x01\x00\x2d\x01\
\xbd\x01\x76\x03\x7a\x00\x17\x00\x00\x01\x21\x35\x37\x36\x35\x34\
\x26\x23\x22\x06\x07\x27\x3e\x01\x32\x16\x15\x14\x0e\x01\x0f\x01\
\x33\x01\x76\xfe\xc1\xaa\x1d\x18\x15\x16\x1e\x02\x6e\x07\x5f\x86\
\x5d\x18\x1b\x19\x57\xa3\x01\xbd\x5c\x9c\x1a\x1e\x12\x16\x22\x1b\
\x0e\x45\x4f\x44\x42\x1e\x34\x1e\x16\x4d\x00\x00\x01\x00\x27\x01\
\xb4\x01\x7b\x03\x7a\x00\x24\x00\x00\x01\x14\x06\x23\x22\x26\x27\
\x37\x16\x33\x32\x36\x35\x34\x2b\x01\x35\x33\x32\x35\x34\x26\x23\
\x22\x06\x07\x27\x3e\x01\x33\x32\x16\x15\x14\x07\x1e\x01\x01\x7b\
\x62\x42\x3f\x5f\x12\x69\x10\x30\x17\x21\x4e\x21\x24\x41\x1a\x14\
\x12\x1d\x04\x69\x10\x5b\x39\x40\x59\x39\x20\x23\x02\x3d\x43\x46\
\x3c\x3e\x1c\x35\x16\x18\x2f\x54\x2f\x11\x15\x1a\x16\x19\x38\x3e\
\x3e\x3b\x43\x1d\x0b\x35\x00\x00\x01\x00\x45\x02\x3c\x01\x53\x02\
\xcc\x00\x03\x00\x00\x01\x07\x23\x37\x01\x53\x92\x7c\x68\x02\xcc\
\x90\x90\x00\x00\x01\x00\x40\xff\x10\x02\x74\x01\xf2\x00\x1d\x00\
\x00\x25\x17\x06\x23\x22\x27\x23\x0e\x01\x23\x22\x27\x23\x15\x23\
\x11\x33\x11\x14\x33\x32\x36\x35\x11\x33\x11\x14\x16\x33\x32\x02\
\x72\x02\x24\x31\x60\x0f\x02\x0d\x42\x2a\x37\x16\x02\xa6\xa6\x4a\
\x29\x2f\xa6\x12\x14\x0f\x79\x78\x0d\x51\x20\x33\x1b\xfd\x02\xe2\
\xfe\xf4\x6c\x3e\x2f\x01\x0b\xfe\xad\x17\x14\x00\x01\x00\x18\xff\
\x7f\x02\x2b\x02\xc4\x00\x0c\x00\x00\x05\x23\x11\x23\x11\x23\x11\
\x2e\x01\x35\x34\x33\x21\x02\x2b\x74\x55\x74\x62\x74\xf4\x01\x1f\
\x81\x02\xe1\xfd\x1f\x01\xd0\x02\x64\x51\xbe\x00\x01\x00\x31\x00\
\xc1\x00\xfb\x01\x85\x00\x09\x00\x00\x12\x14\x06\x23\x22\x26\x34\
\x36\x33\x32\xfb\x3b\x29\x2a\x3c\x3c\x2a\x29\x01\x4c\x52\x39\x38\
\x52\x3a\x00\x00\x01\x00\x11\xff\x10\x01\x1b\x00\x00\x00\x15\x00\
\x00\x05\x14\x06\x23\x22\x27\x37\x16\x33\x32\x35\x34\x23\x22\x07\
\x27\x37\x33\x07\x36\x33\x32\x01\x1b\x59\x3a\x43\x34\x1b\x28\x2c\
\x32\x2f\x16\x12\x1f\x43\x52\x2f\x07\x0b\x67\x8e\x34\x2e\x19\x3c\
\x13\x21\x1d\x06\x1d\x59\x3c\x01\x00\x00\x00\x00\x01\x00\x2f\x01\
\xbd\x01\x2a\x03\x71\x00\x06\x00\x00\x01\x23\x11\x07\x27\x37\x33\
\x01\x2a\x75\x4a\x3c\x91\x6a\x01\xbd\x01\x32\x3a\x51\x6b\x00\x00\
\x02\x00\x25\x01\xa8\x01\x5c\x02\xd4\x00\x0b\x00\x16\x00\x00\x01\
\x14\x06\x23\x22\x26\x35\x34\x36\x33\x32\x16\x07\x34\x26\x22\x06\
\x15\x14\x16\x33\x32\x36\x01\x5c\x59\x43\x42\x59\x59\x42\x43\x59\
\x5f\x22\x36\x20\x20\x1b\x1c\x21\x02\x3f\x43\x54\x54\x43\x42\x53\
\x53\x42\x1a\x25\x25\x1a\x1b\x25\x25\x00\x00\x00\x02\x00\x22\x00\
\x16\x02\x07\x01\xe6\x00\x05\x00\x0b\x00\x00\x25\x07\x27\x37\x27\
\x37\x0f\x01\x27\x37\x27\x37\x02\x07\xa2\x61\x73\x73\x61\x40\xa1\
\x61\x73\x74\x62\xfd\xe7\x3f\xa8\xaa\x3f\xe9\xe7\x3f\xa8\xaa\x3f\
\x00\x00\x00\x00\x04\x00\x2e\xff\xe2\x03\x72\x02\xe3\x00\x0a\x00\
\x0e\x00\x12\x00\x19\x00\x00\x25\x23\x15\x23\x35\x23\x35\x13\x33\
\x11\x33\x23\x35\x23\x07\x13\x01\x27\x09\x01\x23\x11\x07\x27\x37\
\x33\x03\x72\x3a\x6a\xc8\xaf\x83\x3a\xa4\x01\x58\x48\xfe\x7c\x57\
\x01\x80\xfe\xc7\x75\x4a\x3c\x91\x6a\x53\x53\x53\x5d\x01\x04\xfe\
\xfd\x86\x86\x02\x0a\xfd\x27\x27\x02\xda\xfe\x2d\x01\x32\x3a\x51\
\x6b\x00\x00\x00\x03\x00\x2e\xff\xe2\x03\x7e\x02\xe3\x00\x16\x00\
\x1a\x00\x21\x00\x00\x29\x01\x35\x37\x36\x35\x34\x26\x23\x22\x06\
\x07\x27\x3e\x01\x32\x16\x15\x14\x06\x0f\x01\x33\x03\x01\x27\x09\
\x01\x23\x11\x07\x27\x37\x33\x03\x7e\xfe\xc1\xaa\x1d\x18\x14\x17\
\x1e\x02\x6e\x07\x60\x84\x5e\x27\x25\x57\xa3\xc1\xfe\x7c\x57\x01\
\x80\xfe\xc7\x75\x4a\x3c\x91\x6a\x5c\x9c\x1a\x1d\x12\x17\x21\x1c\
\x0e\x44\x50\x45\x42\x2a\x3b\x21\x4c\x02\x57\xfd\x27\x27\x02\xda\
\xfe\x2d\x01\x32\x3a\x51\x6b\x00\x04\x00\x27\xff\xe2\x03\x72\x02\
\xe3\x00\x0a\x00\x0e\x00\x12\x00\x37\x00\x00\x25\x23\x15\x23\x35\
\x23\x35\x13\x33\x11\x33\x23\x35\x23\x07\x13\x01\x27\x01\x03\x14\
\x06\x23\x22\x26\x27\x37\x16\x33\x32\x36\x35\x34\x2b\x01\x35\x33\
\x32\x35\x34\x26\x23\x22\x06\x07\x27\x3e\x01\x33\x32\x16\x15\x14\
\x07\x1e\x01\x03\x72\x3a\x6a\xc8\xaf\x83\x3a\xa4\x01\x58\x48\xfe\
\x7c\x57\x01\x80\xe7\x62\x42\x3f\x5f\x12\x69\x10\x30\x17\x21\x4e\
\x21\x24\x41\x1a\x14\x12\x1d\x04\x69\x10\x5b\x39\x40\x59\x39\x20\
\x23\x53\x53\x53\x5d\x01\x04\xfe\xfd\x86\x86\x02\x0a\xfd\x27\x27\
\x02\xda\xfe\xb1\x43\x46\x3c\x3e\x1c\x35\x16\x18\x2f\x54\x2e\x11\
\x15\x1a\x16\x19\x38\x3e\x3e\x3b\x43\x1c\x0b\x35\x00\x00\x00\x00\
\x02\x00\x13\xff\x26\x01\xfb\x02\x06\x00\x09\x00\x25\x00\x00\x00\
\x14\x06\x22\x26\x35\x34\x36\x33\x32\x13\x0e\x01\x23\x22\x26\x35\
\x34\x36\x37\x3e\x01\x3d\x01\x33\x15\x14\x06\x0f\x01\x06\x15\x14\
\x16\x33\x32\x36\x37\x01\x69\x3a\x50\x3a\x39\x29\x28\xcc\x0c\x8b\
\x65\x61\x8b\x35\x3c\x20\x16\x9c\x24\x2b\x22\x29\x28\x22\x27\x2d\
\x01\x01\xcf\x4e\x38\x37\x27\x28\x37\xfd\xf8\x69\x6f\x66\x61\x3d\
\x4c\x2e\x19\x24\x1f\x1a\x25\x31\x3f\x27\x1e\x25\x22\x20\x27\x37\
\x27\x00\x00\x00\x03\xff\xf2\x00\x00\x02\xe7\x03\x8c\x00\x07\x00\
\x0a\x00\x0e\x00\x00\x21\x23\x27\x21\x07\x23\x01\x33\x13\x27\x07\
\x13\x23\x27\x33\x02\xe7\xbe\x37\xfe\xee\x34\xba\x01\x29\xa6\x02\
\x58\x5a\xa6\x7c\x92\xa6\x8b\x8b\x02\xc4\xfe\x50\xf3\xf3\x01\xe8\
\x90\x00\x00\x00\x03\xff\xf2\x00\x00\x02\xe7\x03\x8c\x00\x07\x00\
\x0a\x00\x0e\x00\x00\x21\x23\x27\x21\x07\x23\x01\x33\x13\x27\x07\
\x01\x07\x23\x37\x02\xe7\xbe\x37\xfe\xee\x34\xba\x01\x29\xa6\x02\
\x58\x5a\x01\x23\x92\x7c\x68\x8b\x8b\x02\xc4\xfe\x50\xf3\xf3\x02\
\x78\x90\x90\x00\x03\xff\xf2\x00\x00\x02\xe7\x03\x8c\x00\x07\x00\
\x0a\x00\x11\x00\x00\x21\x23\x27\x21\x07\x23\x01\x33\x13\x27\x07\
\x01\x23\x27\x07\x23\x37\x33\x02\xe7\xbe\x37\xfe\xee\x34\xba\x01\
\x29\xa6\x02\x58\x5a\x01\x23\x82\x44\x44\x80\x7c\x94\x8b\x8b\x02\
\xc4\xfe\x50\xf3\xf3\x01\xe8\x51\x51\x90\x00\x00\x03\xff\xf2\x00\
\x00\x02\xe7\x03\x84\x00\x07\x00\x0a\x00\x1c\x00\x00\x21\x23\x27\
\x21\x07\x23\x01\x33\x13\x27\x07\x01\x0e\x01\x23\x22\x27\x26\x23\
\x22\x07\x23\x36\x33\x32\x16\x33\x32\x37\x02\xe7\xbe\x37\xfe\xee\
\x34\xba\x01\x29\xa6\x02\x58\x5a\x01\x16\x07\x37\x33\x24\x2d\x27\
\x18\x1f\x0b\x48\x11\x60\x25\x56\x16\x20\x0a\x8b\x8b\x02\xc4\xfe\
\x50\xf3\xf3\x02\x70\x3a\x4a\x15\x14\x28\x82\x28\x29\x00\x00\x00\
\x04\xff\xf2\x00\x00\x02\xe7\x03\xa3\x00\x07\x00\x0a\x00\x15\x00\
\x20\x00\x00\x21\x23\x27\x21\x07\x23\x01\x33\x13\x27\x07\x00\x14\
\x06\x23\x22\x26\x35\x34\x36\x33\x32\x06\x14\x06\x23\x22\x26\x35\
\x34\x36\x33\x32\x02\xe7\xbe\x37\xfe\xee\x34\xba\x01\x29\xa6\x02\
\x58\x5a\x01\x1d\x31\x22\x23\x30\x30\x23\x22\xa8\x31\x23\x22\x31\
\x31\x22\x23\x8b\x8b\x02\xc4\xfe\x50\xf3\xf3\x02\x60\x44\x30\x30\
\x22\x21\x30\x2f\x44\x30\x30\x22\x21\x30\x00\x00\x04\xff\xf2\x00\
\x00\x02\xe7\x03\xc3\x00\x07\x00\x0a\x00\x16\x00\x1f\x00\x00\x21\
\x23\x27\x21\x07\x23\x01\x33\x13\x27\x07\x13\x14\x06\x23\x22\x26\
\x35\x34\x36\x33\x32\x16\x06\x34\x26\x22\x06\x15\x14\x16\x32\x02\
\xe7\xbe\x37\xfe\xee\x34\xba\x01\x29\xa6\x02\x58\x5a\xcb\x3f\x2e\
\x2d\x40\x3f\x2e\x2d\x40\x32\x22\x32\x22\x22\x32\x8b\x8b\x02\xc4\
\xfe\x50\xf3\xf3\x02\x44\x2e\x3d\x3d\x2d\x2e\x3e\x3e\x46\x32\x21\
\x22\x19\x18\x21\x00\x00\x00\x00\x02\xff\xfc\x00\x00\x03\xe1\x02\
\xc4\x00\x0f\x00\x13\x00\x00\x29\x01\x35\x23\x07\x23\x01\x21\x15\
\x21\x15\x21\x15\x21\x15\x21\x25\x11\x23\x03\x03\xe1\xfe\x21\xe7\
\x58\xc7\x01\x9e\x02\x35\xfe\xd6\x01\x19\xfe\xe7\x01\x3c\xfe\x21\
\x0a\x99\x99\x99\x02\xc4\x91\x85\x89\x93\x91\x01\x10\xfe\xf0\x00\
\x01\x00\x28\xff\x10\x02\xb8\x02\xd7\x00\x2c\x00\x00\x05\x14\x06\
\x23\x22\x27\x37\x16\x33\x32\x35\x34\x23\x22\x07\x27\x37\x2e\x01\
\x35\x34\x36\x33\x32\x16\x17\x07\x2e\x01\x23\x22\x06\x15\x14\x16\
\x33\x32\x37\x17\x06\x0f\x01\x36\x33\x32\x02\x13\x59\x3a\x43\x34\
\x1b\x28\x2c\x32\x2f\x16\x12\x1f\x37\x8f\xb4\xdb\xa5\x4d\x91\x2b\
\x74\x17\x4d\x2b\x59\x73\x70\x59\x63\x33\x77\x5d\xa1\x20\x07\x0b\
\x67\x8e\x34\x2e\x19\x3c\x13\x21\x1d\x06\x1d\x4a\x12\xca\x96\xa7\
\xcd\x37\x31\x74\x20\x21\x7b\x5e\x60\x79\x48\x70\x6d\x07\x2a\x01\
\x00\x00\x00\x00\x02\x00\x49\x00\x00\x02\x37\x03\x8c\x00\x0b\x00\
\x0f\x00\x00\x29\x01\x11\x21\x15\x21\x15\x21\x15\x21\x15\x21\x03\
\x23\x27\x33\x02\x37\xfe\x12\x01\xdc\xfe\xc9\x01\x26\xfe\xda\x01\
\x49\xa1\x7c\x92\xa6\x02\xc4\x91\x85\x89\x93\x02\x6a\x90\x00\x00\
\x02\x00\x49\x00\x00\x02\x37\x03\x8c\x00\x0b\x00\x0f\x00\x00\x29\
\x01\x11\x21\x15\x21\x15\x21\x15\x21\x15\x21\x03\x07\x23\x37\x02\
\x37\xfe\x12\x01\xdc\xfe\xc9\x01\x26\xfe\xda\x01\x49\x40\x92\x7c\
\x68\x02\xc4\x91\x85\x89\x93\x02\xfa\x90\x90\x00\x02\x00\x49\x00\
\x00\x02\x37\x03\x8c\x00\x0b\x00\x12\x00\x00\x29\x01\x11\x21\x15\
\x21\x15\x21\x15\x21\x15\x21\x03\x23\x27\x07\x23\x37\x33\x02\x37\
\xfe\x12\x01\xdc\xfe\xc9\x01\x26\xfe\xda\x01\x49\x37\x82\x44\x44\
\x80\x7c\x94\x02\xc4\x91\x85\x89\x93\x02\x6a\x51\x51\x90\x00\x00\
\x03\x00\x49\x00\x00\x02\x37\x03\xa3\x00\x0b\x00\x16\x00\x21\x00\
\x00\x29\x01\x11\x21\x15\x21\x15\x21\x15\x21\x15\x21\x02\x14\x06\
\x23\x22\x26\x35\x34\x36\x33\x32\x06\x14\x06\x23\x22\x26\x35\x34\
\x36\x33\x32\x02\x37\xfe\x12\x01\xdc\xfe\xc9\x01\x26\xfe\xda\x01\
\x49\x3c\x31\x22\x23\x30\x30\x23\x22\xa8\x31\x23\x22\x31\x31\x22\
\x23\x02\xc4\x91\x85\x89\x93\x02\xe2\x44\x30\x30\x22\x21\x30\x2f\
\x44\x30\x30\x22\x21\x30\x00\x00\x02\xff\xe7\x00\x00\x00\xf5\x03\
\x8c\x00\x03\x00\x07\x00\x00\x33\x23\x11\x33\x35\x23\x27\x33\xf5\
\xac\xac\x7c\x92\xa6\x02\xc4\x38\x90\x00\x00\x00\x02\x00\x49\x00\
\x00\x01\x57\x03\x8c\x00\x03\x00\x07\x00\x00\x33\x23\x11\x33\x37\
\x07\x23\x37\xf5\xac\xac\x62\x92\x7c\x68\x02\xc4\xc8\x90\x90\x00\
\x02\xff\xd9\x00\x00\x01\x63\x03\x8c\x00\x03\x00\x0a\x00\x00\x33\
\x23\x11\x33\x37\x23\x27\x07\x23\x37\x33\xf5\xac\xac\x6e\x82\x44\
\x44\x80\x7c\x94\x02\xc4\x38\x51\x51\x90\x00\x00\x03\xff\xdf\x00\
\x00\x01\x5f\x03\xa3\x00\x03\x00\x0e\x00\x19\x00\x00\x33\x23\x11\
\x33\x36\x14\x06\x23\x22\x26\x35\x34\x36\x33\x32\x06\x14\x06\x23\
\x22\x26\x35\x34\x36\x33\x32\xf5\xac\xac\x6a\x31\x22\x23\x30\x30\
\x23\x22\xa8\x31\x23\x22\x31\x31\x22\x23\x02\xc4\xb0\x44\x30\x30\
\x22\x21\x30\x2f\x44\x30\x30\x22\x21\x30\x00\x00\x02\x00\x0d\x00\
\x00\x02\xdc\x02\xc4\x00\x10\x00\x1d\x00\x00\x01\x14\x0e\x02\x23\
\x21\x11\x23\x35\x33\x11\x21\x32\x1e\x02\x07\x34\x26\x2b\x01\x15\
\x33\x15\x23\x15\x33\x32\x36\x02\xdc\x44\x70\x86\x48\xfe\xf0\x3d\
\x3d\x01\x11\x4e\x87\x6d\x3f\xaf\x7a\x68\x5a\xb5\xb5\x4a\x6f\x83\
\x01\x64\x58\x8d\x53\x2c\x01\x35\x6b\x01\x24\x28\x52\x8b\x5b\x65\
\x66\x8f\x6b\x9f\x65\x00\x00\x00\x02\x00\x49\x00\x00\x02\xcd\x03\
\x84\x00\x0b\x00\x1d\x00\x00\x21\x23\x01\x23\x13\x23\x11\x33\x01\
\x33\x03\x33\x27\x0e\x01\x23\x22\x27\x26\x23\x22\x07\x23\x36\x33\
\x32\x16\x33\x32\x37\x02\xcd\xc2\xfe\xe3\x03\x04\xa6\xc3\x01\x1c\
\x03\x04\xa6\x85\x07\x37\x33\x23\x2e\x27\x18\x1f\x0b\x48\x11\x60\
\x25\x56\x16\x20\x0a\x01\xcf\xfe\x31\x02\xc4\xfe\x32\x01\xce\xc0\
\x3a\x4a\x15\x14\x28\x82\x28\x29\x00\x00\x00\x00\x03\x00\x28\xff\
\xed\x03\x2b\x03\x8c\x00\x0b\x00\x15\x00\x19\x00\x00\x01\x14\x06\
\x23\x22\x26\x35\x34\x36\x33\x32\x16\x07\x34\x26\x22\x06\x15\x14\
\x16\x32\x36\x03\x23\x27\x33\x03\x2b\xda\xa8\xa7\xda\xd9\xa8\xa9\
\xd9\xb7\x72\xb2\x71\x71\xb2\x72\x65\x7c\x92\xa6\x01\x65\xa7\xd1\
\xd1\xa7\xa8\xca\xca\xa8\x5e\x7a\x7a\x5e\x60\x7c\x7c\x01\xf7\x90\
\x00\x00\x00\x00\x03\x00\x28\xff\xed\x03\x2b\x03\x8c\x00\x0b\x00\
\x15\x00\x19\x00\x00\x01\x14\x06\x23\x22\x26\x35\x34\x36\x33\x32\
\x16\x07\x34\x26\x22\x06\x15\x14\x16\x32\x36\x03\x07\x23\x37\x03\
\x2b\xda\xa8\xa7\xda\xd9\xa8\xa9\xd9\xb7\x72\xb2\x71\x71\xb2\x72\
\x17\x92\x7c\x68\x01\x65\xa7\xd1\xd1\xa7\xa8\xca\xca\xa8\x5e\x7a\
\x7a\x5e\x60\x7c\x7c\x02\x87\x90\x90\x00\x00\x00\x03\x00\x28\xff\
\xed\x03\x2b\x03\x8c\x00\x0b\x00\x15\x00\x1c\x00\x00\x01\x14\x06\
\x23\x22\x26\x35\x34\x36\x33\x32\x16\x07\x34\x26\x22\x06\x15\x14\
\x16\x32\x36\x03\x23\x27\x07\x23\x37\x33\x03\x2b\xda\xa8\xa7\xda\
\xd9\xa8\xa9\xd9\xb7\x72\xb2\x71\x71\xb2\x72\x05\x82\x44\x44\x80\
\x7c\x94\x01\x65\xa7\xd1\xd1\xa7\xa8\xca\xca\xa8\x5e\x7a\x7a\x5e\
\x60\x7c\x7c\x01\xf7\x51\x51\x90\x00\x00\x00\x00\x03\x00\x28\xff\
\xed\x03\x2b\x03\x84\x00\x0b\x00\x15\x00\x27\x00\x00\x01\x14\x06\
\x23\x22\x26\x35\x34\x36\x33\x32\x16\x07\x34\x26\x22\x06\x15\x14\
\x16\x32\x36\x03\x0e\x01\x23\x22\x27\x26\x23\x22\x07\x23\x36\x33\
\x32\x16\x33\x32\x37\x03\x2b\xda\xa8\xa7\xda\xd9\xa8\xa9\xd9\xb7\
\x72\xb2\x71\x71\xb2\x72\x10\x07\x37\x33\x23\x2e\x27\x18\x1f\x0b\
\x48\x11\x60\x25\x56\x16\x20\x0a\x01\x65\xa7\xd1\xd1\xa7\xa8\xca\
\xca\xa8\x5e\x7a\x7a\x5e\x60\x7c\x7c\x02\x7f\x3a\x4a\x15\x14\x28\
\x82\x28\x29\x00\x04\x00\x28\xff\xed\x03\x2b\x03\xa3\x00\x0b\x00\
\x15\x00\x20\x00\x2b\x00\x00\x01\x14\x06\x23\x22\x26\x35\x34\x36\
\x33\x32\x16\x07\x34\x26\x22\x06\x15\x14\x16\x32\x36\x02\x14\x06\
\x23\x22\x26\x35\x34\x36\x33\x32\x06\x14\x06\x23\x22\x26\x35\x34\
\x36\x33\x32\x03\x2b\xda\xa8\xa7\xda\xd9\xa8\xa9\xd9\xb7\x72\xb2\
\x71\x71\xb2\x72\x0a\x31\x22\x23\x30\x30\x23\x22\xa8\x31\x23\x22\
\x31\x31\x22\x23\x01\x65\xa7\xd1\xd1\xa7\xa8\xca\xca\xa8\x5e\x7a\
\x7a\x5e\x60\x7c\x7c\x02\x6f\x44\x30\x30\x22\x21\x30\x2f\x44\x30\
\x30\x22\x21\x30\x00\x00\x00\x00\x01\x00\x3f\x00\x25\x02\x5c\x02\
\x36\x00\x0b\x00\x00\x25\x07\x27\x07\x27\x37\x27\x37\x17\x37\x17\
\x07\x02\x5c\x5e\xb1\xb0\x5d\xb1\xb2\x5e\xb1\xae\x5b\xae\x82\x5d\
\xad\xad\x59\xaf\xae\x5b\xad\xac\x57\xad\x00\x00\x03\x00\x27\xff\
\xd4\x03\x2b\x02\xfd\x00\x19\x00\x21\x00\x29\x00\x00\x13\x34\x36\
\x33\x32\x17\x3e\x01\x37\x17\x0e\x01\x07\x16\x15\x14\x06\x07\x23\
\x22\x27\x07\x26\x27\x37\x26\x25\x34\x27\x01\x16\x33\x32\x36\x25\
\x14\x17\x01\x26\x23\x22\x06\x28\xd9\xa8\x7e\x5d\x0e\x3b\x0e\x43\
\x11\x3b\x0a\x63\xdb\xa8\x05\x87\x59\x59\x30\x13\x59\x58\x02\x53\
\x26\xfe\xdc\x2e\x49\x5f\x74\xfe\x5b\x1f\x01\x22\x2c\x42\x60\x73\
\x01\x64\xa8\xca\x3a\x10\x41\x10\x3b\x11\x41\x0b\x65\x9c\xa6\xcf\
\x01\x45\x5f\x29\x10\x61\x5e\x98\x50\x32\xfe\xc2\x25\x80\x60\x49\
\x2f\x01\x3b\x1d\x80\x00\x00\x00\x02\x00\x42\xff\xed\x02\xa1\x03\
\x8c\x00\x10\x00\x14\x00\x00\x01\x14\x06\x20\x26\x35\x11\x33\x11\
\x14\x16\x33\x32\x36\x35\x11\x33\x27\x23\x27\x33\x02\xa1\xa7\xfe\
\xec\xa4\xaa\x42\x43\x44\x41\xab\xcb\x7c\x92\xa6\x01\x0b\x80\x9e\
\x9d\x81\x01\xb9\xfe\x55\x3f\x53\x53\x3f\x01\xab\x38\x90\x00\x00\
\x02\x00\x42\xff\xed\x02\xa1\x03\x8c\x00\x10\x00\x14\x00\x00\x01\
\x14\x06\x20\x26\x35\x11\x33\x11\x14\x16\x33\x32\x36\x35\x11\x33\
\x27\x07\x23\x37\x02\xa1\xa7\xfe\xec\xa4\xaa\x42\x43\x44\x41\xab\
\x82\x92\x7c\x68\x01\x0b\x80\x9e\x9d\x81\x01\xb9\xfe\x55\x3f\x53\
\x53\x3f\x01\xab\xc8\x90\x90\x00\x02\x00\x42\xff\xed\x02\xa1\x03\
\x8c\x00\x10\x00\x17\x00\x00\x01\x14\x06\x20\x26\x35\x11\x33\x11\
\x14\x16\x33\x32\x36\x35\x11\x33\x27\x23\x27\x07\x23\x37\x33\x02\
\xa1\xa7\xfe\xec\xa4\xaa\x42\x43\x44\x41\xab\x6a\x82\x44\x44\x80\
\x7c\x94\x01\x0b\x80\x9e\x9d\x81\x01\xb9\xfe\x55\x3f\x53\x53\x3f\
\x01\xab\x38\x51\x51\x90\x00\x00\x03\x00\x42\xff\xed\x02\xa1\x03\
\xa3\x00\x10\x00\x1b\x00\x26\x00\x00\x01\x14\x06\x20\x26\x35\x11\
\x33\x11\x14\x16\x33\x32\x36\x35\x11\x33\x26\x14\x06\x23\x22\x26\
\x35\x34\x36\x33\x32\x06\x14\x06\x23\x22\x26\x35\x34\x36\x33\x32\
\x02\xa1\xa7\xfe\xec\xa4\xaa\x42\x43\x44\x41\xab\x6f\x31\x22\x23\
\x30\x30\x23\x22\xa8\x31\x23\x22\x31\x31\x22\x23\x01\x0b\x80\x9e\
\x9d\x81\x01\xb9\xfe\x55\x3f\x53\x53\x3f\x01\xab\xb0\x44\x30\x30\
\x22\x21\x30\x2f\x44\x30\x30\x22\x21\x30\x00\x00\x02\xff\xec\x00\
\x00\x02\xb1\x03\x8c\x00\x08\x00\x0c\x00\x00\x09\x01\x11\x23\x11\
\x01\x33\x1b\x01\x37\x07\x23\x37\x02\xb1\xfe\xf0\xab\xfe\xf6\xcf\
\x97\x97\x36\x92\x7c\x68\x02\xc4\xfe\x68\xfe\xd4\x01\x2c\x01\x98\
\xfe\xfa\x01\x06\xc8\x90\x90\x00\x02\x00\x49\x00\x00\x02\x62\x02\
\xc4\x00\x0d\x00\x14\x00\x00\x01\x14\x0e\x01\x2b\x01\x15\x23\x11\
\x33\x15\x33\x32\x16\x07\x34\x2b\x01\x15\x33\x32\x02\x62\x51\x79\
\x4f\x55\xab\xab\x59\x7e\x97\xab\x78\x4b\x48\x7b\x01\x71\x4e\x68\
\x29\x92\x02\xc4\x79\x67\x74\x52\xa8\x00\x00\x00\x01\x00\x40\xff\
\xf3\x02\x75\x03\x00\x00\x2a\x00\x00\x25\x16\x33\x32\x35\x34\x26\
\x2b\x01\x35\x33\x32\x3e\x02\x35\x34\x26\x23\x22\x06\x15\x11\x23\
\x11\x34\x36\x33\x32\x16\x15\x14\x06\x07\x15\x1e\x01\x15\x14\x06\
\x23\x22\x27\x01\x15\x24\x25\x71\x4c\x3b\x15\x16\x0c\x19\x1e\x13\
\x2d\x27\x37\x30\xa4\x8a\x88\x67\x8b\x3b\x2d\x46\x53\x8b\x75\x2f\
\x31\x8c\x0d\x67\x39\x39\x81\x06\x0f\x23\x19\x22\x2f\x4f\x38\xfe\
\x0c\x01\xf5\x78\x93\x6d\x5b\x36\x52\x0e\x01\x0e\x68\x4d\x6d\x7e\
\x0c\x00\x00\x00\x03\x00\x21\xff\xf4\x01\xfc\x02\xcc\x00\x09\x00\
\x22\x00\x26\x00\x00\x25\x35\x23\x22\x15\x14\x16\x33\x32\x36\x2f\
\x01\x36\x33\x32\x16\x1d\x01\x23\x35\x23\x0e\x01\x23\x22\x2e\x01\
\x35\x34\x21\x35\x34\x26\x23\x22\x37\x23\x27\x33\x01\x66\x15\x99\
\x2a\x1d\x31\x36\xda\x53\x59\x85\x7b\x6a\x96\x03\x12\x4e\x2d\x2c\
\x4d\x3c\x01\x40\x32\x28\x44\xbb\x7c\x92\xa6\xc8\x11\x44\x1a\x19\
\x37\xbc\x59\x54\x7d\x8a\xfb\x35\x1e\x23\x1b\x4a\x37\xa8\x08\x23\
\x25\xb4\x90\x00\x03\x00\x21\xff\xf4\x01\xfc\x02\xcc\x00\x09\x00\
\x22\x00\x26\x00\x00\x25\x35\x23\x22\x15\x14\x16\x33\x32\x36\x2f\
\x01\x36\x33\x32\x16\x1d\x01\x23\x35\x23\x0e\x01\x23\x22\x2e\x01\
\x35\x34\x21\x35\x34\x26\x23\x22\x01\x07\x23\x37\x01\x66\x15\x99\
\x2a\x1d\x31\x36\xda\x53\x59\x85\x7b\x6a\x96\x03\x12\x4e\x2d\x2c\
\x4d\x3c\x01\x40\x32\x28\x44\x01\x07\x92\x7c\x68\xc8\x11\x44\x1a\
\x19\x37\xbc\x59\x54\x7d\x8a\xfb\x35\x1e\x23\x1b\x4a\x37\xa8\x08\
\x23\x25\x01\x44\x90\x90\x00\x00\x03\x00\x21\xff\xf4\x01\xfc\x02\
\xcc\x00\x09\x00\x22\x00\x29\x00\x00\x25\x35\x23\x22\x15\x14\x16\
\x33\x32\x36\x2f\x01\x36\x33\x32\x16\x1d\x01\x23\x35\x23\x0e\x01\
\x23\x22\x2e\x01\x35\x34\x21\x35\x34\x26\x23\x22\x25\x23\x27\x07\
\x23\x37\x33\x01\x66\x15\x99\x2a\x1d\x31\x36\xda\x53\x59\x85\x7b\
\x6a\x96\x03\x12\x4e\x2d\x2c\x4d\x3c\x01\x40\x32\x28\x44\x01\x1f\
\x82\x44\x44\x80\x7c\x94\xc8\x11\x44\x1a\x19\x37\xbc\x59\x54\x7d\
\x8a\xfb\x35\x1e\x23\x1b\x4a\x37\xa8\x08\x23\x25\xb4\x51\x51\x90\
\x00\x00\x00\x00\x03\x00\x21\xff\xf4\x01\xfc\x02\xc4\x00\x09\x00\
\x22\x00\x34\x00\x00\x25\x35\x23\x22\x15\x14\x16\x33\x32\x36\x2f\
\x01\x36\x33\x32\x16\x1d\x01\x23\x35\x23\x0e\x01\x23\x22\x2e\x01\
\x35\x34\x21\x35\x34\x26\x23\x22\x01\x0e\x01\x23\x22\x27\x26\x23\
\x22\x07\x23\x36\x33\x32\x16\x33\x32\x37\x01\x66\x15\x99\x2a\x1d\
\x31\x36\xda\x53\x59\x85\x7b\x6a\x96\x03\x12\x4e\x2d\x2c\x4d\x3c\
\x01\x40\x32\x28\x44\x01\x16\x07\x37\x33\x24\x2d\x27\x18\x1f\x0b\
\x48\x11\x60\x25\x56\x16\x20\x0a\xc8\x11\x44\x1a\x19\x37\xbc\x59\
\x54\x7d\x8a\xfb\x35\x1e\x23\x1b\x4a\x37\xa8\x08\x23\x25\x01\x3c\
\x3a\x4a\x15\x14\x28\x82\x28\x29\x00\x00\x00\x00\x04\x00\x21\xff\
\xf4\x01\xfc\x02\xe3\x00\x09\x00\x22\x00\x2d\x00\x38\x00\x00\x25\
\x35\x23\x22\x15\x14\x16\x33\x32\x36\x2f\x01\x36\x33\x32\x16\x1d\
\x01\x23\x35\x23\x0e\x01\x23\x22\x2e\x01\x35\x34\x21\x35\x34\x26\
\x23\x22\x00\x14\x06\x23\x22\x26\x35\x34\x36\x33\x32\x06\x14\x06\
\x23\x22\x26\x35\x34\x36\x33\x32\x01\x66\x15\x99\x2a\x1d\x31\x36\
\xda\x53\x59\x85\x7b\x6a\x96\x03\x12\x4e\x2d\x2c\x4d\x3c\x01\x40\
\x32\x28\x44\x01\x1a\x31\x22\x23\x30\x30\x23\x22\xa8\x31\x23\x22\
\x31\x31\x22\x23\xc8\x11\x44\x1a\x19\x37\xbc\x59\x54\x7d\x8a\xfb\
\x35\x1e\x23\x1b\x4a\x37\xa8\x08\x23\x25\x01\x2c\x44\x30\x30\x22\
\x21\x30\x2f\x44\x30\x30\x22\x21\x30\x00\x00\x00\x04\x00\x21\xff\
\xf4\x01\xfc\x03\x03\x00\x09\x00\x22\x00\x2e\x00\x37\x00\x00\x25\
\x35\x23\x22\x15\x14\x16\x33\x32\x36\x2f\x01\x36\x33\x32\x16\x1d\
\x01\x23\x35\x23\x0e\x01\x23\x22\x2e\x01\x35\x34\x21\x35\x34\x26\
\x23\x22\x13\x14\x06\x23\x22\x26\x35\x34\x36\x33\x32\x16\x06\x34\
\x26\x22\x06\x15\x14\x16\x32\x01\x66\x15\x99\x2a\x1d\x31\x36\xda\
\x53\x59\x85\x7b\x6a\x96\x03\x12\x4e\x2d\x2c\x4d\x3c\x01\x40\x32\
\x28\x44\xc9\x3f\x2e\x2d\x40\x3f\x2e\x2d\x40\x32\x22\x32\x22\x22\
\x32\xc8\x11\x44\x1a\x19\x37\xbc\x59\x54\x7d\x8a\xfb\x35\x1e\x23\
\x1b\x4a\x37\xa8\x08\x23\x25\x01\x10\x2e\x3d\x3d\x2d\x2e\x3e\x3e\
\x46\x32\x21\x22\x19\x18\x21\x00\x03\x00\x21\xff\xf0\x03\x5d\x02\
\x02\x00\x0a\x00\x11\x00\x38\x00\x00\x25\x35\x23\x22\x06\x15\x14\
\x16\x33\x32\x36\x37\x33\x34\x26\x23\x22\x06\x1f\x01\x06\x23\x22\
\x26\x27\x06\x23\x22\x26\x35\x34\x3e\x02\x33\x35\x34\x23\x22\x07\
\x27\x36\x33\x32\x17\x36\x33\x32\x16\x15\x14\x07\x21\x1e\x01\x33\
\x32\x01\x66\x15\x4d\x4c\x2a\x1d\x31\x36\x8c\xd3\x33\x2f\x2e\x40\
\xe2\x71\x48\x9a\x3b\x63\x1d\x35\x95\x4b\x75\x34\x61\x66\x45\x59\
\x45\x37\x52\x57\x86\x6f\x32\x3f\x6c\x6f\x8b\x02\xfe\x98\x04\x45\
\x2d\x4a\xbf\x10\x18\x22\x1a\x19\x32\x9e\x29\x36\x38\xb7\x48\x6a\
\x2f\x2b\x56\x4e\x4e\x32\x43\x20\x0c\x07\x50\x33\x59\x54\x49\x49\
\x92\x7d\x0f\x18\x29\x35\x00\x00\x01\x00\x27\xff\x10\x01\xf6\x02\
\x02\x00\x2b\x00\x00\x05\x14\x06\x23\x22\x27\x37\x16\x33\x32\x35\
\x34\x23\x22\x07\x27\x37\x2e\x01\x35\x34\x36\x33\x32\x16\x17\x07\
\x2e\x01\x23\x22\x06\x14\x16\x33\x32\x37\x17\x06\x0f\x01\x36\x33\
\x32\x01\xae\x59\x3a\x43\x34\x1b\x28\x2c\x32\x2f\x16\x12\x1f\x3a\
\x65\x7d\x9f\x77\x35\x67\x1d\x5f\x0d\x31\x19\x33\x40\x40\x35\x3a\
\x1f\x5b\x39\x65\x23\x07\x0b\x67\x8e\x34\x2e\x19\x3c\x13\x21\x1d\
\x06\x1d\x4d\x0f\x8b\x6b\x77\x92\x25\x1e\x6e\x12\x16\x4b\x6a\x4a\
\x25\x6f\x37\x08\x2d\x01\x00\x00\x03\x00\x27\xff\xf0\x02\x2e\x02\
\xcc\x00\x06\x00\x1a\x00\x1e\x00\x00\x13\x33\x34\x26\x23\x22\x06\
\x05\x14\x07\x21\x1e\x01\x33\x32\x37\x17\x06\x23\x22\x26\x35\x34\
\x36\x33\x32\x16\x27\x23\x27\x33\xc4\xd3\x33\x2f\x2e\x40\x01\x67\
\x01\xfe\x97\x04\x46\x2d\x48\x26\x72\x49\x99\x75\x9d\x99\x74\x70\
\x8a\x9c\x7c\x92\xa6\x01\x32\x29\x36\x38\x66\x1b\x0c\x28\x36\x34\
\x48\x6a\x8d\x7a\x78\x93\x91\xcb\x90\x00\x00\x00\x03\x00\x27\xff\
\xf0\x02\x2e\x02\xcc\x00\x06\x00\x1a\x00\x1e\x00\x00\x13\x33\x34\
\x26\x23\x22\x06\x05\x14\x07\x21\x1e\x01\x33\x32\x37\x17\x06\x23\
\x22\x26\x35\x34\x36\x33\x32\x16\x03\x07\x23\x37\xc4\xd3\x33\x2f\
\x2e\x40\x01\x67\x01\xfe\x97\x04\x46\x2d\x48\x26\x72\x49\x99\x75\
\x9d\x99\x74\x70\x8a\x51\x92\x7c\x68\x01\x32\x29\x36\x38\x66\x1b\
\x0c\x28\x36\x34\x48\x6a\x8d\x7a\x78\x93\x91\x01\x5b\x90\x90\x00\
\x03\x00\x27\xff\xf0\x02\x2e\x02\xcc\x00\x06\x00\x1a\x00\x21\x00\
\x00\x13\x33\x34\x26\x23\x22\x06\x05\x14\x07\x21\x1e\x01\x33\x32\
\x37\x17\x06\x23\x22\x26\x35\x34\x36\x33\x32\x16\x27\x23\x27\x07\
\x23\x37\x33\xc4\xd3\x33\x2f\x2e\x40\x01\x67\x01\xfe\x97\x04\x46\
\x2d\x48\x26\x72\x49\x99\x75\x9d\x99\x74\x70\x8a\x2f\x82\x44\x44\
\x80\x7c\x94\x01\x32\x29\x36\x38\x66\x1b\x0c\x28\x36\x34\x48\x6a\
\x8d\x7a\x78\x93\x91\xcb\x51\x51\x90\x00\x00\x00\x04\x00\x27\xff\
\xf0\x02\x2e\x02\xe3\x00\x06\x00\x1a\x00\x25\x00\x30\x00\x00\x13\
\x33\x34\x26\x23\x22\x06\x05\x14\x07\x21\x1e\x01\x33\x32\x37\x17\
\x06\x23\x22\x26\x35\x34\x36\x33\x32\x16\x02\x14\x06\x23\x22\x26\
\x35\x34\x36\x33\x32\x06\x14\x06\x23\x22\x26\x35\x34\x36\x33\x32\
\xc4\xd3\x33\x2f\x2e\x40\x01\x67\x01\xfe\x97\x04\x46\x2d\x48\x26\
\x72\x49\x99\x75\x9d\x99\x74\x70\x8a\x35\x31\x22\x23\x30\x30\x23\
\x22\xa8\x31\x23\x22\x31\x31\x22\x23\x01\x32\x29\x36\x38\x66\x1b\
\x0c\x28\x36\x34\x48\x6a\x8d\x7a\x78\x93\x91\x01\x43\x44\x30\x30\
\x22\x21\x30\x2f\x44\x30\x30\x22\x21\x30\x00\x00\x02\xff\xd6\x00\
\x00\x00\xe6\x02\xcc\x00\x03\x00\x07\x00\x00\x33\x23\x11\x33\x27\
\x23\x27\x33\xe6\xa4\xa4\x02\x7c\x92\xa6\x01\xf2\x4a\x90\x00\x00\
\x02\x00\x42\x00\x00\x01\x51\x02\xcc\x00\x03\x00\x07\x00\x00\x33\
\x23\x11\x33\x37\x07\x23\x37\xe6\xa4\xa4\x6b\x92\x7c\x68\x01\xf2\
\xda\x90\x90\x00\x02\xff\xd2\x00\x00\x01\x5c\x02\xcc\x00\x03\x00\
\x0a\x00\x00\x33\x23\x11\x33\x37\x23\x27\x07\x23\x37\x33\xe6\xa4\
\xa4\x76\x82\x44\x44\x80\x7c\x94\x01\xf2\x4a\x51\x51\x90\x00\x00\
\x03\xff\xd6\x00\x00\x01\x56\x02\xe3\x00\x03\x00\x0e\x00\x19\x00\
\x00\x33\x23\x11\x33\x36\x14\x06\x23\x22\x26\x35\x34\x36\x33\x32\
\x06\x14\x06\x23\x22\x26\x35\x34\x36\x33\x32\xe6\xa4\xa4\x70\x31\
\x22\x23\x30\x30\x23\x22\xa8\x31\x23\x22\x31\x31\x22\x23\x01\xf2\
\xc2\x44\x30\x30\x22\x21\x30\x2f\x44\x30\x30\x22\x21\x30\x00\x00\
\x02\x00\x27\xff\xf0\x02\x51\x03\x1f\x00\x1a\x00\x24\x00\x00\x01\
\x14\x06\x23\x22\x26\x35\x34\x36\x33\x32\x17\x37\x26\x27\x07\x27\
\x37\x26\x27\x37\x16\x17\x37\x17\x07\x16\x07\x34\x26\x22\x06\x15\
\x14\x16\x32\x36\x02\x51\x98\x7e\x75\x9f\x98\x70\x31\x21\x02\x33\
\x2f\x6c\x50\x6d\x19\x32\x7f\x22\x34\x71\x57\x79\xa6\x9e\x41\x6e\
\x3f\x40\x6e\x40\x01\x1a\x89\xa1\x93\x77\x75\x8f\x19\x01\x4b\x27\
\x30\x46\x2f\x19\x22\x47\x19\x2f\x32\x47\x34\xb4\xe0\x33\x4c\x4c\
\x33\x34\x4c\x4c\x00\x00\x00\x00\x02\x00\x40\x00\x00\x02\x2c\x02\
\xc4\x00\x13\x00\x25\x00\x00\x21\x23\x11\x34\x23\x22\x06\x15\x11\
\x23\x11\x33\x15\x33\x3e\x01\x33\x32\x16\x15\x03\x0e\x01\x23\x22\
\x27\x26\x23\x22\x07\x23\x36\x33\x32\x16\x33\x32\x37\x02\x2c\xa5\
\x4a\x2a\x2e\xa5\x9f\x02\x12\x51\x32\x5d\x59\x3b\x07\x37\x33\x24\
\x2d\x27\x18\x1f\x0b\x48\x11\x60\x25\x56\x16\x20\x0a\x01\x10\x69\
\x3e\x2d\xfe\xf2\x01\xf2\x45\x23\x30\x77\x55\x01\x90\x3a\x4a\x15\
\x14\x28\x82\x28\x29\x00\x00\x00\x03\x00\x27\xff\xf0\x02\x50\x02\
\xcc\x00\x09\x00\x12\x00\x16\x00\x00\x00\x14\x06\x23\x22\x26\x34\
\x36\x33\x32\x13\x34\x26\x22\x06\x14\x16\x32\x36\x03\x23\x27\x33\
\x02\x50\xa0\x75\x74\xa0\xa0\x74\x75\x02\x40\x6e\x3e\x3f\x6e\x3f\
\x25\x7c\x92\xa6\x01\x72\xee\x94\x94\xee\x90\xfe\xf9\x33\x4c\x4b\
\x68\x4d\x4d\x01\x75\x90\x00\x00\x03\x00\x27\xff\xf0\x02\x50\x02\
\xcc\x00\x09\x00\x12\x00\x16\x00\x00\x00\x14\x06\x23\x22\x26\x34\
\x36\x33\x32\x13\x34\x26\x22\x06\x14\x16\x32\x36\x13\x07\x23\x37\
\x02\x50\xa0\x75\x74\xa0\xa0\x74\x75\x02\x40\x6e\x3e\x3f\x6e\x3f\
\x42\x92\x7c\x68\x01\x72\xee\x94\x94\xee\x90\xfe\xf9\x33\x4c\x4b\
\x68\x4d\x4d\x02\x05\x90\x90\x00\x03\x00\x27\xff\xf0\x02\x50\x02\
\xcc\x00\x09\x00\x12\x00\x19\x00\x00\x00\x14\x06\x23\x22\x26\x34\
\x36\x33\x32\x13\x34\x26\x22\x06\x14\x16\x32\x36\x13\x23\x27\x07\
\x23\x37\x33\x02\x50\xa0\x75\x74\xa0\xa0\x74\x75\x02\x40\x6e\x3e\
\x3f\x6e\x3f\x49\x7e\x42\x42\x7d\x79\x90\x01\x72\xee\x94\x94\xee\
\x90\xfe\xf9\x33\x4c\x4b\x68\x4d\x4d\x01\x79\x4f\x4f\x8c\x00\x00\
\x03\x00\x27\xff\xf0\x02\x50\x02\xc4\x00\x09\x00\x12\x00\x24\x00\
\x00\x00\x14\x06\x23\x22\x26\x34\x36\x33\x32\x13\x34\x26\x22\x06\
\x14\x16\x32\x36\x13\x0e\x01\x23\x22\x27\x26\x23\x22\x07\x23\x36\
\x33\x32\x16\x33\x32\x37\x02\x50\xa0\x75\x74\xa0\xa0\x74\x75\x02\
\x40\x6e\x3e\x3f\x6e\x3f\x43\x07\x37\x33\x24\x2d\x27\x18\x1f\x0b\
\x48\x11\x60\x25\x56\x16\x20\x0a\x01\x72\xee\x94\x94\xee\x90\xfe\
\xf9\x33\x4c\x4b\x68\x4d\x4d\x01\xfd\x3a\x4a\x15\x14\x28\x82\x28\
\x29\x00\x00\x00\x04\x00\x27\xff\xf0\x02\x50\x02\xe3\x00\x09\x00\
\x12\x00\x1d\x00\x28\x00\x00\x00\x14\x06\x23\x22\x26\x34\x36\x33\
\x32\x13\x34\x26\x22\x06\x14\x16\x32\x36\x12\x14\x06\x23\x22\x26\
\x35\x34\x36\x33\x32\x06\x14\x06\x23\x22\x26\x35\x34\x36\x33\x32\
\x02\x50\xa0\x75\x74\xa0\xa0\x74\x75\x02\x40\x6e\x3e\x3f\x6e\x3f\
\x49\x31\x22\x23\x30\x30\x23\x22\xa8\x31\x23\x22\x31\x31\x22\x23\
\x01\x72\xee\x94\x94\xee\x90\xfe\xf9\x33\x4c\x4b\x68\x4d\x4d\x01\
\xed\x44\x30\x30\x22\x21\x30\x2f\x44\x30\x30\x22\x21\x30\x00\x00\
\x03\x00\x4f\x00\x20\x02\x4a\x02\x3d\x00\x09\x00\x12\x00\x16\x00\
\x00\x13\x34\x36\x32\x16\x15\x14\x06\x22\x26\x10\x34\x36\x32\x16\
\x15\x14\x06\x22\x25\x21\x35\x21\xf6\x34\x46\x33\x33\x46\x34\x34\
\x46\x33\x33\x46\x01\x20\xfe\x05\x01\xfb\x01\xe9\x22\x32\x32\x22\
\x23\x32\x32\xfe\x8d\x44\x32\x32\x22\x23\x32\xd0\x7f\x00\x00\x00\
\x03\x00\x18\xff\xd5\x02\x5f\x02\x1a\x00\x13\x00\x1b\x00\x23\x00\
\x00\x01\x07\x16\x15\x14\x06\x23\x22\x27\x07\x27\x37\x26\x35\x34\
\x36\x33\x32\x17\x37\x07\x26\x23\x22\x06\x15\x14\x17\x37\x34\x27\
\x07\x16\x33\x32\x36\x02\x5f\x46\x37\xa0\x75\x5d\x40\x4b\x3b\x48\
\x39\x9f\x75\x5e\x42\x48\xaf\x18\x23\x38\x41\x0e\xe6\x0d\xa7\x16\
\x27\x38\x3f\x01\xe0\x45\x40\x61\x76\x94\x2f\x4a\x3a\x47\x41\x63\
\x76\x93\x31\x48\xad\x13\x4d\x35\x25\x14\x33\x24\x16\xa8\x14\x4d\
\x00\x00\x00\x00\x02\x00\x3b\xff\xf2\x02\x26\x02\xcc\x00\x13\x00\
\x17\x00\x00\x21\x23\x35\x23\x0e\x01\x23\x22\x26\x35\x11\x33\x11\
\x14\x33\x32\x36\x35\x11\x33\x27\x23\x27\x33\x02\x26\x9e\x02\x12\
\x52\x32\x5d\x58\xa5\x4a\x29\x2f\xa4\x8e\x7c\x92\xa6\x45\x23\x30\
\x77\x55\x01\x34\xfe\xf2\x6a\x3e\x2d\x01\x0d\x4a\x90\x00\x00\x00\
\x02\x00\x3b\xff\xf2\x02\x26\x02\xcc\x00\x13\x00\x17\x00\x00\x21\
\x23\x35\x23\x0e\x01\x23\x22\x26\x35\x11\x33\x11\x14\x33\x32\x36\
\x35\x11\x33\x27\x07\x23\x37\x02\x26\x9e\x02\x12\x52\x32\x5d\x58\
\xa5\x4a\x29\x2f\xa4\x3d\x92\x7c\x68\x45\x23\x30\x77\x55\x01\x34\
\xfe\xf2\x6a\x3e\x2d\x01\x0d\xda\x90\x90\x00\x00\x02\x00\x3b\xff\
\xf2\x02\x26\x02\xcc\x00\x13\x00\x1a\x00\x00\x21\x23\x35\x23\x0e\
\x01\x23\x22\x26\x35\x11\x33\x11\x14\x33\x32\x36\x35\x11\x33\x27\
\x23\x27\x07\x23\x37\x33\x02\x26\x9e\x02\x12\x52\x32\x5d\x58\xa5\
\x4a\x29\x2f\xa4\x2d\x82\x44\x44\x80\x7c\x94\x45\x23\x30\x77\x55\
\x01\x34\xfe\xf2\x6a\x3e\x2d\x01\x0d\x4a\x51\x51\x90\x00\x00\x00\
\x03\x00\x3b\xff\xf2\x02\x26\x02\xe3\x00\x13\x00\x1e\x00\x29\x00\
\x00\x21\x23\x35\x23\x0e\x01\x23\x22\x26\x35\x11\x33\x11\x14\x33\
\x32\x36\x35\x11\x33\x26\x14\x06\x23\x22\x26\x35\x34\x36\x33\x32\
\x06\x14\x06\x23\x22\x26\x35\x34\x36\x33\x32\x02\x26\x9e\x02\x12\
\x52\x32\x5d\x58\xa5\x4a\x29\x2f\xa4\x33\x31\x22\x23\x30\x30\x23\
\x22\xa8\x31\x23\x22\x31\x31\x22\x23\x45\x23\x30\x77\x55\x01\x34\
\xfe\xf2\x6a\x3e\x2d\x01\x0d\xc2\x44\x30\x30\x22\x21\x30\x2f\x44\
\x30\x30\x22\x21\x30\x00\x00\x00\x02\xff\xff\xff\x10\x02\x38\x02\
\xcc\x00\x12\x00\x16\x00\x00\x01\x03\x0e\x01\x23\x22\x27\x37\x16\
\x33\x32\x36\x3f\x01\x03\x33\x13\x33\x13\x37\x07\x23\x37\x02\x38\
\xdf\x20\x62\x59\x2e\x2c\x12\x1d\x18\x24\x23\x0d\x10\xd0\xb6\x6f\
\x03\x63\x5e\x92\x7c\x68\x01\xf2\xfd\xc3\x54\x51\x0b\x8a\x09\x1f\
\x24\x29\x01\xea\xfe\xc0\x01\x40\xda\x90\x90\x00\x02\x00\x42\xff\
\x10\x02\x6b\x02\xf4\x00\x11\x00\x1d\x00\x00\x25\x14\x06\x23\x22\
\x26\x27\x23\x11\x23\x11\x33\x11\x33\x36\x33\x32\x16\x07\x34\x26\
\x23\x22\x06\x15\x14\x16\x33\x32\x36\x02\x6b\x80\x6d\x2e\x53\x16\
\x02\xa3\xa3\x03\x39\x5f\x69\x82\x9e\x3f\x37\x35\x43\x43\x35\x37\
\x3f\xfb\x6e\x9b\x26\x20\xfe\xd8\x03\xe4\xfe\xc9\x43\x99\x6c\x34\
\x4b\x4e\x32\x33\x4d\x4c\x00\x00\x03\xff\xff\xff\x10\x02\x38\x02\
\xe3\x00\x12\x00\x1d\x00\x28\x00\x00\x01\x03\x0e\x01\x23\x22\x27\
\x37\x16\x33\x32\x36\x3f\x01\x03\x33\x13\x33\x13\x36\x14\x06\x23\
\x22\x26\x35\x34\x36\x33\x32\x06\x14\x06\x23\x22\x26\x35\x34\x36\
\x33\x32\x02\x38\xdf\x20\x62\x59\x2e\x2c\x12\x1d\x18\x24\x23\x0d\
\x10\xd0\xb6\x6f\x03\x63\x5b\x31\x22\x23\x30\x30\x23\x22\xa8\x31\
\x23\x22\x31\x31\x22\x23\x01\xf2\xfd\xc3\x54\x51\x0b\x8a\x09\x1f\
\x24\x29\x01\xea\xfe\xc0\x01\x40\xc2\x44\x30\x30\x22\x21\x30\x2f\
\x44\x30\x30\x22\x21\x30\x00\x00\x03\xff\xf2\x00\x00\x02\xe7\x03\
\x6f\x00\x07\x00\x0a\x00\x0e\x00\x00\x21\x23\x27\x21\x07\x23\x01\
\x33\x13\x27\x07\x01\x21\x35\x21\x02\xe7\xbe\x37\xfe\xee\x34\xba\
\x01\x29\xa6\x02\x58\x5a\x01\x03\xfe\xb0\x01\x50\x8b\x8b\x02\xc4\
\xfe\x50\xf3\xf3\x02\x05\x56\x00\x03\x00\x21\xff\xf4\x01\xfc\x02\
\xaf\x00\x09\x00\x22\x00\x26\x00\x00\x25\x35\x23\x22\x15\x14\x16\
\x33\x32\x36\x2f\x01\x36\x33\x32\x16\x1d\x01\x23\x35\x23\x0e\x01\
\x23\x22\x2e\x01\x35\x34\x21\x35\x34\x26\x23\x22\x25\x21\x35\x21\
\x01\x66\x15\x99\x2a\x1d\x31\x36\xda\x53\x59\x85\x7b\x6a\x96\x03\
\x12\x4e\x2d\x2c\x4d\x3c\x01\x40\x32\x28\x44\x01\x03\xfe\xb0\x01\
\x50\xc8\x11\x44\x1a\x19\x37\xbc\x59\x54\x7d\x8a\xfb\x35\x1e\x23\
\x1b\x4a\x37\xa8\x08\x23\x25\xd1\x56\x00\x00\x00\x03\xff\xf2\x00\
\x00\x02\xe7\x03\x8c\x00\x07\x00\x0a\x00\x17\x00\x00\x21\x23\x27\
\x21\x07\x23\x01\x33\x13\x27\x07\x01\x0e\x01\x23\x22\x26\x27\x33\
\x16\x33\x32\x36\x37\x02\xe7\xbe\x37\xfe\xee\x34\xba\x01\x29\xa6\
\x02\x58\x5a\x01\x08\x06\x5e\x4b\x4a\x5e\x05\x54\x09\x51\x27\x2d\
\x06\x8b\x8b\x02\xc4\xfe\x50\xf3\xf3\x02\x78\x4a\x46\x46\x4a\x37\
\x17\x20\x00\x00\x03\x00\x21\xff\xf4\x01\xfc\x02\xcc\x00\x09\x00\
\x22\x00\x31\x00\x00\x25\x35\x23\x22\x15\x14\x16\x33\x32\x36\x2f\
\x01\x36\x33\x32\x16\x1d\x01\x23\x35\x23\x0e\x01\x23\x22\x2e\x01\
\x35\x34\x21\x35\x34\x26\x23\x22\x01\x0e\x01\x23\x22\x26\x27\x33\
\x16\x17\x16\x33\x32\x36\x37\x01\x66\x15\x99\x2a\x1d\x31\x36\xda\
\x53\x59\x85\x7b\x6a\x96\x03\x12\x4e\x2d\x2c\x4d\x3c\x01\x40\x32\
\x28\x44\x01\x09\x06\x5e\x4b\x4a\x5e\x05\x54\x06\x1a\x17\x23\x27\
\x2d\x06\xc8\x11\x44\x1a\x19\x37\xbc\x59\x54\x7d\x8a\xfb\x35\x1e\
\x23\x1b\x4a\x37\xa8\x08\x23\x25\x01\x44\x4a\x46\x46\x4a\x1d\x0f\
\x0b\x17\x20\x00\x02\xff\xf2\xff\x14\x02\xe7\x02\xc4\x00\x17\x00\
\x1a\x00\x00\x05\x06\x23\x22\x26\x35\x34\x37\x23\x27\x21\x07\x23\
\x01\x33\x01\x23\x06\x15\x14\x16\x33\x32\x37\x03\x27\x07\x02\xa8\
\x36\x3d\x2e\x43\x66\x01\x37\xfe\xee\x34\xba\x01\x29\xa6\x01\x26\
\x61\x5a\x15\x10\x1b\x1c\xc5\x58\x5a\xc4\x28\x2e\x2d\x47\x4a\x8b\
\x8b\x02\xc4\xfd\x3c\x48\x2e\x10\x14\x14\x01\x9a\xf3\xf3\x00\x00\
\x02\x00\x21\xff\x14\x01\xfc\x02\x02\x00\x28\x00\x32\x00\x00\x05\
\x06\x23\x22\x26\x35\x34\x36\x37\x35\x23\x0e\x01\x23\x22\x2e\x01\
\x35\x34\x21\x35\x34\x26\x23\x22\x07\x27\x36\x33\x32\x16\x1d\x01\
\x23\x06\x15\x14\x16\x33\x32\x37\x03\x35\x23\x22\x15\x14\x16\x33\
\x32\x36\x01\xe0\x36\x3d\x2e\x43\x3f\x2b\x03\x12\x4e\x2d\x2c\x4d\
\x3c\x01\x40\x32\x28\x44\x37\x53\x59\x85\x7b\x6a\x3e\x5a\x15\x10\
\x1b\x1c\x5a\x15\x99\x2a\x1d\x31\x36\xc4\x28\x2e\x2d\x28\x4d\x1e\
\x33\x1e\x23\x1b\x4a\x37\xa8\x08\x23\x25\x33\x59\x54\x7d\x8a\xfb\
\x48\x2e\x10\x14\x14\x01\x4e\x11\x44\x1a\x19\x37\x00\x00\x00\x00\
\x02\x00\x28\xff\xed\x02\xb8\x03\x8c\x00\x17\x00\x1b\x00\x00\x25\
\x06\x23\x22\x26\x35\x34\x36\x33\x32\x16\x17\x07\x2e\x01\x23\x22\
\x06\x15\x14\x16\x33\x32\x37\x13\x07\x23\x37\x02\xb8\x65\xae\xa5\
\xd8\xdb\xa5\x4d\x91\x2b\x74\x17\x4d\x2b\x59\x73\x70\x59\x63\x33\
\x16\x92\x7c\x68\x62\x75\xd1\xa5\xa7\xcd\x37\x31\x74\x20\x21\x7b\
\x5e\x60\x79\x48\x02\xba\x90\x90\x00\x00\x00\x00\x02\x00\x27\xff\
\xf0\x01\xf7\x02\xcc\x00\x16\x00\x1a\x00\x00\x01\x07\x2e\x01\x23\
\x22\x06\x14\x16\x33\x32\x37\x17\x06\x23\x22\x26\x35\x34\x36\x33\
\x32\x16\x37\x07\x23\x37\x01\xf6\x5f\x0d\x31\x19\x33\x40\x40\x35\
\x3a\x1f\x5b\x42\x76\x79\x9e\x9f\x77\x35\x67\x1e\x92\x7c\x68\x01\
\xbf\x6e\x12\x16\x4b\x6a\x4a\x25\x6f\x40\x90\x79\x77\x92\x25\xef\
\x90\x90\x00\x00\x02\x00\x28\xff\xed\x02\xb8\x03\x8c\x00\x17\x00\
\x1e\x00\x00\x25\x06\x23\x22\x26\x35\x34\x36\x33\x32\x16\x17\x07\
\x2e\x01\x23\x22\x06\x15\x14\x16\x33\x32\x37\x13\x23\x27\x07\x23\
\x37\x33\x02\xb8\x65\xae\xa5\xd8\xdb\xa5\x4d\x91\x2b\x74\x17\x4d\
\x2b\x59\x73\x70\x59\x63\x33\x30\x82\x44\x44\x80\x7c\x94\x62\x75\
\xd1\xa5\xa7\xcd\x37\x31\x74\x20\x21\x7b\x5e\x60\x79\x48\x02\x2a\
\x51\x51\x90\x00\x02\x00\x27\xff\xf0\x02\x04\x02\xcc\x00\x16\x00\
\x1d\x00\x00\x01\x07\x2e\x01\x23\x22\x06\x14\x16\x33\x32\x37\x17\
\x06\x23\x22\x26\x35\x34\x36\x33\x32\x16\x37\x23\x27\x07\x23\x37\
\x33\x01\xf6\x5f\x0d\x31\x19\x33\x40\x40\x35\x3a\x1f\x5b\x42\x76\
\x79\x9e\x9f\x77\x35\x67\x2b\x82\x44\x44\x80\x7c\x94\x01\xbf\x6e\
\x12\x16\x4b\x6a\x4a\x25\x6f\x40\x90\x79\x77\x92\x25\x5f\x51\x51\
\x90\x00\x00\x00\x02\x00\x28\xff\xed\x02\xb8\x03\xa7\x00\x17\x00\
\x21\x00\x00\x25\x06\x23\x22\x26\x35\x34\x36\x33\x32\x16\x17\x07\
\x2e\x01\x23\x22\x06\x15\x14\x16\x33\x32\x37\x02\x14\x06\x23\x22\
\x26\x34\x36\x33\x32\x02\xb8\x65\xae\xa5\xd8\xdb\xa5\x4d\x91\x2b\
\x74\x17\x4d\x2b\x59\x73\x70\x59\x63\x33\x3e\x34\x26\x25\x34\x34\
\x25\x26\x62\x75\xd1\xa5\xa7\xcd\x37\x31\x74\x20\x21\x7b\x5e\x60\
\x79\x48\x02\xa3\x48\x31\x32\x46\x33\x00\x00\x00\x02\x00\x27\xff\
\xf0\x01\xf6\x02\xe7\x00\x16\x00\x20\x00\x00\x01\x07\x2e\x01\x23\
\x22\x06\x14\x16\x33\x32\x37\x17\x06\x23\x22\x26\x35\x34\x36\x33\
\x32\x16\x26\x14\x06\x23\x22\x26\x34\x36\x33\x32\x01\xf6\x5f\x0d\
\x31\x19\x33\x40\x40\x35\x3a\x1f\x5b\x42\x76\x79\x9e\x9f\x77\x35\
\x67\x3f\x34\x26\x25\x34\x34\x25\x26\x01\xbf\x6e\x12\x16\x4b\x6a\
\x4a\x25\x6f\x40\x90\x79\x77\x92\x25\xd8\x48\x31\x32\x46\x33\x00\
\x02\x00\x28\xff\xed\x02\xb8\x03\x8c\x00\x17\x00\x1e\x00\x00\x25\
\x06\x23\x22\x26\x35\x34\x36\x33\x32\x16\x17\x07\x2e\x01\x23\x22\
\x06\x15\x14\x16\x33\x32\x37\x13\x07\x23\x27\x33\x17\x37\x02\xb8\
\x65\xae\xa5\xd8\xdb\xa5\x4d\x91\x2b\x74\x17\x4d\x2b\x59\x73\x70\
\x59\x63\x33\x2f\x7b\x93\x7c\x82\x44\x44\x62\x75\xd1\xa5\xa7\xcd\
\x37\x31\x74\x20\x21\x7b\x5e\x60\x79\x48\x02\xba\x90\x90\x51\x51\
\x00\x00\x00\x00\x02\x00\x27\xff\xf0\x02\x02\x02\xcc\x00\x16\x00\
\x1d\x00\x00\x01\x07\x2e\x01\x23\x22\x06\x14\x16\x33\x32\x37\x17\
\x06\x23\x22\x26\x35\x34\x36\x33\x32\x16\x37\x07\x23\x27\x33\x17\
\x37\x01\xf6\x5f\x0d\x31\x19\x33\x40\x40\x35\x3a\x1f\x5b\x42\x76\
\x79\x9e\x9f\x77\x35\x67\x29\x7b\x93\x7c\x82\x44\x44\x01\xbf\x6e\
\x12\x16\x4b\x6a\x4a\x25\x6f\x40\x90\x79\x77\x92\x25\xef\x90\x90\
\x51\x51\x00\x00\x03\x00\x49\x00\x00\x02\xde\x03\x8c\x00\x0d\x00\
\x18\x00\x1f\x00\x00\x01\x14\x0e\x02\x23\x21\x11\x21\x32\x1e\x03\
\x07\x34\x2e\x02\x2b\x01\x11\x33\x32\x36\x03\x07\x23\x27\x33\x17\
\x37\x02\xde\x44\x73\x8a\x4c\xfe\xf8\x01\x00\x3f\x71\x6a\x4d\x2e\
\xb2\x26\x43\x4f\x2f\x55\x51\x67\x84\x02\x7b\x93\x7c\x82\x44\x44\
\x01\x64\x5a\x8c\x54\x2a\x02\xc4\x15\x34\x4e\x7b\x4e\x39\x53\x2e\
\x14\xfe\x62\x62\x02\x96\x90\x90\x51\x51\x00\x00\x03\x00\x27\xff\
\xf2\x03\x40\x02\xf4\x00\x11\x00\x1d\x00\x21\x00\x00\x21\x23\x35\
\x23\x0e\x01\x23\x22\x26\x35\x34\x36\x33\x32\x17\x33\x11\x33\x03\
\x34\x26\x23\x22\x06\x15\x14\x16\x33\x32\x36\x01\x07\x23\x37\x02\
\x50\x97\x02\x18\x59\x32\x6c\x81\x82\x69\x5f\x39\x02\xa4\x9d\x43\
\x35\x37\x3f\x3f\x37\x35\x43\x01\x8d\x56\x7e\x43\x41\x25\x2a\x9b\
\x6e\x6c\x99\x43\x01\x37\xfe\x06\x32\x4e\x4b\x34\x35\x4c\x4d\x01\
\xfd\xc3\xc3\x00\x02\x00\x0d\x00\x00\x02\xdc\x02\xc4\x00\x10\x00\
\x1d\x00\x00\x01\x14\x0e\x02\x23\x21\x11\x23\x35\x33\x11\x21\x32\
\x1e\x02\x07\x34\x26\x2b\x01\x15\x33\x15\x23\x15\x33\x32\x36\x02\
\xdc\x44\x70\x86\x48\xfe\xf0\x3d\x3d\x01\x11\x4e\x87\x6d\x3f\xaf\
\x7a\x68\x5a\xb5\xb5\x4a\x6f\x83\x01\x64\x58\x8d\x53\x2c\x01\x35\
\x6b\x01\x24\x28\x52\x8b\x5b\x65\x66\x8f\x6b\x9f\x65\x00\x00\x00\
\x02\x00\x27\xff\xf2\x02\x7e\x02\xf4\x00\x19\x00\x25\x00\x00\x21\
\x23\x35\x23\x0e\x01\x23\x22\x26\x35\x34\x36\x33\x32\x17\x33\x35\
\x23\x35\x33\x35\x33\x15\x33\x15\x23\x03\x34\x26\x23\x22\x06\x15\
\x14\x16\x33\x32\x36\x02\x50\x97\x02\x18\x59\x32\x6c\x81\x82\x69\
\x5f\x39\x02\x95\x95\xa4\x2e\x2e\x9d\x43\x35\x37\x3f\x3f\x37\x35\
\x43\x41\x25\x2a\x9b\x6e\x6c\x99\x43\x7d\x59\x61\x61\x59\xfe\xc0\
\x32\x4e\x4b\x34\x35\x4c\x4d\x00\x02\x00\x49\x00\x00\x02\x37\x03\
\x6f\x00\x0b\x00\x0f\x00\x00\x29\x01\x11\x21\x15\x21\x15\x21\x15\
\x21\x15\x21\x03\x21\x35\x21\x02\x37\xfe\x12\x01\xdc\xfe\xc9\x01\
\x26\xfe\xda\x01\x49\x59\xfe\xb0\x01\x50\x02\xc4\x91\x85\x89\x93\
\x02\x87\x56\x00\x03\x00\x27\xff\xf0\x02\x2e\x02\xaf\x00\x06\x00\
\x1a\x00\x1e\x00\x00\x13\x33\x34\x26\x23\x22\x06\x05\x14\x07\x21\
\x1e\x01\x33\x32\x37\x17\x06\x23\x22\x26\x35\x34\x36\x33\x32\x16\
\x27\x21\x35\x21\xc4\xd3\x33\x2f\x2e\x40\x01\x67\x01\xfe\x97\x04\
\x46\x2d\x48\x26\x72\x49\x99\x75\x9d\x99\x74\x70\x8a\x4e\xfe\xb0\
\x01\x50\x01\x32\x29\x36\x38\x66\x1b\x0c\x28\x36\x34\x48\x6a\x8d\
\x7a\x78\x93\x91\xe8\x56\x00\x00\x02\x00\x49\x00\x00\x02\x37\x03\
\x8c\x00\x0b\x00\x18\x00\x00\x29\x01\x11\x21\x15\x21\x15\x21\x15\
\x21\x15\x21\x03\x0e\x01\x23\x22\x26\x27\x33\x16\x33\x32\x36\x37\
\x02\x37\xfe\x12\x01\xdc\xfe\xc9\x01\x26\xfe\xda\x01\x49\x53\x06\
\x5e\x4b\x4a\x5e\x05\x54\x09\x51\x27\x2d\x06\x02\xc4\x91\x85\x89\
\x93\x02\xfa\x4a\x46\x46\x4a\x37\x17\x20\x00\x00\x03\x00\x27\xff\
\xf0\x02\x2e\x02\xcc\x00\x06\x00\x1a\x00\x29\x00\x00\x13\x33\x34\
\x26\x23\x22\x06\x05\x14\x07\x21\x1e\x01\x33\x32\x37\x17\x06\x23\
\x22\x26\x35\x34\x36\x33\x32\x16\x03\x0e\x01\x23\x22\x26\x27\x33\
\x16\x17\x16\x33\x32\x36\x37\xc4\xd3\x33\x2f\x2e\x40\x01\x67\x01\
\xfe\x97\x04\x46\x2d\x48\x26\x72\x49\x99\x75\x9d\x99\x74\x70\x8a\
\x48\x06\x5e\x4b\x4a\x5e\x05\x54\x06\x1a\x17\x23\x27\x2d\x06\x01\
\x32\x29\x36\x38\x66\x1b\x0c\x28\x36\x34\x48\x6a\x8d\x7a\x78\x93\
\x91\x01\x5b\x4a\x46\x46\x4a\x1d\x0f\x0b\x17\x20\x00\x00\x00\x00\
\x02\x00\x49\x00\x00\x02\x37\x03\xa7\x00\x0b\x00\x15\x00\x00\x29\
\x01\x11\x21\x15\x21\x15\x21\x15\x21\x15\x21\x02\x14\x06\x23\x22\
\x26\x34\x36\x33\x32\x02\x37\xfe\x12\x01\xdc\xfe\xc9\x01\x26\xfe\
\xda\x01\x49\xa7\x34\x26\x25\x34\x34\x25\x26\x02\xc4\x91\x85\x89\
\x93\x02\xe3\x48\x31\x32\x46\x33\x00\x00\x00\x00\x03\x00\x27\xff\
\xf0\x02\x2e\x02\xe7\x00\x06\x00\x1a\x00\x24\x00\x00\x13\x33\x34\
\x26\x23\x22\x06\x05\x14\x07\x21\x1e\x01\x33\x32\x37\x17\x06\x23\
\x22\x26\x35\x34\x36\x33\x32\x16\x02\x14\x06\x23\x22\x26\x34\x36\
\x33\x32\xc4\xd3\x33\x2f\x2e\x40\x01\x67\x01\xfe\x97\x04\x46\x2d\
\x48\x26\x72\x49\x99\x75\x9d\x99\x74\x70\x8a\x9d\x34\x26\x25\x34\
\x34\x25\x26\x01\x32\x29\x36\x38\x66\x1b\x0c\x28\x36\x34\x48\x6a\
\x8d\x7a\x78\x93\x91\x01\x44\x48\x31\x32\x46\x33\x00\x00\x00\x00\
\x01\x00\x49\xff\x14\x02\x48\x02\xc4\x00\x1b\x00\x00\x05\x06\x23\
\x22\x26\x35\x34\x37\x21\x11\x21\x15\x21\x15\x21\x15\x21\x15\x21\
\x15\x23\x06\x15\x14\x16\x33\x32\x37\x02\x48\x36\x3d\x2e\x43\x66\
\xfe\x7f\x01\xdc\xfe\xc9\x01\x26\xfe\xda\x01\x49\x11\x5a\x15\x10\
\x1b\x1c\xc4\x28\x2e\x2d\x47\x4a\x02\xc4\x91\x85\x89\x93\x92\x48\
\x2e\x10\x14\x14\x00\x00\x00\x00\x02\x00\x27\xff\x14\x02\x2e\x02\
\x02\x00\x22\x00\x29\x00\x00\x05\x06\x23\x22\x26\x35\x34\x37\x2e\
\x01\x35\x34\x36\x33\x32\x16\x15\x14\x07\x21\x1e\x01\x33\x32\x37\
\x17\x06\x07\x06\x15\x14\x16\x33\x32\x37\x03\x33\x34\x26\x23\x22\
\x06\x01\xb2\x36\x3d\x2e\x43\x52\x6c\x8d\x99\x74\x70\x8a\x01\xfe\
\x97\x04\x46\x2d\x48\x26\x72\x33\x62\x50\x15\x10\x1b\x1c\xce\xd3\
\x33\x2f\x2e\x40\xc4\x28\x2e\x2d\x3e\x44\x07\x8c\x73\x78\x93\x91\
\x7e\x1b\x0c\x28\x36\x34\x48\x4c\x15\x44\x2b\x10\x14\x14\x01\xb8\
\x29\x36\x38\x00\x02\x00\x49\x00\x00\x02\x37\x03\x8c\x00\x0b\x00\
\x12\x00\x00\x29\x01\x11\x21\x15\x21\x15\x21\x15\x21\x15\x21\x03\
\x07\x23\x27\x33\x17\x37\x02\x37\xfe\x12\x01\xdc\xfe\xc9\x01\x26\
\xfe\xda\x01\x49\x3b\x7b\x93\x7c\x82\x44\x44\x02\xc4\x91\x85\x89\
\x93\x02\xfa\x90\x90\x51\x51\x00\x03\x00\x27\xff\xf0\x02\x2e\x02\
\xcc\x00\x06\x00\x1a\x00\x21\x00\x00\x13\x33\x34\x26\x23\x22\x06\
\x05\x14\x07\x21\x1e\x01\x33\x32\x37\x17\x06\x23\x22\x26\x35\x34\
\x36\x33\x32\x16\x03\x07\x23\x27\x33\x17\x37\xc4\xd3\x33\x2f\x2e\
\x40\x01\x67\x01\xfe\x97\x04\x46\x2d\x48\x26\x72\x49\x99\x75\x9d\
\x99\x74\x70\x8a\x31\x7b\x93\x7c\x82\x44\x44\x01\x32\x29\x36\x38\
\x66\x1b\x0c\x28\x36\x34\x48\x6a\x8d\x7a\x78\x93\x91\x01\x5b\x90\
\x90\x51\x51\x00\x02\x00\x28\xff\xee\x02\xbe\x03\x8c\x00\x1a\x00\
\x21\x00\x00\x25\x06\x23\x22\x26\x35\x34\x36\x33\x32\x16\x17\x07\
\x26\x23\x22\x06\x15\x14\x16\x33\x32\x37\x35\x23\x35\x21\x03\x23\
\x27\x07\x23\x37\x33\x02\xbe\x75\x9c\xab\xda\xdb\xa5\x52\x92\x2d\
\x6c\x39\x66\x5a\x76\x72\x66\x3f\x2c\x87\x01\x24\x49\x82\x44\x44\
\x80\x7c\x94\x2b\x3d\xcf\xa6\xa7\xcd\x33\x2b\x7b\x42\x7e\x5f\x64\
\x7b\x13\x81\x8a\x01\x5a\x51\x51\x90\x00\x00\x00\x03\x00\x27\xff\
\x10\x02\x50\x02\xcc\x00\x1a\x00\x24\x00\x2b\x00\x00\x25\x14\x06\
\x23\x22\x26\x27\x37\x16\x33\x32\x36\x3d\x01\x23\x06\x23\x22\x26\
\x34\x36\x33\x32\x17\x33\x35\x33\x02\x34\x26\x22\x06\x15\x14\x16\
\x33\x32\x13\x23\x27\x07\x23\x37\x33\x02\x50\x9c\x89\x43\x8c\x31\
\x52\x48\x5d\x46\x47\x03\x33\x64\x6d\x81\x81\x6c\x6b\x34\x02\x9b\
\x9c\x43\x6c\x3f\x40\x35\x37\x93\x82\x44\x44\x80\x7c\x94\x2f\x8e\
\x91\x29\x25\x75\x3f\x4b\x40\x1e\x42\x94\xd8\x99\x4e\x40\xfe\xd5\
\x6a\x49\x48\x36\x34\x4b\x01\xbf\x51\x51\x90\x00\x02\x00\x28\xff\
\xee\x02\xbe\x03\x8c\x00\x1a\x00\x27\x00\x00\x25\x06\x23\x22\x26\
\x35\x34\x36\x33\x32\x16\x17\x07\x26\x23\x22\x06\x15\x14\x16\x33\
\x32\x37\x35\x23\x35\x21\x03\x0e\x01\x23\x22\x26\x27\x33\x16\x33\
\x32\x36\x37\x02\xbe\x75\x9c\xab\xda\xdb\xa5\x52\x92\x2d\x6c\x39\
\x66\x5a\x76\x72\x66\x3f\x2c\x87\x01\x24\x5c\x06\x5e\x4b\x4a\x5e\
\x05\x54\x09\x51\x27\x2d\x06\x2b\x3d\xcf\xa6\xa7\xcd\x33\x2b\x7b\
\x42\x7e\x5f\x64\x7b\x13\x81\x8a\x01\xea\x4a\x46\x46\x4a\x37\x17\
\x20\x00\x00\x00\x03\x00\x27\xff\x10\x02\x50\x02\xcc\x00\x1a\x00\
\x24\x00\x33\x00\x00\x25\x14\x06\x23\x22\x26\x27\x37\x16\x33\x32\
\x36\x3d\x01\x23\x06\x23\x22\x26\x34\x36\x33\x32\x17\x33\x35\x33\
\x02\x34\x26\x22\x06\x15\x14\x16\x33\x32\x13\x0e\x01\x23\x22\x26\
\x27\x33\x16\x17\x16\x33\x32\x36\x37\x02\x50\x9c\x89\x43\x8c\x31\
\x52\x48\x5d\x46\x47\x03\x33\x64\x6d\x81\x81\x6c\x6b\x34\x02\x9b\
\x9c\x43\x6c\x3f\x40\x35\x37\x81\x06\x5e\x4b\x4a\x5e\x05\x54\x06\
\x1a\x17\x23\x27\x2d\x06\x2f\x8e\x91\x29\x25\x75\x3f\x4b\x40\x1e\
\x42\x94\xd8\x99\x4e\x40\xfe\xd5\x6a\x49\x48\x36\x34\x4b\x02\x4f\
\x4a\x46\x46\x4a\x1d\x0f\x0b\x17\x20\x00\x00\x00\x02\x00\x28\xff\
\xee\x02\xbe\x03\xa7\x00\x1a\x00\x24\x00\x00\x25\x06\x23\x22\x26\
\x35\x34\x36\x33\x32\x16\x17\x07\x26\x23\x22\x06\x15\x14\x16\x33\
\x32\x37\x35\x23\x35\x21\x02\x14\x06\x23\x22\x26\x34\x36\x33\x32\
\x02\xbe\x75\x9c\xab\xda\xdb\xa5\x52\x92\x2d\x6c\x39\x66\x5a\x76\
\x72\x66\x3f\x2c\x87\x01\x24\xb5\x34\x26\x25\x34\x34\x25\x26\x2b\
\x3d\xcf\xa6\xa7\xcd\x33\x2b\x7b\x42\x7e\x5f\x64\x7b\x13\x81\x8a\
\x01\xd3\x48\x31\x32\x46\x33\x00\x03\x00\x27\xff\x10\x02\x50\x02\
\xe7\x00\x1a\x00\x24\x00\x2e\x00\x00\x25\x14\x06\x23\x22\x26\x27\
\x37\x16\x33\x32\x36\x3d\x01\x23\x06\x23\x22\x26\x34\x36\x33\x32\
\x17\x33\x35\x33\x02\x34\x26\x22\x06\x15\x14\x16\x33\x32\x12\x14\
\x06\x23\x22\x26\x34\x36\x33\x32\x02\x50\x9c\x89\x43\x8c\x31\x52\
\x48\x5d\x46\x47\x03\x33\x64\x6d\x81\x81\x6c\x6b\x34\x02\x9b\x9c\
\x43\x6c\x3f\x40\x35\x37\x29\x34\x26\x25\x34\x34\x25\x26\x2f\x8e\
\x91\x29\x25\x75\x3f\x4b\x40\x1e\x42\x94\xd8\x99\x4e\x40\xfe\xd5\
\x6a\x49\x48\x36\x34\x4b\x02\x38\x48\x31\x32\x46\x33\x00\x00\x00\
\x02\x00\x28\xff\x10\x02\xbe\x02\xd7\x00\x1a\x00\x1e\x00\x00\x25\
\x06\x23\x22\x26\x35\x34\x36\x33\x32\x16\x17\x07\x26\x23\x22\x06\
\x15\x14\x16\x33\x32\x37\x35\x23\x35\x21\x03\x07\x23\x37\x02\xbe\
\x75\x9c\xab\xda\xdb\xa5\x52\x92\x2d\x6c\x39\x66\x5a\x76\x72\x66\
\x3f\x2c\x87\x01\x24\xc4\x56\x7e\x43\x2b\x3d\xcf\xa6\xa7\xcd\x33\
\x2b\x7b\x42\x7e\x5f\x64\x7b\x13\x81\x8a\xfe\x31\xc3\xc3\x00\x00\
\x03\x00\x27\xff\x10\x02\x50\x02\xff\x00\x1a\x00\x24\x00\x28\x00\
\x00\x25\x14\x06\x23\x22\x26\x27\x37\x16\x33\x32\x36\x3d\x01\x23\
\x06\x23\x22\x26\x34\x36\x33\x32\x17\x33\x35\x33\x02\x34\x26\x22\
\x06\x15\x14\x16\x33\x32\x03\x37\x33\x07\x02\x50\x9c\x89\x43\x8c\
\x31\x52\x48\x5d\x46\x47\x03\x33\x64\x6d\x81\x81\x6c\x6b\x34\x02\
\x9b\x9c\x43\x6c\x3f\x40\x35\x37\x7b\x56\x7e\x43\x2f\x8e\x91\x29\
\x25\x75\x3f\x4b\x40\x1e\x42\x94\xd8\x99\x4e\x40\xfe\xd5\x6a\x49\
\x48\x36\x34\x4b\x01\xbf\xc3\xc3\x00\x00\x00\x00\x02\x00\x49\x00\
\x00\x02\xb3\x03\x8c\x00\x0b\x00\x12\x00\x00\x21\x23\x11\x21\x11\
\x23\x11\x33\x11\x21\x11\x33\x27\x23\x27\x07\x23\x37\x33\x02\xb3\
\xab\xfe\xec\xab\xab\x01\x14\xab\x6d\x82\x44\x44\x80\x7c\x94\x01\
\x28\xfe\xd8\x02\xc4\xfe\xf4\x01\x0c\x38\x51\x51\x90\x00\x00\x00\
\x02\x00\x42\x00\x00\x02\x2d\x03\xac\x00\x13\x00\x1a\x00\x00\x21\
\x23\x11\x34\x23\x22\x06\x15\x11\x23\x11\x33\x11\x33\x3e\x01\x33\
\x32\x16\x15\x03\x23\x27\x07\x23\x37\x33\x02\x2d\xa5\x49\x29\x30\
\xa4\xa4\x02\x12\x4c\x31\x5e\x58\x2d\x82\x44\x44\x80\x7c\x94\x01\
\x0e\x69\x3c\x2e\xfe\xf3\x02\xf4\xfe\xbf\x20\x2d\x77\x55\x01\xe8\
\x51\x51\x90\x00\x02\x00\x49\x00\x00\x02\xb3\x02\xc4\x00\x0b\x00\
\x0f\x00\x00\x21\x23\x11\x21\x11\x23\x11\x33\x15\x21\x35\x33\x01\
\x21\x35\x21\x02\xb3\xab\xfe\xec\xab\xab\x01\x14\xab\xfe\x41\x01\
\x14\xfe\xec\x01\x28\xfe\xd8\x02\xc4\x77\x77\xfe\xf4\x3c\x00\x00\
\x01\x00\x14\x00\x00\x02\x2d\x02\xf4\x00\x1b\x00\x00\x21\x23\x11\
\x34\x23\x22\x06\x15\x11\x23\x11\x23\x35\x33\x35\x33\x15\x33\x15\
\x23\x15\x33\x3e\x01\x33\x32\x16\x15\x02\x2d\xa5\x49\x29\x30\xa4\
\x2e\x2e\xa4\x95\x95\x02\x12\x4c\x31\x5e\x58\x01\x0e\x69\x3c\x2e\
\xfe\xf3\x02\x3a\x59\x61\x61\x59\x87\x20\x2d\x77\x55\x00\x00\x00\
\x02\xff\xe6\x00\x00\x01\x59\x03\x84\x00\x03\x00\x15\x00\x00\x33\
\x23\x11\x33\x37\x0e\x01\x23\x22\x27\x26\x23\x22\x07\x23\x36\x33\
\x32\x16\x33\x32\x37\xf5\xac\xac\x64\x07\x37\x33\x24\x2d\x27\x18\
\x1f\x0b\x48\x11\x60\x25\x56\x16\x20\x0a\x02\xc4\xc0\x3a\x4a\x15\
\x14\x28\x82\x28\x29\x00\x00\x00\x02\xff\xdc\x00\x00\x01\x4f\x02\
\xc4\x00\x03\x00\x15\x00\x00\x33\x23\x11\x33\x37\x0e\x01\x23\x22\
\x27\x26\x23\x22\x07\x23\x36\x33\x32\x16\x33\x32\x37\xe6\xa4\xa4\
\x69\x07\x37\x33\x24\x2d\x27\x18\x1f\x0b\x48\x11\x60\x25\x56\x16\
\x20\x0a\x01\xf2\xd2\x3a\x4a\x15\x14\x28\x82\x28\x29\x00\x00\x00\
\x02\xff\xf6\x00\x00\x01\x46\x03\x6f\x00\x03\x00\x07\x00\x00\x33\
\x23\x11\x33\x37\x21\x35\x21\xf5\xac\xac\x51\xfe\xb0\x01\x50\x02\
\xc4\x55\x56\x00\x02\xff\xee\x00\x00\x01\x3e\x02\xaf\x00\x03\x00\
\x07\x00\x00\x33\x23\x11\x33\x37\x21\x35\x21\xe6\xa4\xa4\x58\xfe\
\xb0\x01\x50\x01\xf2\x67\x56\x00\x02\xff\xf1\x00\x00\x01\x4d\x03\
\x8c\x00\x03\x00\x10\x00\x00\x33\x23\x11\x33\x37\x0e\x01\x23\x22\
\x26\x27\x33\x16\x33\x32\x36\x37\xf5\xac\xac\x58\x06\x5e\x4b\x4a\
\x5e\x05\x54\x09\x51\x27\x2d\x06\x02\xc4\xc8\x4a\x46\x46\x4a\x37\
\x17\x20\x00\x00\x02\xff\xe6\x00\x00\x01\x42\x02\xcc\x00\x03\x00\
\x12\x00\x00\x33\x23\x11\x33\x37\x0e\x01\x23\x22\x26\x27\x33\x16\
\x17\x16\x33\x32\x36\x37\xe6\xa4\xa4\x5c\x06\x5e\x4b\x4a\x5e\x05\
\x54\x06\x1a\x17\x23\x27\x2d\x06\x01\xf2\xda\x4a\x46\x46\x4a\x1d\
\x0f\x0b\x17\x20\x00\x00\x00\x00\x01\x00\x28\xff\x14\x01\x0c\x02\
\xc4\x00\x13\x00\x00\x05\x06\x23\x22\x26\x35\x34\x37\x23\x11\x33\
\x11\x23\x06\x15\x14\x16\x33\x32\x37\x01\x0c\x36\x3d\x2e\x43\x66\
\x45\xac\x0b\x5a\x15\x10\x1b\x1c\xc4\x28\x2e\x2d\x47\x4a\x02\xc4\
\xfd\x3c\x48\x2e\x10\x14\x14\x00\x02\x00\x15\xff\x14\x00\xf9\x02\
\xeb\x00\x13\x00\x1d\x00\x00\x17\x06\x23\x22\x26\x35\x34\x37\x23\
\x11\x33\x11\x23\x06\x15\x14\x16\x33\x32\x37\x13\x14\x06\x22\x26\
\x35\x34\x36\x32\x16\xf9\x36\x3d\x2e\x43\x66\x39\xa4\x0f\x5a\x15\
\x10\x1b\x1c\x19\x37\x4e\x37\x37\x4e\x37\xc4\x28\x2e\x2d\x47\x4a\
\x01\xf2\xfe\x0e\x48\x2e\x10\x14\x14\x03\x17\x26\x34\x35\x25\x24\
\x36\x35\x00\x00\x02\x00\x46\x00\x00\x00\xf9\x03\xa7\x00\x03\x00\
\x0d\x00\x00\x33\x23\x11\x33\x36\x14\x06\x23\x22\x26\x34\x36\x33\
\x32\xf5\xac\xac\x04\x34\x26\x25\x34\x34\x25\x26\x02\xc4\xb1\x48\
\x31\x32\x46\x33\x00\x00\x00\x00\x01\x00\x42\x00\x00\x00\xe6\x01\
\xf2\x00\x03\x00\x00\x33\x23\x11\x33\xe6\xa4\xa4\x01\xf2\x00\x00\
\x02\x00\x49\xff\xed\x03\x00\x02\xc4\x00\x03\x00\x16\x00\x00\x33\
\x23\x11\x33\x01\x14\x0e\x03\x23\x22\x26\x27\x37\x1e\x01\x33\x32\
\x36\x35\x11\x33\xf5\xac\xac\x02\x0b\x0b\x1f\x32\x55\x38\x57\x7b\
\x14\x97\x07\x25\x1b\x27\x1e\xac\x02\xc4\xfe\x2e\x25\x43\x48\x34\
\x21\x5c\x4a\x33\x1c\x22\x36\x33\x01\xd3\x00\x00\x04\x00\x36\xff\
\x10\x02\x17\x02\xeb\x00\x09\x00\x0d\x00\x17\x00\x27\x00\x00\x13\
\x14\x06\x22\x26\x35\x34\x36\x32\x16\x03\x23\x11\x33\x25\x14\x06\
\x22\x26\x35\x34\x36\x32\x16\x03\x14\x0e\x02\x23\x22\x27\x37\x16\
\x33\x32\x36\x35\x11\x33\xf2\x37\x4e\x37\x37\x4e\x37\x0c\xa4\xa4\
\x01\x31\x37\x4e\x37\x37\x4e\x37\x0c\x12\x2a\x51\x3a\x2a\x1d\x0b\
\x0f\x14\x22\x1a\xa4\x02\x91\x26\x34\x35\x25\x24\x36\x35\xfd\x4a\
\x01\xf2\x9f\x26\x34\x35\x25\x24\x36\x35\xfd\x3d\x32\x4c\x42\x23\
\x08\x89\x05\x2d\x2a\x01\xff\x00\x02\xff\xfd\xff\xed\x02\x3a\x03\
\x8c\x00\x12\x00\x19\x00\x00\x25\x14\x0e\x03\x23\x22\x26\x27\x37\
\x1e\x01\x33\x32\x36\x35\x11\x33\x37\x23\x27\x07\x23\x37\x33\x01\
\xcc\x0b\x1f\x32\x55\x38\x57\x7b\x14\x97\x07\x25\x1b\x27\x1e\xac\
\x6e\x82\x44\x44\x80\x7c\x94\xf2\x25\x43\x48\x34\x21\x5c\x4a\x33\
\x1c\x22\x36\x33\x01\xd3\x38\x51\x51\x90\x00\x00\x02\xff\xd0\xff\
\x10\x01\x5a\x02\xcc\x00\x0f\x00\x16\x00\x00\x17\x14\x0e\x02\x23\
\x22\x27\x37\x16\x33\x32\x36\x35\x11\x33\x37\x23\x27\x07\x23\x37\
\x33\xe9\x12\x2a\x51\x3a\x2a\x1d\x0b\x0f\x14\x22\x1a\xa4\x71\x82\
\x44\x44\x80\x7c\x94\x0d\x32\x4c\x42\x23\x08\x89\x05\x2d\x2a\x01\
\xff\x4a\x51\x51\x90\x00\x00\x00\x02\x00\x49\xff\x10\x02\xd9\x02\
\xc4\x00\x0c\x00\x10\x00\x00\x21\x23\x01\x23\x11\x23\x11\x33\x11\
\x33\x13\x33\x01\x13\x07\x23\x37\x02\xd9\xdf\xfe\xf9\x02\xa8\xa8\
\x03\xfd\xd6\xfe\xcf\x25\x56\x7e\x43\x01\x46\xfe\xba\x02\xc4\xfe\
\xe0\x01\x20\xfe\xba\xfe\x55\xc3\xc3\x00\x00\x00\x02\x00\x41\xff\
\x10\x02\x57\x02\xf4\x00\x0c\x00\x10\x00\x00\x01\x13\x23\x27\x23\
\x15\x23\x11\x33\x11\x33\x37\x33\x03\x07\x23\x37\x01\x8f\xc8\xcb\
\xa3\x03\xa5\xa5\x03\x9f\xc7\xce\x56\x7e\x43\x01\x11\xfe\xef\xef\
\xef\x02\xf4\xfe\x34\xca\xfd\xe1\xc3\xc3\x00\x00\x01\x00\x41\x00\
\x00\x02\x57\x01\xf2\x00\x0c\x00\x00\x01\x13\x23\x27\x23\x15\x23\
\x11\x33\x15\x33\x37\x33\x01\x8f\xc8\xcb\xa3\x03\xa5\xa5\x03\x9f\
\xc7\x01\x11\xfe\xef\xef\xef\x01\xf2\xca\xca\x00\x02\x00\x49\x00\
\x00\x02\x07\x03\x8c\x00\x05\x00\x09\x00\x00\x29\x01\x11\x33\x11\
\x21\x03\x07\x23\x37\x02\x07\xfe\x42\xac\x01\x12\x9a\x92\x7c\x68\
\x02\xc4\xfd\xd1\x02\xf7\x90\x90\x00\x00\x00\x00\x02\x00\x42\x00\
\x00\x01\x50\x03\xa8\x00\x03\x00\x07\x00\x00\x33\x23\x11\x33\x37\
\x07\x23\x37\xe8\xa6\xa6\x68\x92\x7c\x68\x02\xf4\xb4\x90\x90\x00\
\x02\x00\x49\xff\x10\x02\x07\x02\xc4\x00\x05\x00\x09\x00\x00\x29\
\x01\x11\x33\x11\x21\x0f\x01\x23\x37\x02\x07\xfe\x42\xac\x01\x12\
\x99\x56\x7e\x43\x02\xc4\xfd\xd1\xc2\xc3\xc3\x00\x02\x00\x0b\xff\
\x10\x00\xe8\x02\xf4\x00\x03\x00\x07\x00\x00\x33\x23\x11\x33\x03\
\x07\x23\x37\xe8\xa6\xa6\x09\x56\x7e\x43\x02\xf4\xfc\xdf\xc3\xc3\
\x00\x00\x00\x00\x02\x00\x49\x00\x00\x02\x07\x02\xc4\x00\x05\x00\
\x09\x00\x00\x29\x01\x11\x33\x11\x21\x03\x07\x23\x37\x02\x07\xfe\
\x42\xac\x01\x12\x21\x56\x7e\x43\x02\xc4\xfd\xd1\x02\x2f\xc3\xc3\
\x00\x00\x00\x00\x02\x00\x42\x00\x00\x01\xd9\x02\xf4\x00\x03\x00\
\x07\x00\x00\x33\x23\x11\x33\x17\x07\x23\x37\xe8\xa6\xa6\xf1\x56\
\x7e\x43\x02\xf4\x30\xc3\xc3\x00\x02\x00\x49\x00\x00\x02\x07\x02\
\xc4\x00\x05\x00\x0f\x00\x00\x29\x01\x11\x33\x11\x21\x02\x14\x06\
\x23\x22\x26\x34\x36\x33\x32\x02\x07\xfe\x42\xac\x01\x12\x29\x34\
\x26\x25\x34\x34\x25\x26\x02\xc4\xfd\xd1\x01\x44\x48\x31\x32\x46\
\x33\x00\x00\x00\x02\x00\x42\x00\x00\x01\xc0\x02\xf4\x00\x03\x00\
\x0d\x00\x00\x33\x23\x11\x33\x16\x14\x06\x23\x22\x26\x34\x36\x33\
\x32\xe8\xa6\xa6\xd8\x34\x26\x25\x34\x34\x25\x26\x02\xf4\xfd\x48\
\x31\x32\x46\x33\x00\x00\x00\x00\x01\x00\x09\x00\x00\x02\x07\x02\
\xc4\x00\x0d\x00\x00\x29\x01\x35\x07\x35\x37\x11\x33\x11\x37\x15\
\x07\x15\x21\x02\x07\xfe\x42\x40\x40\xac\xbf\xbf\x01\x12\xb1\x38\
\x8e\x38\x01\x85\xfe\xfa\xa7\x8d\xa7\x9c\x00\x00\x01\x00\x08\x00\
\x00\x01\x22\x02\xf4\x00\x0b\x00\x00\x01\x07\x11\x23\x11\x07\x35\
\x37\x11\x33\x15\x37\x01\x22\x3a\xa6\x3a\x3a\xa6\x3a\x01\xc6\x38\
\xfe\x72\x01\x0b\x38\x8f\x39\x01\x59\xd9\x39\x00\x02\x00\x49\x00\
\x00\x02\xcd\x03\x8c\x00\x0b\x00\x0f\x00\x00\x21\x23\x01\x23\x13\
\x23\x11\x33\x01\x33\x03\x33\x27\x07\x23\x37\x02\xcd\xc2\xfe\xe3\
\x03\x04\xa6\xc3\x01\x1c\x03\x04\xa6\x81\x92\x7c\x68\x01\xcf\xfe\
\x31\x02\xc4\xfe\x32\x01\xce\xc8\x90\x90\x00\x00\x02\x00\x40\x00\
\x00\x02\x2c\x02\xcc\x00\x13\x00\x17\x00\x00\x21\x23\x11\x34\x23\
\x22\x06\x15\x11\x23\x11\x33\x15\x33\x3e\x01\x33\x32\x16\x15\x03\
\x07\x23\x37\x02\x2c\xa5\x4a\x2a\x2e\xa5\x9f\x02\x12\x51\x32\x5d\
\x59\x48\x92\x7c\x68\x01\x10\x69\x3e\x2d\xfe\xf2\x01\xf2\x45\x23\
\x30\x77\x55\x01\x98\x90\x90\x00\x02\x00\x49\xff\x10\x02\xcd\x02\
\xc4\x00\x0b\x00\x0f\x00\x00\x21\x23\x01\x23\x13\x23\x11\x33\x01\
\x33\x03\x33\x03\x07\x23\x37\x02\xcd\xc2\xfe\xe3\x03\x04\xa6\xc3\
\x01\x1c\x03\x04\xa6\xfc\x56\x7e\x43\x01\xcf\xfe\x31\x02\xc4\xfe\
\x32\x01\xce\xfd\x0f\xc3\xc3\x00\x02\x00\x40\xff\x10\x02\x2c\x02\
\x00\x00\x13\x00\x17\x00\x00\x21\x23\x11\x34\x23\x22\x06\x15\x11\
\x23\x11\x33\x15\x33\x3e\x01\x33\x32\x16\x15\x03\x07\x23\x37\x02\
\x2c\xa5\x4a\x2a\x2e\xa5\x9f\x02\x12\x51\x32\x5d\x59\xb1\x56\x7e\
\x43\x01\x10\x69\x3e\x2d\xfe\xf2\x01\xf2\x45\x23\x30\x77\x55\xfe\
\x9f\xc3\xc3\x00\x02\x00\x49\x00\x00\x02\xcd\x03\x8c\x00\x0b\x00\
\x12\x00\x00\x21\x23\x01\x23\x13\x23\x11\x33\x01\x33\x03\x33\x27\
\x07\x23\x27\x33\x17\x37\x02\xcd\xc2\xfe\xe3\x03\x04\xa6\xc3\x01\
\x1c\x03\x04\xa6\x7a\x7b\x93\x7c\x82\x44\x44\x01\xcf\xfe\x31\x02\
\xc4\xfe\x32\x01\xce\xc8\x90\x90\x51\x51\x00\x00\x02\x00\x40\x00\
\x00\x02\x2c\x02\xcc\x00\x13\x00\x1a\x00\x00\x21\x23\x11\x34\x23\
\x22\x06\x15\x11\x23\x11\x33\x15\x33\x3e\x01\x33\x32\x16\x15\x03\
\x07\x23\x27\x33\x17\x37\x02\x2c\xa5\x4a\x2a\x2e\xa5\x9f\x02\x12\
\x51\x32\x5d\x59\x31\x7b\x93\x7c\x82\x44\x44\x01\x10\x69\x3e\x2d\
\xfe\xf2\x01\xf2\x45\x23\x30\x77\x55\x01\x98\x90\x90\x51\x51\x00\
\x02\xff\xf7\x00\x00\x02\x86\x02\xc4\x00\x13\x00\x17\x00\x00\x21\
\x23\x11\x34\x23\x22\x06\x15\x11\x23\x11\x33\x15\x33\x3e\x01\x33\
\x32\x16\x15\x01\x07\x23\x37\x02\x86\xa5\x4a\x2a\x2e\xa5\x9f\x02\
\x12\x51\x32\x5d\x59\xfe\x45\x56\x7e\x43\x01\x10\x69\x3e\x2d\xfe\
\xf2\x01\xf2\x45\x23\x30\x77\x55\x01\x90\xc3\xc3\x00\x00\x00\x00\
\x01\x00\x49\xff\x10\x02\xcd\x02\xc4\x00\x18\x00\x00\x05\x14\x0e\
\x02\x23\x22\x27\x37\x16\x33\x32\x36\x3d\x01\x01\x23\x13\x23\x11\
\x33\x01\x33\x03\x33\x02\xcd\x12\x2a\x51\x3a\x2a\x1d\x0b\x0f\x14\
\x22\x1a\xfe\xc5\x03\x04\xa6\xc3\x01\x1c\x03\x04\xa6\x0d\x32\x4c\
\x42\x23\x08\x89\x05\x2d\x2a\x05\x01\xd7\xfe\x31\x02\xc4\xfe\x4f\
\x01\xb1\x00\x00\x01\x00\x40\xff\x10\x02\x2c\x02\x00\x00\x1f\x00\
\x00\x05\x14\x0e\x02\x23\x22\x27\x37\x16\x33\x32\x36\x35\x11\x34\
\x23\x22\x06\x15\x11\x23\x11\x33\x15\x33\x3e\x01\x33\x32\x16\x15\
\x02\x2c\x12\x2a\x51\x3a\x2a\x1d\x0b\x0f\x14\x22\x19\x4a\x2a\x2e\
\xa5\x9f\x02\x12\x51\x32\x5d\x59\x0d\x32\x4c\x42\x23\x08\x89\x05\
\x2d\x2a\x01\x1d\x69\x3e\x2d\xfe\xf2\x01\xf2\x45\x23\x30\x77\x55\
\x00\x00\x00\x00\x03\x00\x28\xff\xed\x03\x2b\x03\x6f\x00\x0b\x00\
\x15\x00\x19\x00\x00\x01\x14\x06\x23\x22\x26\x35\x34\x36\x33\x32\
\x16\x07\x34\x26\x22\x06\x15\x14\x16\x32\x36\x03\x21\x35\x21\x03\
\x2b\xda\xa8\xa7\xda\xd9\xa8\xa9\xd9\xb7\x72\xb2\x71\x71\xb2\x72\
\x25\xfe\xb0\x01\x50\x01\x65\xa7\xd1\xd1\xa7\xa8\xca\xca\xa8\x5e\
\x7a\x7a\x5e\x60\x7c\x7c\x02\x14\x56\x00\x00\x00\x03\x00\x27\xff\
\xf0\x02\x50\x02\xaf\x00\x09\x00\x12\x00\x16\x00\x00\x00\x14\x06\
\x23\x22\x26\x34\x36\x33\x32\x13\x34\x26\x22\x06\x14\x16\x32\x36\
\x13\x21\x35\x21\x02\x50\xa0\x75\x74\xa0\xa0\x74\x75\x02\x40\x6e\
\x3e\x3f\x6e\x3f\x31\xfe\xb0\x01\x50\x01\x72\xee\x94\x94\xee\x90\
\xfe\xf9\x33\x4c\x4b\x68\x4d\x4d\x01\x92\x56\x00\x03\x00\x28\xff\
\xed\x03\x2b\x03\x8c\x00\x0b\x00\x15\x00\x22\x00\x00\x01\x14\x06\
\x23\x22\x26\x35\x34\x36\x33\x32\x16\x07\x34\x26\x22\x06\x15\x14\
\x16\x32\x36\x03\x0e\x01\x23\x22\x26\x27\x33\x16\x33\x32\x36\x37\
\x03\x2b\xda\xa8\xa7\xda\xd9\xa8\xa9\xd9\xb7\x72\xb2\x71\x71\xb2\
\x72\x1e\x06\x5e\x4b\x4a\x5e\x05\x54\x09\x51\x27\x2d\x06\x01\x65\
\xa7\xd1\xd1\xa7\xa8\xca\xca\xa8\x5e\x7a\x7a\x5e\x60\x7c\x7c\x02\
\x87\x4a\x46\x46\x4a\x37\x17\x20\x00\x00\x00\x00\x03\x00\x27\xff\
\xf0\x02\x50\x02\xcc\x00\x09\x00\x12\x00\x21\x00\x00\x00\x14\x06\
\x23\x22\x26\x34\x36\x33\x32\x13\x34\x26\x22\x06\x14\x16\x32\x36\
\x13\x0e\x01\x23\x22\x26\x27\x33\x16\x17\x16\x33\x32\x36\x37\x02\
\x50\xa0\x75\x74\xa0\xa0\x74\x75\x02\x40\x6e\x3e\x3f\x6e\x3f\x36\
\x06\x5e\x4b\x4a\x5e\x05\x54\x06\x1a\x17\x23\x27\x2d\x06\x01\x72\
\xee\x94\x94\xee\x90\xfe\xf9\x33\x4c\x4b\x68\x4d\x4d\x02\x05\x4a\
\x46\x46\x4a\x1d\x0f\x0b\x17\x20\x00\x00\x00\x00\x04\x00\x28\xff\
\xed\x03\x2b\x03\x8c\x00\x0b\x00\x15\x00\x19\x00\x1d\x00\x00\x01\
\x14\x06\x23\x22\x26\x35\x34\x36\x33\x32\x16\x07\x34\x26\x22\x06\
\x15\x14\x16\x32\x36\x13\x07\x23\x37\x23\x07\x23\x37\x03\x2b\xda\
\xa8\xa7\xda\xd9\xa8\xa9\xd9\xb7\x72\xb2\x71\x71\xb2\x72\x6b\x92\
\x7c\x68\x36\x92\x7c\x68\x01\x65\xa7\xd1\xd1\xa7\xa8\xca\xca\xa8\
\x5e\x7a\x7a\x5e\x60\x7c\x7c\x02\x87\x90\x90\x90\x90\x00\x00\x00\
\x04\x00\x27\xff\xf0\x02\x79\x02\xcc\x00\x09\x00\x12\x00\x16\x00\
\x1a\x00\x00\x00\x14\x06\x23\x22\x26\x34\x36\x33\x32\x13\x34\x26\
\x22\x06\x14\x16\x32\x36\x13\x07\x23\x37\x23\x07\x23\x37\x02\x50\
\xa0\x75\x74\xa0\xa0\x74\x75\x02\x40\x6e\x3e\x3f\x6e\x3f\xc7\x92\
\x7c\x68\x36\x92\x7c\x68\x01\x72\xee\x94\x94\xee\x90\xfe\xf9\x33\
\x4c\x4b\x68\x4d\x4d\x02\x05\x90\x90\x90\x90\x00\x02\x00\x28\x00\
\x00\x03\xd3\x02\xc4\x00\x15\x00\x20\x00\x00\x29\x01\x22\x2e\x03\
\x35\x34\x3e\x02\x33\x21\x15\x21\x15\x21\x15\x21\x15\x29\x01\x11\
\x23\x22\x0e\x02\x15\x14\x16\x33\x03\xd3\xfd\xe7\x3e\x72\x68\x4d\
\x2d\x44\x75\x8a\x4f\x02\x08\xfe\xd6\x01\x19\xfe\xe7\x01\x3b\xfe\
\x22\x2e\x30\x4f\x44\x26\x84\x61\x18\x36\x51\x79\x4b\x5d\x8d\x50\
\x27\x91\x85\x89\x93\x01\xa1\x14\x2e\x56\x3b\x69\x65\x00\x00\x00\
\x03\x00\x27\xff\xf0\x03\xa7\x02\x02\x00\x09\x00\x10\x00\x2e\x00\
\x00\x37\x14\x16\x32\x36\x35\x34\x26\x22\x06\x25\x33\x34\x26\x23\
\x22\x06\x1f\x01\x06\x23\x22\x26\x27\x06\x23\x22\x26\x35\x34\x36\
\x33\x32\x16\x17\x36\x33\x32\x16\x15\x14\x07\x21\x1e\x01\x33\x32\
\xc6\x3e\x6e\x3f\x3f\x6e\x3e\x01\x77\xd3\x33\x2f\x2e\x40\xe2\x71\
\x48\x99\x3e\x65\x1c\x41\x79\x74\x9e\x9e\x74\x3b\x63\x1d\x49\x72\
\x6f\x89\x01\xfe\x97\x05\x45\x2d\x48\xfb\x34\x4d\x4d\x34\x33\x4c\
\x4c\x04\x29\x36\x38\xb7\x48\x6a\x2d\x26\x53\x93\x78\x77\x90\x30\
\x27\x57\x92\x7d\x1b\x0c\x29\x35\x00\x00\x00\x00\x03\x00\x49\x00\
\x00\x02\x8c\x03\x8c\x00\x0f\x00\x16\x00\x1a\x00\x00\x21\x23\x03\
\x23\x11\x23\x11\x21\x32\x1e\x02\x15\x14\x06\x07\x27\x34\x2b\x01\
\x15\x33\x32\x13\x07\x23\x37\x02\x8c\xc8\x99\x3a\xa8\x01\x0e\x36\
\x5c\x50\x2d\x4e\x45\x16\x72\x5b\x51\x7c\x33\x92\x7c\x68\x01\x19\
\xfe\xe7\x02\xc4\x16\x30\x56\x3a\x46\x64\x15\xbc\x4f\xa5\x01\xf7\
\x90\x90\x00\x00\x02\x00\x40\x00\x00\x01\x8a\x02\xcc\x00\x10\x00\
\x14\x00\x00\x01\x07\x26\x23\x22\x06\x15\x11\x23\x11\x33\x15\x33\
\x3e\x01\x33\x32\x27\x07\x23\x37\x01\x8a\x07\x13\x17\x3b\x3a\xa4\
\x9e\x02\x13\x48\x2c\x18\x06\x92\x7c\x68\x01\xfc\x90\x05\x49\x28\
\xff\x00\x01\xf2\x48\x27\x2f\xcc\x90\x90\x00\x00\x03\x00\x49\xff\
\x10\x02\x8c\x02\xc4\x00\x0f\x00\x16\x00\x1a\x00\x00\x21\x23\x03\
\x23\x11\x23\x11\x21\x32\x1e\x02\x15\x14\x06\x07\x27\x34\x2b\x01\
\x15\x33\x32\x03\x07\x23\x37\x02\x8c\xc8\x99\x3a\xa8\x01\x0e\x36\
\x5c\x50\x2d\x4e\x45\x16\x72\x5b\x51\x7c\x20\x56\x7e\x43\x01\x19\
\xfe\xe7\x02\xc4\x16\x30\x56\x3a\x46\x64\x15\xbc\x4f\xa5\xfe\x3e\
\xc3\xc3\x00\x00\x02\x00\x0c\xff\x0f\x01\x8a\x02\x00\x00\x10\x00\
\x14\x00\x00\x01\x07\x26\x23\x22\x06\x15\x11\x23\x11\x33\x15\x33\
\x3e\x01\x33\x32\x03\x07\x23\x37\x01\x8a\x07\x13\x17\x3b\x3a\xa4\
\x9e\x02\x13\x48\x2c\x18\x9f\x56\x7e\x43\x01\xfc\x90\x05\x49\x28\
\xff\x00\x01\xf2\x48\x27\x2f\xfd\xd2\xc3\xc3\x00\x03\x00\x49\x00\
\x00\x02\x8c\x03\x8c\x00\x0f\x00\x16\x00\x1d\x00\x00\x21\x23\x03\
\x23\x11\x23\x11\x21\x32\x1e\x02\x15\x14\x06\x07\x27\x34\x2b\x01\
\x15\x33\x32\x13\x07\x23\x27\x33\x17\x37\x02\x8c\xc8\x99\x3a\xa8\
\x01\x0e\x36\x5c\x50\x2d\x4e\x45\x16\x72\x5b\x51\x7c\x48\x7b\x93\
\x7c\x82\x44\x44\x01\x19\xfe\xe7\x02\xc4\x16\x30\x56\x3a\x46\x64\
\x15\xbc\x4f\xa5\x01\xf7\x90\x90\x51\x51\x00\x00\x02\x00\x1f\x00\
\x00\x01\xa9\x02\xcc\x00\x10\x00\x17\x00\x00\x01\x07\x26\x23\x22\
\x06\x15\x11\x23\x11\x33\x15\x33\x3e\x01\x33\x32\x37\x07\x23\x27\
\x33\x17\x37\x01\x8a\x07\x13\x17\x3b\x3a\xa4\x9e\x02\x13\x48\x2c\
\x18\x2a\x7b\x93\x7c\x82\x44\x44\x01\xfc\x90\x05\x49\x28\xff\x00\
\x01\xf2\x48\x27\x2f\xcc\x90\x90\x51\x51\x00\x00\x02\x00\x0f\xff\
\xee\x02\x2c\x03\x8c\x00\x31\x00\x35\x00\x00\x01\x07\x2e\x01\x23\
\x22\x06\x15\x14\x1e\x02\x17\x1e\x04\x15\x14\x06\x23\x22\x26\x27\
\x37\x1e\x01\x33\x32\x36\x35\x34\x2e\x03\x27\x2e\x03\x35\x34\x3e\
\x02\x33\x32\x16\x27\x07\x23\x37\x02\x2c\x6d\x15\x47\x22\x28\x3b\
\x0e\x21\x20\x1e\x27\x2c\x45\x26\x1e\x9d\x72\x4d\x8e\x2e\x70\x1a\
\x55\x2a\x2b\x37\x0f\x12\x2e\x20\x24\x27\x38\x38\x1e\x30\x50\x5f\
\x33\x3e\x7d\x18\x92\x7c\x68\x02\x7f\x73\x1b\x22\x21\x26\x11\x19\
\x13\x0d\x09\x0d\x10\x25\x28\x43\x28\x73\x79\x36\x30\x72\x21\x2a\
\x25\x28\x10\x19\x11\x14\x0b\x0c\x0d\x1c\x2e\x46\x2e\x38\x59\x33\
\x1a\x2d\xe3\x90\x90\x00\x00\x00\x02\x00\x0b\xff\xf0\x01\xbf\x02\
\xcc\x00\x1e\x00\x22\x00\x00\x01\x07\x26\x23\x22\x06\x14\x16\x17\
\x16\x15\x14\x06\x23\x22\x26\x27\x37\x16\x33\x32\x36\x34\x26\x27\
\x26\x35\x34\x36\x33\x32\x37\x07\x23\x37\x01\xbf\x5a\x2f\x39\x1a\
\x24\x26\x35\x9f\x7d\x58\x3e\x75\x26\x5c\x33\x47\x18\x23\x2b\x38\
\x91\x7e\x51\x7d\x34\x92\x7c\x68\x01\xbc\x5d\x2d\x14\x28\x12\x0c\
\x24\x74\x57\x53\x28\x25\x61\x38\x15\x2c\x16\x0d\x22\x6f\x52\x55\
\xca\x90\x90\x00\x02\x00\x0f\xff\xee\x02\x2c\x03\x8c\x00\x31\x00\
\x38\x00\x00\x01\x07\x2e\x01\x23\x22\x06\x15\x14\x1e\x02\x17\x1e\
\x04\x15\x14\x06\x23\x22\x26\x27\x37\x1e\x01\x33\x32\x36\x35\x34\
\x2e\x03\x27\x2e\x03\x35\x34\x3e\x02\x33\x32\x16\x37\x23\x27\x07\
\x23\x37\x33\x02\x2c\x6d\x15\x47\x22\x28\x3b\x0e\x21\x20\x1e\x27\
\x2c\x45\x26\x1e\x9d\x72\x4d\x8e\x2e\x70\x1a\x55\x2a\x2b\x37\x0f\
\x12\x2e\x20\x24\x27\x38\x38\x1e\x30\x50\x5f\x33\x3e\x7d\x07\x82\
\x44\x44\x80\x7c\x94\x02\x7f\x73\x1b\x22\x21\x26\x11\x19\x13\x0d\
\x09\x0d\x10\x25\x28\x43\x28\x73\x79\x36\x30\x72\x21\x2a\x25\x28\
\x10\x19\x11\x14\x0b\x0c\x0d\x1c\x2e\x46\x2e\x38\x59\x33\x1a\x2d\
\x53\x51\x51\x90\x00\x00\x00\x00\x02\x00\x0b\xff\xf0\x01\xbf\x02\
\xcc\x00\x1e\x00\x25\x00\x00\x01\x07\x26\x23\x22\x06\x14\x16\x17\
\x16\x15\x14\x06\x23\x22\x26\x27\x37\x16\x33\x32\x36\x34\x26\x27\
\x26\x35\x34\x36\x33\x32\x37\x23\x27\x07\x23\x37\x33\x01\xbf\x5a\
\x2f\x39\x1a\x24\x26\x35\x9f\x7d\x58\x3e\x75\x26\x5c\x33\x47\x18\
\x23\x2b\x38\x91\x7e\x51\x7d\x49\x82\x44\x44\x80\x7c\x94\x01\xbc\
\x5d\x2d\x14\x28\x12\x0c\x24\x74\x57\x53\x28\x25\x61\x38\x15\x2c\
\x16\x0d\x22\x6f\x52\x55\x3a\x51\x51\x90\x00\x00\x01\x00\x0f\xff\
\x10\x02\x2c\x02\xd6\x00\x45\x00\x00\x05\x14\x06\x23\x22\x27\x37\
\x16\x33\x32\x35\x34\x23\x22\x07\x27\x37\x26\x27\x37\x1e\x01\x33\
\x32\x36\x35\x34\x2e\x03\x27\x2e\x03\x35\x34\x3e\x02\x33\x32\x16\
\x17\x07\x2e\x01\x23\x22\x06\x15\x14\x1e\x02\x17\x1e\x04\x15\x14\
\x06\x0f\x01\x36\x33\x32\x01\xa1\x59\x3a\x43\x34\x1b\x28\x2c\x32\
\x2f\x16\x12\x1f\x36\x96\x53\x70\x1a\x55\x2a\x2b\x37\x0f\x12\x2e\
\x20\x24\x27\x38\x38\x1e\x30\x50\x5f\x33\x3e\x7d\x2d\x6d\x15\x47\
\x22\x28\x3b\x0e\x21\x20\x1e\x27\x2c\x45\x26\x1e\x7c\x60\x23\x07\
\x0b\x67\x8e\x34\x2e\x19\x3c\x13\x21\x1d\x06\x1d\x48\x0c\x59\x72\
\x21\x2a\x25\x28\x10\x19\x11\x14\x0b\x0c\x0d\x1c\x2e\x46\x2e\x38\
\x59\x33\x1a\x2d\x2a\x73\x1b\x22\x21\x26\x11\x19\x13\x0d\x09\x0d\
\x10\x25\x28\x43\x28\x66\x76\x0c\x2e\x01\x00\x00\x01\x00\x0b\xff\
\x10\x01\xbf\x02\x03\x00\x32\x00\x00\x05\x14\x06\x23\x22\x27\x37\
\x16\x33\x32\x35\x34\x23\x22\x07\x27\x37\x26\x27\x37\x16\x33\x32\
\x36\x34\x26\x27\x26\x35\x34\x36\x33\x32\x17\x07\x26\x23\x22\x06\
\x14\x16\x17\x16\x15\x14\x06\x0f\x01\x36\x33\x32\x01\x6b\x59\x3a\
\x43\x34\x1b\x28\x2c\x32\x2f\x16\x12\x1f\x38\x77\x42\x5c\x33\x47\
\x18\x23\x2b\x38\x91\x7e\x51\x7c\x4c\x5a\x2f\x39\x1a\x24\x26\x35\
\x9f\x5c\x46\x25\x07\x0b\x67\x8e\x34\x2e\x19\x3c\x13\x21\x1d\x06\
\x1d\x4b\x0a\x41\x61\x38\x15\x2c\x16\x0d\x22\x6f\x52\x56\x47\x5d\
\x2d\x14\x28\x12\x0c\x24\x74\x4a\x52\x0a\x30\x01\x00\x00\x00\x00\
\x02\x00\x0f\xff\xee\x02\x2c\x03\x8c\x00\x31\x00\x38\x00\x00\x01\
\x07\x2e\x01\x23\x22\x06\x15\x14\x1e\x02\x17\x1e\x04\x15\x14\x06\
\x23\x22\x26\x27\x37\x1e\x01\x33\x32\x36\x35\x34\x2e\x03\x27\x2e\
\x03\x35\x34\x3e\x02\x33\x32\x16\x37\x07\x23\x27\x33\x17\x37\x02\
\x2c\x6d\x15\x47\x22\x28\x3b\x0e\x21\x20\x1e\x27\x2c\x45\x26\x1e\
\x9d\x72\x4d\x8e\x2e\x70\x1a\x55\x2a\x2b\x37\x0f\x12\x2e\x20\x24\
\x27\x38\x38\x1e\x30\x50\x5f\x33\x3e\x7d\x09\x7b\x93\x7c\x82\x44\
\x44\x02\x7f\x73\x1b\x22\x21\x26\x11\x19\x13\x0d\x09\x0d\x10\x25\
\x28\x43\x28\x73\x79\x36\x30\x72\x21\x2a\x25\x28\x10\x19\x11\x14\
\x0b\x0c\x0d\x1c\x2e\x46\x2e\x38\x59\x33\x1a\x2d\xe3\x90\x90\x51\
\x51\x00\x00\x00\x02\x00\x0b\xff\xf0\x01\xbf\x02\xcc\x00\x1e\x00\
\x25\x00\x00\x01\x07\x26\x23\x22\x06\x14\x16\x17\x16\x15\x14\x06\
\x23\x22\x26\x27\x37\x16\x33\x32\x36\x34\x26\x27\x26\x35\x34\x36\
\x33\x32\x37\x07\x23\x27\x33\x17\x37\x01\xbf\x5a\x2f\x39\x1a\x24\
\x26\x35\x9f\x7d\x58\x3e\x75\x26\x5c\x33\x47\x18\x23\x2b\x38\x91\
\x7e\x51\x7d\x48\x7b\x93\x7c\x82\x44\x44\x01\xbc\x5d\x2d\x14\x28\
\x12\x0c\x24\x74\x57\x53\x28\x25\x61\x38\x15\x2c\x16\x0d\x22\x6f\
\x52\x55\xca\x90\x90\x51\x51\x00\x02\x00\x05\xff\x10\x02\x40\x02\
\xc4\x00\x07\x00\x0b\x00\x00\x01\x23\x11\x23\x11\x23\x35\x21\x03\
\x07\x23\x37\x02\x40\xc8\xab\xc8\x02\x3b\xd3\x56\x7e\x43\x02\x32\
\xfd\xce\x02\x32\x92\xfd\x0f\xc3\xc3\x00\x00\x00\x02\x00\x02\xff\
\x10\x01\x67\x02\x75\x00\x15\x00\x19\x00\x00\x01\x23\x15\x14\x16\
\x33\x32\x37\x17\x06\x23\x22\x26\x3d\x01\x23\x35\x33\x35\x33\x15\
\x33\x03\x07\x23\x37\x01\x67\x75\x1c\x22\x1d\x13\x02\x29\x36\x5f\
\x52\x50\x4f\xa1\x75\x47\x56\x7e\x43\x01\x77\xbe\x24\x22\x08\x78\
\x0f\x5c\x55\xd2\x7b\x83\x83\xfd\xe1\xc3\xc3\x00\x02\x00\x05\x00\
\x00\x02\x40\x03\x8c\x00\x07\x00\x0e\x00\x00\x01\x23\x11\x23\x11\
\x23\x35\x21\x27\x07\x23\x27\x33\x17\x37\x02\x40\xc8\xab\xc8\x02\
\x3b\x58\x7b\x93\x7c\x82\x44\x44\x02\x32\xfd\xce\x02\x32\x92\xc8\
\x90\x90\x51\x51\x00\x00\x00\x00\x02\x00\x02\xff\xf4\x01\xe2\x02\
\xdb\x00\x15\x00\x19\x00\x00\x01\x23\x15\x14\x16\x33\x32\x37\x17\
\x06\x23\x22\x26\x3d\x01\x23\x35\x33\x35\x33\x15\x33\x37\x07\x23\
\x37\x01\x67\x75\x1c\x22\x1d\x13\x02\x29\x36\x5f\x52\x50\x4f\xa1\
\x75\x7b\x56\x7e\x43\x01\x77\xbe\x24\x22\x08\x78\x0f\x5c\x55\xd2\
\x7b\x83\x83\xe9\xc3\xc3\x00\x00\x01\x00\x05\x00\x00\x02\x40\x02\
\xc4\x00\x0f\x00\x00\x01\x23\x15\x33\x15\x23\x11\x23\x11\x23\x35\
\x33\x35\x23\x35\x21\x02\x40\xc8\x88\x88\xab\x83\x83\xc8\x02\x3b\
\x02\x32\x55\x59\xfe\x7c\x01\x84\x59\x55\x92\x00\x01\x00\x02\xff\
\xf4\x01\x67\x02\x75\x00\x1d\x00\x00\x25\x23\x15\x14\x16\x33\x32\
\x37\x17\x06\x23\x22\x26\x3d\x01\x23\x35\x33\x35\x23\x35\x33\x35\
\x33\x15\x33\x15\x23\x15\x33\x01\x53\x61\x1c\x22\x1d\x13\x02\x29\
\x36\x5f\x52\x47\x47\x50\x4f\xa1\x75\x75\x61\xd7\x1e\x24\x22\x08\
\x78\x0f\x5c\x55\x32\x59\x47\x7b\x83\x83\x7b\x47\x00\x00\x00\x00\
\x02\x00\x42\xff\xed\x02\xa1\x03\x84\x00\x10\x00\x22\x00\x00\x01\
\x14\x06\x20\x26\x35\x11\x33\x11\x14\x16\x33\x32\x36\x35\x11\x33\
\x27\x0e\x01\x23\x22\x27\x26\x23\x22\x07\x23\x36\x33\x32\x16\x33\
\x32\x37\x02\xa1\xa7\xfe\xec\xa4\xaa\x42\x43\x44\x41\xab\x72\x07\
\x37\x33\x24\x2d\x27\x18\x1f\x0b\x48\x11\x60\x25\x56\x16\x20\x0a\
\x01\x0b\x80\x9e\x9d\x81\x01\xb9\xfe\x55\x3f\x53\x53\x3f\x01\xab\
\xc0\x3a\x4a\x15\x14\x28\x82\x28\x29\x00\x00\x00\x02\x00\x3b\xff\
\xf2\x02\x26\x02\xc4\x00\x13\x00\x25\x00\x00\x21\x23\x35\x23\x0e\
\x01\x23\x22\x26\x35\x11\x33\x11\x14\x33\x32\x36\x35\x11\x33\x27\
\x0e\x01\x23\x22\x27\x26\x23\x22\x07\x23\x36\x33\x32\x16\x33\x32\
\x37\x02\x26\x9e\x02\x12\x52\x32\x5d\x58\xa5\x4a\x29\x2f\xa4\x3b\
\x07\x37\x33\x24\x2d\x27\x18\x1f\x0b\x48\x11\x60\x25\x56\x16\x20\
\x0a\x45\x23\x30\x77\x55\x01\x34\xfe\xf2\x6a\x3e\x2d\x01\x0d\xd2\
\x3a\x4a\x15\x14\x28\x82\x28\x29\x00\x00\x00\x00\x02\x00\x42\xff\
\xed\x02\xa1\x03\x6f\x00\x10\x00\x14\x00\x00\x01\x14\x06\x20\x26\
\x35\x11\x33\x11\x14\x16\x33\x32\x36\x35\x11\x33\x27\x21\x35\x21\
\x02\xa1\xa7\xfe\xec\xa4\xaa\x42\x43\x44\x41\xab\x83\xfe\xb0\x01\
\x50\x01\x0b\x80\x9e\x9d\x81\x01\xb9\xfe\x55\x3f\x53\x53\x3f\x01\
\xab\x55\x56\x00\x02\x00\x3b\xff\xf2\x02\x26\x02\xaf\x00\x13\x00\
\x17\x00\x00\x21\x23\x35\x23\x0e\x01\x23\x22\x26\x35\x11\x33\x11\
\x14\x33\x32\x36\x35\x11\x33\x27\x21\x35\x21\x02\x26\x9e\x02\x12\
\x52\x32\x5d\x58\xa5\x4a\x29\x2f\xa4\x4e\xfe\xb0\x01\x50\x45\x23\
\x30\x77\x55\x01\x34\xfe\xf2\x6a\x3e\x2d\x01\x0d\x67\x56\x00\x00\
\x02\x00\x42\xff\xed\x02\xa1\x03\x8c\x00\x10\x00\x1d\x00\x00\x01\
\x14\x06\x20\x26\x35\x11\x33\x11\x14\x16\x33\x32\x36\x35\x11\x33\
\x27\x0e\x01\x23\x22\x26\x27\x33\x16\x33\x32\x36\x37\x02\xa1\xa7\
\xfe\xec\xa4\xaa\x42\x43\x44\x41\xab\x81\x06\x5e\x4b\x4a\x5e\x05\
\x54\x09\x51\x27\x2d\x06\x01\x0b\x80\x9e\x9d\x81\x01\xb9\xfe\x55\
\x3f\x53\x53\x3f\x01\xab\xc8\x4a\x46\x46\x4a\x37\x17\x20\x00\x00\
\x02\x00\x3b\xff\xf2\x02\x26\x02\xcc\x00\x13\x00\x22\x00\x00\x21\
\x23\x35\x23\x0e\x01\x23\x22\x26\x35\x11\x33\x11\x14\x33\x32\x36\
\x35\x11\x33\x27\x0e\x01\x23\x22\x26\x27\x33\x16\x17\x16\x33\x32\
\x36\x37\x02\x26\x9e\x02\x12\x52\x32\x5d\x58\xa5\x4a\x29\x2f\xa4\
\x47\x06\x5e\x4b\x4a\x5e\x05\x54\x06\x1a\x17\x23\x27\x2d\x06\x45\
\x23\x30\x77\x55\x01\x34\xfe\xf2\x6a\x3e\x2d\x01\x0d\xda\x4a\x46\
\x46\x4a\x1d\x0f\x0b\x17\x20\x00\x03\x00\x42\xff\xed\x02\xa1\x03\
\xc3\x00\x10\x00\x1c\x00\x25\x00\x00\x01\x14\x06\x20\x26\x35\x11\
\x33\x11\x14\x16\x33\x32\x36\x35\x11\x33\x27\x14\x06\x23\x22\x26\
\x35\x34\x36\x33\x32\x16\x06\x34\x26\x22\x06\x15\x14\x16\x32\x02\
\xa1\xa7\xfe\xec\xa4\xaa\x42\x43\x44\x41\xab\xbe\x3f\x2e\x2d\x40\
\x3f\x2e\x2d\x40\x32\x22\x32\x22\x22\x32\x01\x0b\x80\x9e\x9d\x81\
\x01\xb9\xfe\x55\x3f\x53\x53\x3f\x01\xab\x94\x2e\x3d\x3d\x2d\x2e\
\x3e\x3e\x46\x32\x21\x22\x19\x18\x21\x00\x00\x00\x03\x00\x3b\xff\
\xf2\x02\x26\x03\x03\x00\x13\x00\x1f\x00\x28\x00\x00\x21\x23\x35\
\x23\x0e\x01\x23\x22\x26\x35\x11\x33\x11\x14\x33\x32\x36\x35\x11\
\x33\x27\x14\x06\x23\x22\x26\x35\x34\x36\x33\x32\x16\x06\x34\x26\
\x22\x06\x15\x14\x16\x32\x02\x26\x9e\x02\x12\x52\x32\x5d\x58\xa5\
\x4a\x29\x2f\xa4\x88\x3f\x2e\x2d\x40\x3f\x2e\x2d\x40\x32\x22\x32\
\x22\x22\x32\x45\x23\x30\x77\x55\x01\x34\xfe\xf2\x6a\x3e\x2d\x01\
\x0d\xa6\x2e\x3d\x3d\x2d\x2e\x3e\x3e\x46\x32\x21\x22\x19\x18\x21\
\x00\x00\x00\x00\x03\x00\x42\xff\xed\x02\xae\x03\x8c\x00\x10\x00\
\x14\x00\x18\x00\x00\x01\x14\x06\x20\x26\x35\x11\x33\x11\x14\x16\
\x33\x32\x36\x35\x11\x33\x37\x07\x23\x37\x23\x07\x23\x37\x02\xa1\
\xa7\xfe\xec\xa4\xaa\x42\x43\x44\x41\xab\x0d\x92\x7c\x68\x36\x92\
\x7c\x68\x01\x0b\x80\x9e\x9d\x81\x01\xb9\xfe\x55\x3f\x53\x53\x3f\
\x01\xab\xc8\x90\x90\x90\x90\x00\x03\x00\x3b\xff\xf2\x02\x6e\x02\
\xcc\x00\x13\x00\x17\x00\x1b\x00\x00\x21\x23\x35\x23\x0e\x01\x23\
\x22\x26\x35\x11\x33\x11\x14\x33\x32\x36\x35\x11\x33\x37\x07\x23\
\x37\x23\x07\x23\x37\x02\x26\x9e\x02\x12\x52\x32\x5d\x58\xa5\x4a\
\x29\x2f\xa4\x48\x92\x7c\x68\x36\x92\x7c\x68\x45\x23\x30\x77\x55\
\x01\x34\xfe\xf2\x6a\x3e\x2d\x01\x0d\xda\x90\x90\x90\x90\x00\x00\
\x01\x00\x42\xff\x14\x02\xa1\x02\xc4\x00\x20\x00\x00\x05\x06\x23\
\x22\x26\x35\x34\x37\x2e\x01\x35\x11\x33\x11\x14\x16\x33\x32\x36\
\x35\x11\x33\x11\x14\x06\x07\x06\x15\x14\x16\x33\x32\x37\x01\xe3\
\x36\x3d\x2e\x43\x50\x7d\x90\xaa\x42\x43\x44\x41\xab\x82\x6f\x49\
\x15\x10\x1b\x1c\xc4\x28\x2e\x2d\x3e\x42\x0a\x99\x79\x01\xb9\xfe\
\x55\x3f\x53\x53\x3f\x01\xab\xfe\x47\x70\x97\x12\x40\x28\x10\x14\
\x14\x00\x00\x00\x01\x00\x3b\xff\x14\x02\x26\x01\xf2\x00\x22\x00\
\x00\x05\x06\x23\x22\x26\x35\x34\x37\x35\x23\x0e\x01\x23\x22\x26\
\x35\x11\x33\x11\x14\x33\x32\x36\x35\x11\x33\x11\x23\x06\x15\x14\
\x16\x33\x32\x37\x02\x06\x36\x3d\x2e\x43\x66\x02\x12\x52\x32\x5d\
\x58\xa5\x4a\x29\x2f\xa4\x42\x5a\x15\x10\x1b\x1c\xc4\x28\x2e\x2d\
\x47\x4a\x45\x23\x30\x77\x55\x01\x34\xfe\xf2\x6a\x3e\x2d\x01\x0d\
\xfe\x0e\x48\x2e\x10\x14\x14\x00\x02\x00\x00\x00\x00\x04\x01\x03\
\x8c\x00\x0f\x00\x16\x00\x00\x01\x03\x23\x03\x23\x03\x23\x03\x33\
\x13\x33\x13\x33\x13\x33\x13\x27\x23\x27\x07\x23\x37\x33\x04\x01\
\xca\xa9\x8c\x03\x8c\xaa\xc9\xb8\x70\x03\x7e\xb2\x7f\x03\x72\x87\
\x82\x44\x44\x80\x7c\x94\x02\xc4\xfd\x3c\x01\xdf\xfe\x21\x02\xc4\
\xfe\x29\x01\xd7\xfe\x29\x01\xd7\x38\x51\x51\x90\x00\x00\x00\x00\
\x02\x00\x00\x00\x00\x03\x67\x02\xcc\x00\x0f\x00\x16\x00\x00\x01\
\x03\x23\x03\x23\x03\x23\x03\x33\x13\x33\x13\x33\x13\x33\x13\x27\
\x23\x27\x07\x23\x37\x33\x03\x67\xad\xa5\x62\x02\x60\xa5\xac\xb1\
\x56\x03\x59\xa5\x5c\x02\x57\x42\x82\x44\x44\x80\x7c\x94\x01\xf2\
\xfe\x0e\x01\x36\xfe\xca\x01\xf2\xfe\xc5\x01\x3b\xfe\xc5\x01\x3b\
\x4a\x51\x51\x90\x00\x00\x00\x00\x02\xff\xec\x00\x00\x02\xb1\x03\
\x8c\x00\x08\x00\x0f\x00\x00\x09\x01\x11\x23\x11\x01\x33\x1b\x01\
\x37\x23\x27\x07\x23\x37\x33\x02\xb1\xfe\xf0\xab\xfe\xf6\xcf\x97\
\x97\x2e\x82\x44\x44\x80\x7c\x94\x02\xc4\xfe\x68\xfe\xd4\x01\x2c\
\x01\x98\xfe\xfa\x01\x06\x38\x51\x51\x90\x00\x00\x02\xff\xff\xff\
\x10\x02\x38\x02\xcc\x00\x12\x00\x19\x00\x00\x01\x03\x0e\x01\x23\
\x22\x27\x37\x16\x33\x32\x36\x3f\x01\x03\x33\x13\x33\x13\x37\x23\
\x27\x07\x23\x37\x33\x02\x38\xdf\x20\x62\x59\x2e\x2c\x12\x1d\x18\
\x24\x23\x0d\x10\xd0\xb6\x6f\x03\x63\x5f\x82\x44\x44\x80\x7c\x94\
\x01\xf2\xfd\xc3\x54\x51\x0b\x8a\x09\x1f\x24\x29\x01\xea\xfe\xc0\
\x01\x40\x4a\x51\x51\x90\x00\x00\x03\xff\xec\x00\x00\x02\xb1\x03\
\xa3\x00\x08\x00\x13\x00\x1e\x00\x00\x09\x01\x11\x23\x11\x01\x33\
\x1b\x01\x36\x14\x06\x23\x22\x26\x35\x34\x36\x33\x32\x06\x14\x06\
\x23\x22\x26\x35\x34\x36\x33\x32\x02\xb1\xfe\xf0\xab\xfe\xf6\xcf\
\x97\x97\x29\x31\x22\x23\x30\x30\x23\x22\xa8\x31\x23\x22\x31\x31\
\x22\x23\x02\xc4\xfe\x68\xfe\xd4\x01\x2c\x01\x98\xfe\xfa\x01\x06\
\xb0\x44\x30\x30\x22\x21\x30\x2f\x44\x30\x30\x22\x21\x30\x00\x00\
\x02\x00\x27\x00\x00\x02\x55\x03\x8c\x00\x09\x00\x0d\x00\x00\x29\
\x01\x35\x01\x21\x35\x21\x15\x01\x21\x03\x07\x23\x37\x02\x55\xfd\
\xd2\x01\x51\xfe\xb7\x02\x1f\xfe\xa7\x01\x60\x50\x92\x7c\x68\x94\
\x01\x9f\x91\x89\xfe\x59\x02\xf8\x90\x90\x00\x00\x02\x00\x22\x00\
\x00\x01\xde\x02\xcc\x00\x09\x00\x0d\x00\x00\x29\x01\x35\x37\x23\
\x35\x21\x15\x07\x33\x03\x07\x23\x37\x01\xde\xfe\x44\xea\xe1\x01\
\xa9\xf1\xfb\x23\x92\x7c\x68\x80\xf4\x7e\x7b\xf8\x02\x4d\x90\x90\
\x00\x00\x00\x00\x02\x00\x27\x00\x00\x02\x55\x03\xa7\x00\x09\x00\
\x13\x00\x00\x29\x01\x35\x01\x21\x35\x21\x15\x01\x21\x02\x14\x06\
\x23\x22\x26\x34\x36\x33\x32\x02\x55\xfd\xd2\x01\x51\xfe\xb7\x02\
\x1f\xfe\xa7\x01\x60\xb3\x34\x26\x25\x34\x34\x25\x26\x94\x01\x9f\
\x91\x89\xfe\x59\x02\xe1\x48\x31\x32\x46\x33\x00\x02\x00\x22\x00\
\x00\x01\xde\x02\xe7\x00\x09\x00\x13\x00\x00\x29\x01\x35\x37\x23\
\x35\x21\x15\x07\x33\x02\x14\x06\x23\x22\x26\x34\x36\x33\x32\x01\
\xde\xfe\x44\xea\xe1\x01\xa9\xf1\xfb\x81\x34\x26\x25\x34\x34\x25\
\x26\x80\xf4\x7e\x7b\xf8\x02\x36\x48\x31\x32\x46\x33\x00\x00\x00\
\x02\x00\x27\x00\x00\x02\x55\x03\x8c\x00\x09\x00\x10\x00\x00\x29\
\x01\x35\x01\x21\x35\x21\x15\x01\x21\x03\x07\x23\x27\x33\x17\x37\
\x02\x55\xfd\xd2\x01\x51\xfe\xb7\x02\x1f\xfe\xa7\x01\x60\x51\x7b\
\x93\x7c\x82\x44\x44\x94\x01\x9f\x91\x89\xfe\x59\x02\xf8\x90\x90\
\x51\x51\x00\x00\x02\x00\x22\x00\x00\x01\xde\x02\xcc\x00\x09\x00\
\x10\x00\x00\x29\x01\x35\x37\x23\x35\x21\x15\x07\x33\x03\x07\x23\
\x27\x33\x17\x37\x01\xde\xfe\x44\xea\xe1\x01\xa9\xf1\xfb\x13\x7b\
\x93\x7c\x82\x44\x44\x80\xf4\x7e\x7b\xf8\x02\x4d\x90\x90\x51\x51\
\x00\x00\x00\x00\x01\xff\xfe\xff\x75\x02\x5e\x02\xd3\x00\x20\x00\
\x00\x01\x15\x23\x03\x06\x23\x22\x27\x37\x16\x33\x32\x36\x3f\x01\
\x23\x35\x33\x37\x3e\x03\x33\x32\x17\x07\x26\x23\x22\x06\x0f\x01\
\x02\x10\x94\x37\x25\xa8\x44\x36\x3a\x17\x1b\x1f\x1f\x08\x31\x72\
\x86\x10\x0a\x18\x2e\x4c\x34\x4f\x3a\x3c\x1e\x1b\x21\x1f\x09\x0e\
\x01\xb4\x71\xfe\xee\xbc\x1c\x78\x10\x2d\x2c\xf1\x71\x4e\x2d\x41\
\x41\x22\x22\x79\x12\x2c\x29\x41\x00\x00\x00\x00\x02\x00\x0f\xff\
\x10\x02\x2c\x02\xd6\x00\x31\x00\x35\x00\x00\x01\x07\x2e\x01\x23\
\x22\x06\x15\x14\x1e\x02\x17\x1e\x04\x15\x14\x06\x23\x22\x26\x27\
\x37\x1e\x01\x33\x32\x36\x35\x34\x2e\x03\x27\x2e\x03\x35\x34\x3e\
\x02\x33\x32\x16\x03\x07\x23\x37\x02\x2c\x6d\x15\x47\x22\x28\x3b\
\x0e\x21\x20\x1e\x27\x2c\x45\x26\x1e\x9d\x72\x4d\x8e\x2e\x70\x1a\
\x55\x2a\x2b\x37\x0f\x12\x2e\x20\x24\x27\x38\x38\x1e\x30\x50\x5f\
\x33\x3e\x7d\x93\x56\x7e\x43\x02\x7f\x73\x1b\x22\x21\x26\x11\x19\
\x13\x0d\x09\x0d\x10\x25\x28\x43\x28\x73\x79\x36\x30\x72\x21\x2a\
\x25\x28\x10\x19\x11\x14\x0b\x0c\x0d\x1c\x2e\x46\x2e\x38\x59\x33\
\x1a\x2d\xfd\x2a\xc3\xc3\x00\x00\x02\x00\x0b\xff\x10\x01\xbf\x02\
\x02\x00\x1e\x00\x22\x00\x00\x01\x07\x26\x23\x22\x06\x14\x16\x17\
\x16\x15\x14\x06\x23\x22\x26\x27\x37\x16\x33\x32\x36\x34\x26\x27\
\x26\x35\x34\x36\x33\x32\x03\x07\x23\x37\x01\xbf\x5a\x2f\x39\x1a\
\x24\x26\x35\x9f\x7d\x58\x3e\x75\x26\x5c\x33\x47\x18\x23\x2b\x38\
\x91\x7e\x51\x7d\x44\x56\x7e\x43\x01\xbc\x5d\x2d\x14\x28\x12\x0c\
\x24\x74\x57\x53\x28\x25\x61\x38\x15\x2c\x16\x0d\x22\x6f\x52\x55\
\xfd\xd1\xc3\xc3\x00\x00\x00\x00\x02\x00\x05\xff\x10\x02\x40\x02\
\xc4\x00\x07\x00\x0b\x00\x00\x01\x23\x11\x23\x11\x23\x35\x21\x03\
\x07\x23\x37\x02\x40\xc8\xab\xc8\x02\x3b\xd3\x56\x7e\x43\x02\x32\
\xfd\xce\x02\x32\x92\xfd\x0f\xc3\xc3\x00\x00\x00\x02\x00\x02\xff\
\x10\x01\x67\x02\x75\x00\x15\x00\x19\x00\x00\x01\x23\x15\x14\x16\
\x33\x32\x37\x17\x06\x23\x22\x26\x3d\x01\x23\x35\x33\x35\x33\x15\
\x33\x03\x07\x23\x37\x01\x67\x75\x1c\x22\x1d\x13\x02\x29\x36\x5f\
\x52\x50\x4f\xa1\x75\x47\x56\x7e\x43\x01\x77\xbe\x24\x22\x08\x78\
\x0f\x5c\x55\xd2\x7b\x83\x83\xfd\xe1\xc3\xc3\x00\x01\xff\xdb\xff\
\x10\x00\xe9\x01\xf2\x00\x0f\x00\x00\x17\x14\x0e\x02\x23\x22\x27\
\x37\x16\x33\x32\x36\x35\x11\x33\xe9\x12\x2a\x51\x3a\x2a\x1d\x0b\
\x0f\x14\x22\x1a\xa4\x0d\x32\x4c\x42\x23\x08\x89\x05\x2d\x2a\x01\
\xff\x00\x00\x00\x01\xff\xd1\x02\x3c\x01\x5b\x02\xcc\x00\x06\x00\
\x00\x01\x23\x27\x07\x23\x37\x33\x01\x5b\x82\x44\x44\x80\x7c\x94\
\x02\x3c\x51\x51\x90\x00\x00\x00\x01\xff\xd1\x02\x3c\x01\x5b\x02\
\xcc\x00\x06\x00\x00\x01\x07\x23\x27\x33\x17\x37\x01\x5b\x7b\x93\
\x7c\x82\x44\x44\x02\xcc\x90\x90\x51\x51\x00\x00\x01\xff\xee\x03\
\x19\x01\x3e\x03\x6f\x00\x03\x00\x00\x01\x21\x35\x21\x01\x3e\xfe\
\xb0\x01\x50\x03\x19\x56\x00\x00\x01\xff\xe8\x02\x3c\x01\x44\x02\
\xcc\x00\x0e\x00\x00\x01\x0e\x01\x23\x22\x26\x27\x33\x16\x17\x16\
\x33\x32\x36\x37\x01\x44\x06\x5e\x4b\x4a\x5e\x05\x54\x06\x1a\x17\
\x23\x27\x2d\x06\x02\xcc\x4a\x46\x46\x4a\x1d\x0f\x0b\x17\x20\x00\
\x01\x00\x3d\x02\x3c\x00\xf0\x02\xe7\x00\x09\x00\x00\x12\x14\x06\
\x23\x22\x26\x34\x36\x33\x32\xf0\x34\x26\x25\x34\x34\x25\x26\x02\
\xb5\x48\x31\x32\x46\x33\x00\x00\x02\x00\x29\x02\x2d\x01\x03\x03\
\x03\x00\x0b\x00\x14\x00\x00\x01\x14\x06\x23\x22\x26\x35\x34\x36\
\x33\x32\x16\x06\x34\x26\x22\x06\x15\x14\x16\x32\x01\x03\x3f\x2e\
\x2d\x40\x3f\x2e\x2d\x40\x32\x22\x32\x22\x22\x32\x02\x98\x2e\x3d\
\x3d\x2d\x2e\x3e\x3e\x46\x32\x21\x22\x19\x18\x21\x00\x00\x00\x00\
\x01\x00\x0c\xff\x14\x00\xf0\x00\x04\x00\x0f\x00\x00\x17\x06\x23\
\x22\x26\x35\x34\x37\x33\x06\x15\x14\x16\x33\x32\x37\xf0\x36\x3d\
\x2e\x43\x6c\x5b\x5f\x15\x10\x1b\x1c\xc4\x28\x2e\x2d\x49\x4c\x4b\
\x2f\x10\x14\x14\x00\x00\x00\x00\x01\xff\xdc\x02\x40\x01\x4f\x02\
\xc4\x00\x11\x00\x00\x01\x0e\x01\x23\x22\x27\x26\x23\x22\x07\x23\
\x36\x33\x32\x16\x33\x32\x37\x01\x4f\x07\x37\x33\x24\x2d\x27\x18\
\x1f\x0b\x48\x11\x60\x25\x56\x16\x20\x0a\x02\xc4\x3a\x4a\x15\x14\
\x28\x82\x28\x29\x00\x00\x00\x00\x02\xff\xde\x02\x3c\x01\xc8\x02\
\xcc\x00\x03\x00\x07\x00\x00\x01\x07\x23\x37\x23\x07\x23\x37\x01\
\xc8\x92\x7c\x68\x36\x92\x7c\x68\x02\xcc\x90\x90\x90\x90\x00\x00\
\x02\x00\x1b\x00\x00\x02\xc3\x02\xc4\x00\x05\x00\x08\x00\x00\x29\
\x01\x35\x01\x33\x01\x27\x0b\x01\x02\xc3\xfd\x58\x01\x02\xa6\x01\
\x00\xcb\x8b\x8e\x66\x02\x5e\xfd\xa6\x2a\x01\x73\xfe\x8d\x00\x00\
\x01\x00\x2d\x00\x00\x02\xcb\x02\xd7\x00\x20\x00\x00\x29\x01\x35\
\x3e\x01\x35\x34\x26\x22\x06\x15\x14\x16\x17\x15\x21\x35\x33\x35\
\x2e\x01\x35\x34\x36\x33\x32\x16\x15\x14\x06\x07\x15\x33\x02\xc2\
\xfe\xe1\x39\x42\x5b\x8e\x5b\x49\x32\xfe\xe1\x9d\x4c\x5a\xc0\x8d\
\x92\xbf\x57\x4f\x9d\xdb\x10\x63\x41\x51\x5d\x5e\x50\x48\x5f\x0d\
\xdb\x90\x0b\x1c\x8a\x5f\x91\xa6\xa7\x90\x5c\x8b\x1e\x0b\x00\x00\
\x01\x00\x40\xff\x10\x02\x74\x01\xf2\x00\x1d\x00\x00\x25\x17\x06\
\x23\x22\x27\x23\x0e\x01\x23\x22\x27\x23\x15\x23\x11\x33\x11\x14\
\x33\x32\x36\x35\x11\x33\x11\x14\x16\x33\x32\x02\x72\x02\x24\x31\
\x60\x0f\x02\x0d\x42\x2a\x37\x16\x02\xa6\xa6\x4a\x29\x2f\xa6\x12\
\x14\x0f\x79\x78\x0d\x51\x20\x33\x1b\xfd\x02\xe2\xfe\xf4\x6c\x3e\
\x2f\x01\x0b\xfe\xad\x17\x14\x00\x01\x00\x1e\xff\xf4\x02\xa4\x01\
\xf2\x00\x14\x00\x00\x25\x06\x23\x22\x26\x3d\x01\x23\x03\x23\x13\
\x23\x35\x21\x15\x23\x15\x14\x33\x32\x37\x02\x84\x25\x3c\x45\x42\
\x7d\x2d\x9d\x34\x6b\x02\x86\x71\x29\x0e\x18\x01\x0d\x44\x4d\xec\
\xfe\x8f\x01\x71\x81\x81\xd6\x28\x06\x00\x00\x00\x02\x00\x49\x00\
\x00\x02\x37\x03\x8c\x00\x0b\x00\x0f\x00\x00\x33\x11\x21\x15\x21\
\x15\x21\x15\x21\x15\x21\x15\x03\x23\x27\x33\x49\x01\xdc\xfe\xc9\
\x01\x26\xfe\xda\x01\x49\xa7\x7c\x92\xa6\x02\xc4\x91\x85\x89\x93\
\x92\x02\xfc\x90\x00\x00\x00\x00\x03\x00\x49\x00\x00\x02\x37\x03\
\xa3\x00\x0b\x00\x16\x00\x21\x00\x00\x33\x11\x21\x15\x21\x15\x21\
\x15\x21\x15\x21\x15\x02\x14\x06\x23\x22\x26\x35\x34\x36\x33\x32\
\x06\x14\x06\x23\x22\x26\x35\x34\x36\x33\x32\x49\x01\xdc\xfe\xc9\
\x01\x26\xfe\xda\x01\x49\x44\x31\x22\x23\x30\x30\x23\x22\xa8\x31\
\x23\x22\x31\x31\x22\x23\x02\xc4\x91\x85\x89\x93\x92\x03\x74\x44\
\x30\x30\x22\x21\x30\x2f\x44\x30\x30\x22\x21\x30\x00\x00\x00\x00\
\x01\x00\x05\xff\xf6\x03\x15\x02\xc4\x00\x1b\x00\x00\x05\x22\x27\
\x37\x16\x33\x32\x35\x34\x23\x22\x07\x11\x23\x11\x23\x35\x21\x15\
\x23\x15\x36\x33\x32\x16\x15\x14\x06\x02\x20\x38\x32\x0f\x17\x1d\
\x6f\x82\x45\x29\xab\xc8\x02\x3a\xc7\x4f\x51\x7a\x83\x8b\x0a\x0a\
\x81\x07\x53\x59\x13\xfe\xed\x02\x33\x91\x91\xa1\x16\x74\x6b\x6a\
\x69\x00\x00\x00\x02\x00\x49\x00\x00\x02\x06\x03\x8c\x00\x03\x00\
\x09\x00\x00\x01\x07\x23\x37\x03\x11\x21\x15\x21\x11\x01\xcf\x92\
\x7c\x68\xe0\x01\xbd\xfe\xee\x03\x8c\x90\x90\xfc\x74\x02\xc4\x92\
\xfd\xce\x00\x00\x01\x00\x28\xff\xed\x02\xb3\x02\xd7\x00\x1a\x00\
\x00\x05\x22\x26\x35\x34\x36\x33\x32\x16\x17\x07\x26\x23\x22\x06\
\x07\x21\x15\x21\x1e\x01\x33\x32\x37\x17\x0e\x01\x01\xa3\xa2\xd9\
\xd9\xa2\x50\x8f\x2c\x6c\x32\x6f\x45\x66\x0e\x01\x05\xfe\xf9\x0a\
\x68\x48\x74\x37\x68\x2c\x8c\x13\xd2\xa3\xa4\xd1\x38\x30\x79\x47\
\x52\x3e\x88\x44\x5a\x4c\x73\x34\x3f\x00\x00\x00\x01\x00\x0f\xff\
\xee\x02\x2c\x02\xd6\x00\x31\x00\x00\x05\x22\x26\x27\x37\x1e\x01\
\x33\x32\x36\x35\x34\x2e\x03\x27\x2e\x03\x35\x34\x3e\x02\x33\x32\
\x16\x17\x07\x2e\x01\x23\x22\x06\x15\x14\x1e\x02\x17\x1e\x04\x15\
\x14\x06\x01\x18\x4d\x8e\x2e\x70\x1a\x55\x2a\x2b\x37\x0f\x12\x2e\
\x20\x24\x27\x38\x38\x1e\x30\x50\x5f\x33\x3e\x7d\x2d\x6d\x15\x47\
\x22\x28\x3b\x0e\x21\x20\x1e\x27\x2c\x45\x26\x1e\x9d\x12\x36\x30\
\x72\x21\x2a\x25\x28\x10\x19\x11\x14\x0b\x0c\x0d\x1c\x2e\x46\x2e\
\x38\x59\x33\x1a\x2d\x2a\x73\x1b\x22\x21\x26\x11\x19\x13\x0d\x09\
\x0d\x10\x25\x28\x43\x28\x73\x79\x00\x00\x00\x00\x01\x00\x49\x00\
\x00\x00\xf5\x02\xc4\x00\x03\x00\x00\x33\x11\x33\x11\x49\xac\x02\
\xc4\xfd\x3c\x00\x03\xff\xdf\x00\x00\x01\x5f\x03\xa3\x00\x03\x00\
\x0e\x00\x19\x00\x00\x33\x11\x33\x11\x12\x14\x06\x23\x22\x26\x35\
\x34\x36\x33\x32\x06\x14\x06\x23\x22\x26\x35\x34\x36\x33\x32\x49\
\xac\x6a\x31\x22\x23\x30\x30\x23\x22\xa8\x31\x23\x22\x31\x31\x22\
\x23\x02\xc4\xfd\x3c\x03\x74\x44\x30\x30\x22\x21\x30\x2f\x44\x30\
\x30\x22\x21\x30\x00\x00\x00\x00\x01\xff\xfd\xff\xed\x01\xcc\x02\
\xc4\x00\x12\x00\x00\x17\x22\x26\x27\x37\x1e\x01\x33\x32\x36\x35\
\x11\x33\x11\x14\x0e\x03\xe3\x57\x7b\x14\x97\x07\x25\x1b\x27\x1e\
\xac\x0b\x1f\x32\x55\x13\x5c\x4a\x33\x1c\x22\x36\x33\x01\xd3\xfe\
\x2e\x25\x43\x48\x34\x21\x00\x00\x02\x00\x07\xff\xf9\x04\x44\x02\
\xc4\x00\x1a\x00\x22\x00\x00\x17\x22\x27\x37\x16\x33\x32\x3e\x01\
\x3d\x01\x21\x11\x33\x32\x1e\x01\x15\x14\x06\x23\x21\x11\x23\x15\
\x14\x06\x25\x33\x32\x36\x35\x34\x2b\x01\x69\x3d\x25\x0e\x14\x16\
\x29\x33\x1f\x02\x1c\x5a\x4f\x77\x4e\x9b\x78\xfe\xfa\xcd\x74\x01\
\xec\x4e\x36\x41\x77\x4e\x07\x0b\x8e\x07\x32\x91\x7c\xfa\xfe\xfc\
\x29\x67\x4f\x70\x71\x02\x33\x62\xff\xd9\x8f\x2d\x2d\x59\x00\x00\
\x02\x00\x49\x00\x00\x04\x25\x02\xc4\x00\x14\x00\x1b\x00\x00\x33\
\x11\x33\x11\x21\x11\x33\x11\x33\x32\x1e\x02\x15\x14\x06\x23\x21\
\x11\x21\x11\x25\x33\x32\x35\x34\x2b\x01\x49\xab\x01\x14\xab\x67\
\x39\x5d\x4b\x2a\x96\x74\xfe\xed\xfe\xec\x01\xbf\x54\x73\x73\x54\
\x02\xc4\xfe\xf5\x01\x0b\xfe\xf5\x18\x32\x57\x3a\x6f\x6f\x01\x2e\
\xfe\xd2\x89\x57\x56\x00\x00\x00\x01\x00\x05\x00\x00\x03\x02\x02\
\xc4\x00\x15\x00\x00\x33\x11\x23\x35\x21\x15\x23\x15\x36\x33\x32\
\x16\x1d\x01\x23\x35\x34\x26\x23\x22\x07\x11\xcd\xc8\x02\x3a\xc7\
\x4f\x50\x79\x72\xab\x33\x3c\x49\x27\x02\x33\x91\x91\xa1\x16\x63\
\x6c\xd9\xae\x3c\x32\x12\xfe\xf6\x00\x00\x00\x00\x02\x00\x49\x00\
\x00\x02\xd9\x03\x8c\x00\x03\x00\x10\x00\x00\x01\x07\x23\x37\x01\
\x11\x33\x11\x33\x13\x33\x09\x01\x23\x01\x23\x11\x02\x26\x92\x7c\
\x68\xfe\xc9\xa8\x03\xfd\xd6\xfe\xcf\x01\x43\xdf\xfe\xf9\x02\x03\
\x8c\x90\x90\xfc\x74\x02\xc4\xfe\xe0\x01\x20\xfe\xba\xfe\x82\x01\
\x46\xfe\xba\x00\x02\x00\x49\x00\x00\x02\xba\x03\x8c\x00\x0b\x00\
\x0f\x00\x00\x33\x11\x33\x11\x33\x01\x33\x11\x23\x11\x23\x01\x13\
\x23\x27\x33\x49\xa9\x04\x01\x10\xb4\xa9\x03\xfe\xf2\xbe\x7c\x92\
\xa6\x02\xc4\xfe\x2e\x01\xd2\xfd\x3c\x01\xc7\xfe\x39\x02\xfc\x90\
\x00\x00\x00\x00\x02\xff\xf1\xff\xf4\x02\xb8\x03\x99\x00\x14\x00\
\x21\x00\x00\x17\x22\x27\x37\x16\x33\x32\x36\x3f\x01\x01\x33\x1b\
\x01\x33\x01\x0e\x04\x12\x22\x26\x27\x37\x1e\x01\x33\x32\x36\x37\
\x17\x06\xa7\x43\x2e\x15\x23\x1d\x2b\x2c\x1a\x03\xfe\xf2\xc5\xa6\
\x9c\xc0\xfe\xf7\x18\x1e\x31\x30\x46\xd0\x8e\x5d\x0b\x55\x04\x30\
\x26\x25\x30\x04\x56\x0c\x0c\x0c\x8d\x0b\x2b\x33\x06\x01\xde\xfe\
\xbd\x01\x43\xfe\x08\x2d\x34\x40\x20\x17\x03\x08\x46\x46\x11\x1f\
\x24\x24\x1f\x11\x46\x00\x00\x00\x01\x00\x49\xff\x69\x02\xaf\x02\
\xc4\x00\x0b\x00\x00\x05\x35\x23\x11\x33\x11\x21\x11\x33\x11\x23\
\x15\x01\x31\xe8\xab\x01\x10\xab\xe8\x97\x97\x02\xc4\xfd\xce\x02\
\x32\xfd\x3c\x97\x00\x00\x00\x00\x02\xff\xf2\x00\x00\x02\xe7\x02\
\xc4\x00\x07\x00\x0a\x00\x00\x23\x01\x33\x01\x23\x27\x21\x07\x13\
\x33\x27\x0e\x01\x29\xa6\x01\x26\xbe\x37\xfe\xee\x34\x65\xb2\x58\
\x02\xc4\xfd\x3c\x8b\x8b\x01\x14\xf3\x00\x00\x00\x02\x00\x49\x00\
\x00\x02\x6e\x02\xc4\x00\x0c\x00\x12\x00\x00\x33\x11\x21\x15\x21\
\x15\x33\x32\x16\x15\x14\x06\x23\x27\x33\x32\x34\x2b\x01\x49\x01\
\xf2\xfe\xb9\x6e\x77\x95\x97\x74\x6f\x5c\x72\x72\x5c\x02\xc4\x8b\
\x86\x69\x70\x6d\x6d\x88\xa6\x00\x03\x00\x49\x00\x00\x02\x71\x02\
\xc4\x00\x13\x00\x1a\x00\x22\x00\x00\x33\x11\x21\x32\x1e\x02\x15\
\x14\x06\x07\x15\x1e\x01\x15\x14\x0e\x02\x23\x27\x33\x32\x35\x34\
\x2b\x01\x35\x33\x32\x36\x35\x34\x2b\x01\x49\x01\x1a\x2d\x4f\x4a\
\x2b\x3e\x36\x40\x51\x2d\x4f\x5d\x35\x75\x60\x78\x79\x5f\x5c\x30\
\x35\x6d\x54\x02\xc4\x11\x27\x4b\x33\x39\x4e\x12\x02\x0b\x57\x43\
\x37\x53\x2e\x16\x8a\x54\x4e\x7e\x28\x25\x45\x00\x01\x00\x49\x00\
\x00\x02\x06\x02\xc4\x00\x05\x00\x00\x33\x11\x21\x15\x21\x11\x49\
\x01\xbd\xfe\xee\x02\xc4\x92\xfd\xce\x00\x00\x00\x02\x00\x0c\xff\
\x69\x03\x10\x02\xc4\x00\x0d\x00\x13\x00\x00\x17\x11\x33\x36\x11\
\x35\x21\x11\x33\x11\x23\x35\x21\x15\x13\x21\x11\x23\x15\x14\x0c\
\x3e\x60\x02\x18\x4e\x96\xfe\x28\x61\x01\x14\xc8\x97\x01\x29\x77\
\x01\x07\xb4\xfd\xce\xfe\xd7\x97\x97\x01\x29\x01\xa1\x39\xf1\x00\
\x01\x00\x49\x00\x00\x02\x37\x02\xc4\x00\x0b\x00\x00\x33\x11\x21\
\x15\x21\x15\x21\x15\x21\x15\x21\x15\x49\x01\xdc\xfe\xc9\x01\x26\
\xfe\xda\x01\x49\x02\xc4\x91\x85\x89\x93\x92\x00\x01\xff\xee\x00\
\x00\x04\x2c\x02\xc4\x00\x15\x00\x00\x23\x09\x01\x33\x13\x33\x11\
\x33\x11\x33\x13\x33\x09\x01\x23\x03\x23\x11\x23\x11\x23\x03\x12\
\x01\x20\xfe\xf0\xcd\xeb\x01\xaa\x02\xeb\xce\xfe\xee\x01\x22\xd7\
\xf1\x02\xab\x01\xf3\x01\x81\x01\x43\xfe\xd8\x01\x28\xfe\xd8\x01\
\x28\xfe\xbd\xfe\x7f\x01\x4c\xfe\xb4\x01\x4c\xfe\xb4\x00\x00\x00\
\x01\x00\x0e\xff\xed\x02\x3b\x02\xd7\x00\x24\x00\x00\x05\x22\x27\
\x37\x16\x33\x32\x36\x35\x34\x2b\x01\x35\x33\x32\x35\x34\x26\x23\
\x22\x07\x27\x36\x33\x32\x16\x15\x14\x06\x07\x15\x1e\x01\x15\x14\
\x0e\x01\x01\x2e\xb8\x68\x66\x3b\x65\x31\x46\x8d\x39\x3d\x79\x3e\
\x27\x59\x36\x63\x60\xa1\x75\x8c\x42\x33\x3e\x4c\x52\x78\x13\x6a\
\x6f\x4b\x32\x2a\x59\x7b\x53\x23\x29\x3e\x69\x62\x66\x59\x3e\x56\
\x0e\x03\x11\x57\x44\x45\x67\x2e\x00\x00\x00\x00\x01\x00\x49\x00\
\x00\x02\xba\x02\xc4\x00\x0b\x00\x00\x33\x11\x33\x11\x33\x01\x33\
\x11\x23\x11\x23\x01\x49\xa9\x04\x01\x10\xb4\xa9\x03\xfe\xf2\x02\
\xc4\xfe\x2e\x01\xd2\xfd\x3c\x01\xc7\xfe\x39\x00\x02\x00\x49\x00\
\x00\x02\xba\x03\x99\x00\x0b\x00\x18\x00\x00\x33\x11\x33\x11\x33\
\x01\x33\x11\x23\x11\x23\x01\x12\x22\x26\x27\x37\x1e\x01\x33\x32\
\x36\x37\x17\x06\x49\xa9\x04\x01\x10\xb4\xa9\x03\xfe\xf2\xc2\x8e\
\x5d\x0b\x55\x04\x30\x26\x25\x30\x04\x56\x0c\x02\xc4\xfe\x2e\x01\
\xd2\xfd\x3c\x01\xc7\xfe\x39\x02\xfc\x46\x46\x11\x1f\x24\x24\x1f\
\x11\x46\x00\x00\x01\x00\x49\x00\x00\x02\xd9\x02\xc4\x00\x0c\x00\
\x00\x33\x11\x33\x11\x33\x13\x33\x09\x01\x23\x01\x23\x11\x49\xa8\
\x03\xfd\xd6\xfe\xcf\x01\x43\xdf\xfe\xf9\x02\x02\xc4\xfe\xe0\x01\
\x20\xfe\xba\xfe\x82\x01\x46\xfe\xba\x00\x00\x00\x01\x00\x07\xff\
\xf9\x02\xd6\x02\xc4\x00\x12\x00\x00\x17\x22\x27\x37\x16\x33\x32\
\x3e\x01\x3d\x01\x21\x11\x23\x11\x23\x15\x14\x06\x69\x3d\x25\x0e\
\x14\x16\x29\x33\x1f\x02\x1c\xab\xcd\x74\x07\x0b\x8e\x07\x32\x91\
\x7c\xfa\xfd\x3c\x02\x33\x62\xff\xd9\x00\x00\x00\x01\x00\x49\x00\
\x00\x03\x72\x02\xc4\x00\x0f\x00\x00\x33\x11\x33\x13\x33\x13\x33\
\x11\x23\x13\x23\x03\x23\x03\x23\x13\x49\xf3\xa1\x04\x9a\xf7\xa7\
\x04\x03\xb8\x78\xb3\x03\x04\x02\xc4\xfe\x3a\x01\xc6\xfd\x3c\x01\
\xf5\xfe\x0b\x01\xf5\xfe\x0b\x00\x01\x00\x49\x00\x00\x02\xb3\x02\
\xc4\x00\x0b\x00\x00\x33\x11\x33\x11\x21\x11\x33\x11\x23\x11\x21\
\x11\x49\xab\x01\x14\xab\xab\xfe\xec\x02\xc4\xfe\xf4\x01\x0c\xfd\
\x3c\x01\x28\xfe\xd8\x00\x00\x00\x02\x00\x28\xff\xed\x03\x2b\x02\
\xd7\x00\x0b\x00\x15\x00\x00\x05\x22\x26\x35\x34\x36\x33\x32\x16\
\x15\x14\x06\x24\x32\x36\x35\x34\x26\x22\x06\x15\x14\x01\xa9\xa7\
\xda\xd9\xa8\xa9\xd9\xda\xfe\xff\xb2\x72\x72\xb2\x71\x13\xd1\xa7\
\xa8\xca\xca\xa8\xa7\xd1\x9c\x7c\x60\x5e\x7a\x7a\x5e\x60\x00\x00\
\x01\x00\x49\x00\x00\x02\xaf\x02\xc4\x00\x07\x00\x00\x33\x11\x21\
\x11\x23\x11\x21\x11\x49\x02\x66\xab\xfe\xf0\x02\xc4\xfd\x3c\x02\
\x33\xfd\xcd\x00\x02\x00\x49\x00\x00\x02\x62\x02\xc4\x00\x0b\x00\
\x12\x00\x00\x33\x11\x21\x32\x16\x15\x14\x0e\x01\x2b\x01\x19\x01\
\x33\x32\x35\x34\x2b\x01\x49\x01\x04\x7e\x97\x51\x79\x4f\x55\x48\
\x7b\x78\x4b\x02\xc4\x67\x73\x4e\x68\x29\xfe\xf5\x01\x93\x56\x51\
\x00\x00\x00\x00\x01\x00\x28\xff\xed\x02\xb8\x02\xd7\x00\x17\x00\
\x00\x05\x22\x26\x35\x34\x36\x33\x32\x16\x17\x07\x2e\x01\x23\x22\
\x06\x15\x14\x16\x33\x32\x37\x17\x06\x01\xa5\xa5\xd8\xdb\xa5\x4d\
\x91\x2b\x74\x17\x4d\x2b\x59\x73\x70\x59\x63\x33\x77\x65\x13\xd1\
\xa5\xa7\xcd\x37\x31\x74\x20\x21\x7b\x5e\x60\x79\x48\x70\x75\x00\
\x01\x00\x05\x00\x00\x02\x40\x02\xc4\x00\x07\x00\x00\x33\x11\x23\
\x35\x21\x15\x23\x11\xcd\xc8\x02\x3b\xc8\x02\x32\x92\x92\xfd\xce\
\x00\x00\x00\x00\x01\xff\xf1\xff\xf4\x02\xb8\x02\xc4\x00\x14\x00\
\x00\x17\x22\x27\x37\x16\x33\x32\x36\x3f\x01\x01\x33\x1b\x01\x33\
\x01\x0e\x04\xa7\x43\x2e\x15\x23\x1d\x2b\x2c\x1a\x03\xfe\xf2\xc5\
\xa6\x9c\xc0\xfe\xf7\x18\x1e\x31\x30\x46\x0c\x0c\x8d\x0b\x2b\x33\
\x06\x01\xde\xfe\xbd\x01\x43\xfe\x08\x2d\x34\x40\x20\x17\x00\x00\
\x03\x00\x23\xff\xed\x03\x67\x02\xd7\x00\x11\x00\x17\x00\x1d\x00\
\x00\x05\x35\x2e\x01\x35\x34\x36\x37\x35\x33\x15\x1e\x01\x15\x14\
\x06\x07\x15\x27\x11\x0e\x01\x15\x14\x05\x36\x35\x34\x26\x27\x01\
\x6f\x92\xba\xb0\x9c\xab\x9c\xb1\xba\x93\xab\x51\x4c\x01\x48\x9d\
\x4c\x51\x13\x56\x02\xa4\x84\x8b\x9a\x05\x40\x40\x05\x9a\x8b\x83\
\xa5\x02\x56\xe7\x01\x32\x07\x51\x42\x87\x11\x11\x87\x42\x51\x07\
\x00\x00\x00\x00\x01\xff\xf8\x00\x00\x02\xc7\x02\xc4\x00\x0b\x00\
\x00\x23\x13\x03\x33\x17\x37\x33\x03\x01\x23\x27\x07\x08\xf8\xe4\
\xce\x84\x82\xc7\xe0\x01\x00\xd3\x9b\x95\x01\x76\x01\x4e\xdc\xdc\
\xfe\xb2\xfe\x8a\xfa\xfa\x00\x00\x01\x00\x49\xff\x69\x02\xfc\x02\
\xc4\x00\x0b\x00\x00\x05\x35\x21\x11\x33\x11\x21\x11\x33\x11\x33\
\x11\x02\x66\xfd\xe3\xab\x01\x10\xab\x4d\x97\x97\x02\xc4\xfd\xce\
\x02\x32\xfd\xce\xfe\xd7\x00\x00\x01\x00\x40\x00\x00\x02\x75\x02\
\xc4\x00\x11\x00\x00\x21\x11\x06\x23\x22\x26\x35\x11\x33\x15\x14\
\x16\x33\x32\x37\x11\x33\x11\x01\xca\x4f\x4f\x79\x73\xa9\x35\x3d\
\x49\x26\xab\x01\x06\x16\x63\x6c\x01\x05\xda\x3c\x32\x12\x01\x36\
\xfd\x3c\x00\x00\x01\x00\x49\x00\x00\x04\x08\x02\xc4\x00\x0b\x00\
\x00\x33\x11\x33\x11\x33\x11\x33\x11\x33\x11\x33\x11\x49\xab\xdf\
\xab\xdf\xab\x02\xc4\xfd\xce\x02\x32\xfd\xce\x02\x32\xfd\x3c\x00\
\x01\x00\x49\xff\x69\x04\x55\x02\xc4\x00\x0f\x00\x00\x05\x35\x21\
\x11\x33\x11\x33\x11\x33\x11\x33\x11\x33\x11\x33\x11\x03\xbf\xfc\
\x8a\xab\xdf\xab\xdf\xab\x4d\x97\x97\x02\xc4\xfd\xce\x02\x32\xfd\
\xce\x02\x32\xfd\xce\xfe\xd7\x00\x02\x00\x05\x00\x00\x02\xb1\x02\
\xc4\x00\x0d\x00\x15\x00\x00\x33\x11\x23\x35\x21\x11\x33\x32\x1e\
\x01\x15\x14\x06\x23\x27\x33\x32\x36\x35\x34\x2b\x01\x98\x93\x01\
\x3e\x5a\x4f\x77\x4e\x9b\x78\x5b\x4e\x36\x41\x77\x4e\x02\x33\x91\
\xfe\xfc\x29\x67\x4f\x70\x71\x88\x2d\x2d\x59\x00\x03\x00\x49\x00\
\x00\x03\x5f\x02\xc4\x00\x0a\x00\x11\x00\x15\x00\x00\x33\x11\x33\
\x11\x33\x32\x16\x15\x14\x06\x23\x27\x33\x32\x35\x34\x2b\x01\x01\
\x11\x33\x11\x49\xab\x5a\x7a\x9a\x9c\x77\x5b\x4d\x77\x77\x4d\x01\
\xc1\xaa\x02\xc4\xfe\xfc\x6c\x73\x71\x70\x88\x5a\x59\xfe\xc5\x02\
\xc4\xfd\x3c\x00\x02\x00\x49\x00\x00\x02\x62\x02\xc4\x00\x0a\x00\
\x11\x00\x00\x33\x11\x33\x11\x33\x32\x16\x15\x14\x06\x23\x27\x33\
\x32\x35\x34\x2b\x01\x49\xab\x5a\x7a\x9a\x9c\x77\x5b\x4d\x77\x77\
\x4d\x02\xc4\xfe\xfc\x6c\x73\x71\x70\x88\x5a\x59\x00\x00\x00\x00\
\x01\x00\x05\xff\xed\x02\x90\x02\xd7\x00\x1a\x00\x00\x05\x22\x26\
\x27\x37\x16\x33\x32\x36\x37\x21\x35\x21\x2e\x01\x23\x22\x07\x27\
\x3e\x01\x33\x32\x16\x15\x14\x06\x01\x15\x58\x8c\x2c\x68\x37\x74\
\x48\x68\x0a\xfe\xf9\x01\x05\x0e\x66\x45\x6f\x32\x6c\x2c\x8f\x50\
\xa2\xd9\xd9\x13\x3f\x34\x73\x4c\x5a\x44\x88\x3e\x52\x47\x79\x30\
\x38\xd1\xa4\xa3\xd2\x00\x00\x00\x02\x00\x49\xff\xed\x04\x32\x02\
\xd7\x00\x11\x00\x1c\x00\x00\x05\x22\x26\x27\x23\x11\x23\x11\x33\
\x11\x33\x3e\x01\x33\x32\x16\x10\x06\x27\x32\x36\x34\x26\x23\x22\
\x06\x15\x14\x16\x02\xc7\x93\xc2\x12\x6c\xab\xab\x70\x19\xbd\x8d\
\xa3\xc8\xc9\xa2\x53\x61\x61\x53\x54\x61\x61\x13\xb1\x8c\xfe\xd6\
\x02\xc4\xfe\xf2\x81\xa0\xd2\xfe\xbe\xd6\x9c\x7e\xba\x7c\x7c\x5d\
\x5e\x7d\x00\x00\x02\x00\x12\x00\x00\x02\x53\x02\xc4\x00\x0d\x00\
\x15\x00\x00\x33\x13\x2e\x01\x35\x34\x36\x33\x21\x11\x23\x11\x23\
\x03\x13\x33\x35\x23\x22\x15\x14\x16\x12\xb2\x42\x4a\x9b\x7c\x01\
\x04\xab\x3c\x95\x87\x4a\x50\x78\x46\x01\x21\x17\x68\x4a\x72\x68\
\xfd\x3c\x01\x07\xfe\xf9\x01\x89\xb3\x58\x2f\x2c\x00\x00\x00\x00\
\x02\x00\x21\xff\xf4\x01\xfc\x02\x02\x00\x18\x00\x22\x00\x00\x17\
\x22\x2e\x01\x35\x34\x21\x35\x34\x26\x23\x22\x07\x27\x36\x33\x32\
\x16\x1d\x01\x23\x35\x23\x0e\x01\x27\x32\x36\x3d\x01\x23\x22\x15\
\x14\x16\xd6\x2c\x4d\x3c\x01\x40\x32\x28\x44\x37\x53\x59\x85\x7b\
\x6a\x96\x03\x12\x4e\x04\x31\x36\x15\x99\x2a\x0c\x1b\x4a\x37\xa8\
\x08\x23\x25\x33\x59\x54\x7d\x8a\xfb\x35\x1e\x23\x6e\x37\x2f\x11\
\x44\x1a\x19\x00\x02\x00\x30\xff\xf0\x02\x5c\x03\x07\x00\x21\x00\
\x2a\x00\x00\x05\x22\x27\x2e\x01\x35\x34\x3e\x03\x3f\x01\x3e\x01\
\x37\x17\x0e\x01\x0f\x01\x0e\x03\x07\x33\x36\x33\x32\x16\x15\x14\
\x06\x26\x32\x36\x35\x34\x26\x22\x06\x14\x01\x47\x74\x4e\x2e\x27\
\x09\x1d\x32\x57\x3d\x6c\x2f\x24\x07\x74\x0f\x46\x42\x7f\x26\x2e\
\x30\x19\x03\x02\x3b\x89\x66\x90\x9e\xad\x6e\x3f\x40\x6e\x3e\x10\
\x48\x2b\x73\x5d\x4b\x6a\x68\x42\x2f\x08\x0e\x06\x13\x17\x21\x48\
\x42\x08\x11\x05\x0f\x25\x46\x35\x66\x8b\x74\x77\x8f\x8a\x4d\x34\
\x33\x4c\x4b\x68\x00\x00\x00\x00\x03\x00\x40\x00\x00\x02\x21\x01\
\xf2\x00\x0e\x00\x16\x00\x1e\x00\x00\x33\x11\x21\x32\x15\x14\x06\
\x07\x15\x1e\x01\x15\x14\x06\x23\x27\x33\x32\x36\x35\x34\x2b\x01\
\x35\x33\x32\x36\x35\x34\x2b\x01\x40\x01\x14\xb7\x2b\x24\x2b\x3a\
\x6c\x54\x81\x51\x21\x2b\x4e\x4f\x50\x1a\x25\x46\x49\x01\xf2\x83\
\x26\x38\x0b\x02\x08\x3e\x2f\x47\x48\x65\x1d\x1b\x37\x55\x1a\x1a\
\x31\x00\x00\x00\x01\x00\x40\x00\x00\x01\xad\x01\xf2\x00\x05\x00\
\x00\x33\x11\x21\x15\x23\x11\x40\x01\x6d\xc8\x01\xf2\x7e\xfe\x8c\
\x00\x00\x00\x00\x02\x00\x0a\xff\x83\x02\x80\x01\xf2\x00\x0d\x00\
\x13\x00\x00\x17\x35\x33\x36\x3d\x01\x21\x11\x33\x15\x23\x35\x21\
\x15\x37\x33\x35\x23\x15\x14\x0a\x2f\x3d\x01\xc5\x45\x86\xfe\x96\
\x52\xb4\x86\x7d\xfc\x4d\xa7\x7f\xfe\x8d\xfc\x7d\x7d\xfc\xf5\x2a\
\x7f\x00\x00\x00\x02\x00\x27\xff\xf0\x02\x2e\x02\x02\x00\x13\x00\
\x1a\x00\x00\x05\x22\x26\x35\x34\x36\x33\x32\x16\x15\x14\x07\x21\
\x1e\x01\x33\x32\x37\x17\x06\x01\x33\x34\x26\x23\x22\x06\x01\x39\
\x75\x9d\x99\x74\x70\x8a\x01\xfe\x97\x04\x46\x2d\x48\x26\x72\x49\
\xfe\xf2\xd3\x33\x2f\x2e\x40\x10\x8d\x7a\x78\x93\x91\x7e\x1b\x0c\
\x28\x36\x34\x48\x6a\x01\x42\x29\x36\x38\x00\x00\x01\xff\xfc\x00\
\x00\x03\x5d\x01\xf2\x00\x15\x00\x00\x23\x13\x27\x33\x17\x33\x35\
\x33\x15\x33\x37\x33\x07\x13\x23\x27\x23\x15\x23\x35\x23\x07\x04\
\xb6\xaa\xbe\x91\x03\xa5\x03\x91\xbe\xaa\xb6\xbf\x9c\x03\xa5\x03\
\x9c\x01\x07\xeb\xdd\xdd\xdd\xdd\xeb\xfe\xf9\xe9\xe9\xe9\xe9\x00\
\x01\x00\x0a\xff\xed\x01\xce\x02\x02\x00\x22\x00\x00\x17\x22\x27\
\x37\x16\x33\x32\x36\x35\x34\x2b\x01\x35\x33\x32\x35\x34\x23\x22\
\x07\x27\x36\x33\x32\x16\x15\x14\x06\x07\x15\x1e\x01\x15\x14\x06\
\xf9\x9d\x52\x52\x31\x4f\x24\x2f\x64\x2b\x2d\x56\x46\x47\x2a\x4e\
\x4a\x8a\x5c\x71\x33\x27\x30\x39\x81\x13\x55\x5a\x39\x1a\x1a\x35\
\x66\x31\x2a\x2d\x53\x4f\x49\x40\x2b\x3f\x09\x03\x0b\x3e\x31\x4a\
\x52\x00\x00\x00\x01\x00\x40\x00\x00\x02\x3f\x01\xf2\x00\x0b\x00\
\x00\x33\x11\x33\x11\x33\x13\x33\x11\x23\x11\x23\x03\x40\xa2\x02\
\xad\xae\xa0\x03\xaa\x01\xf2\xfe\xde\x01\x22\xfe\x0e\x01\x1b\xfe\
\xe5\x00\x00\x00\x02\x00\x40\x00\x00\x02\x3f\x02\xcf\x00\x0a\x00\
\x16\x00\x00\x01\x22\x27\x37\x16\x33\x32\x37\x17\x0e\x01\x01\x11\
\x33\x11\x33\x13\x33\x11\x23\x11\x23\x03\x01\x3f\x8f\x16\x50\x09\
\x4c\x4d\x07\x50\x0a\x57\xfe\xbe\xa2\x02\xad\xae\xa0\x03\xaa\x02\
\x3c\x83\x10\x3b\x3b\x10\x42\x41\xfd\xc4\x01\xf2\xfe\xde\x01\x22\
\xfe\x0e\x01\x1b\xfe\xe5\x00\x00\x01\x00\x40\x00\x00\x02\x5b\x01\
\xf2\x00\x0c\x00\x00\x33\x11\x33\x15\x33\x37\x33\x07\x13\x23\x27\
\x23\x15\x40\xa5\x03\xa3\xc7\xc3\xcc\xc9\xaa\x03\x01\xf2\xd3\xd3\
\xe9\xfe\xf7\xe1\xe1\x00\x00\x00\x01\x00\x05\xff\xfa\x02\x40\x01\
\xf2\x00\x11\x00\x00\x17\x22\x27\x37\x16\x33\x32\x36\x3d\x01\x21\
\x11\x23\x11\x23\x15\x14\x06\x5f\x40\x1a\x0a\x0c\x13\x29\x2b\x01\
\xbe\xa5\x7b\x5f\x06\x08\x7d\x04\x51\x6d\xb9\xfe\x0e\x01\x74\x59\
\x9d\x84\x00\x00\x01\x00\x40\x00\x00\x02\xe1\x01\xf2\x00\x0f\x00\
\x00\x33\x11\x33\x13\x33\x13\x33\x11\x23\x11\x23\x03\x23\x03\x23\
\x11\x40\xd9\x79\x02\x72\xdb\x9e\x03\x80\x64\x7f\x03\x01\xf2\xfe\
\xd7\x01\x29\xfe\x0e\x01\x47\xfe\xb9\x01\x48\xfe\xb8\x00\x00\x00\
\x01\x00\x40\x00\x00\x02\x2c\x01\xf2\x00\x0b\x00\x00\x33\x11\x33\
\x15\x33\x35\x33\x11\x23\x35\x23\x15\x40\xa5\xa2\xa5\xa5\xa2\x01\
\xf2\xb0\xb0\xfe\x0e\xc4\xc4\x00\x02\x00\x27\xff\xf0\x02\x50\x02\
\x02\x00\x09\x00\x12\x00\x00\x05\x22\x26\x34\x36\x33\x32\x16\x14\
\x06\x26\x32\x36\x35\x34\x26\x22\x06\x14\x01\x3b\x74\xa0\xa0\x74\
\x75\xa0\xa0\xab\x6e\x3f\x40\x6e\x3e\x10\x94\xee\x90\x90\xee\x94\
\x8a\x4d\x34\x33\x4c\x4b\x68\x00\x01\x00\x40\x00\x00\x02\x2c\x01\
\xf2\x00\x07\x00\x00\x33\x11\x21\x11\x23\x11\x23\x11\x40\x01\xec\
\xa5\xa2\x01\xf2\xfe\x0e\x01\x74\xfe\x8c\x00\x00\x02\x00\x40\xff\
\x10\x02\x6a\x02\x00\x00\x12\x00\x1e\x00\x00\x17\x11\x33\x15\x33\
\x3e\x01\x33\x32\x16\x15\x14\x06\x23\x22\x26\x27\x23\x11\x13\x32\
\x36\x35\x34\x26\x23\x22\x06\x15\x14\x16\x40\x9c\x03\x18\x53\x34\
\x69\x83\x81\x6c\x2e\x52\x17\x02\x72\x37\x3e\x3e\x37\x35\x43\x43\
\xf0\x02\xe2\x3d\x21\x2a\x99\x6c\x6e\x9b\x25\x20\xfe\xd9\x01\x6a\
\x4c\x35\x34\x4b\x4e\x32\x33\x4d\x00\x00\x00\x00\x01\x00\x27\xff\
\xf0\x01\xf6\x02\x02\x00\x16\x00\x00\x05\x22\x26\x35\x34\x36\x33\
\x32\x16\x17\x07\x2e\x01\x23\x22\x06\x14\x16\x33\x32\x37\x17\x06\
\x01\x3e\x79\x9e\x9f\x77\x35\x67\x1d\x5f\x0d\x31\x19\x33\x40\x40\
\x35\x3a\x1f\x5b\x42\x10\x90\x79\x77\x92\x25\x1e\x6e\x12\x16\x4b\
\x6a\x4a\x25\x6f\x40\x00\x00\x00\x01\x00\x14\x00\x00\x01\xe3\x01\
\xf2\x00\x07\x00\x00\x33\x11\x23\x35\x21\x15\x23\x11\xa9\x95\x01\
\xcf\x95\x01\x74\x7e\x7e\xfe\x8c\x00\x00\x00\x00\x01\xff\xff\xff\
\x10\x02\x38\x01\xf2\x00\x12\x00\x00\x17\x22\x27\x37\x16\x33\x32\
\x36\x3f\x01\x03\x33\x13\x33\x13\x33\x03\x0e\x01\x7e\x2e\x2c\x12\
\x1d\x18\x24\x23\x0d\x10\xd0\xb6\x6f\x03\x63\xae\xdf\x20\x62\xf0\
\x0b\x8a\x09\x1f\x24\x29\x01\xea\xfe\xc0\x01\x40\xfd\xc3\x54\x51\
\x00\x00\x00\x00\x03\x00\x27\xff\x10\x03\x1a\x02\xf4\x00\x0f\x00\
\x16\x00\x1d\x00\x00\x05\x35\x2e\x01\x34\x36\x37\x35\x33\x15\x1e\
\x01\x14\x06\x07\x15\x03\x11\x0e\x01\x15\x14\x16\x17\x3e\x01\x35\
\x34\x26\x27\x01\x4e\x8a\x9d\x9d\x8a\xa5\x8a\x9d\x9d\x8a\xa5\x40\
\x41\x40\xe6\x41\x40\x41\x40\xf0\xdf\x02\x8e\xf2\x8c\x03\xf4\xf4\
\x03\x8c\xf2\x8e\x02\xdf\x01\x67\x01\x03\x02\x45\x3a\x39\x47\x02\
\x02\x47\x39\x3a\x45\x02\x00\x00\x01\xff\xfd\x00\x00\x02\x55\x01\
\xf2\x00\x0b\x00\x00\x23\x13\x27\x33\x17\x37\x33\x07\x13\x23\x27\
\x07\x03\xc7\xb4\xbf\x5d\x5e\xb9\xb3\xc5\xc1\x6b\x6e\x01\x05\xed\
\x85\x85\xed\xfe\xfb\x99\x99\x00\x01\x00\x40\xff\x83\x02\x73\x01\
\xf2\x00\x0b\x00\x00\x05\x35\x21\x11\x33\x11\x33\x11\x33\x11\x33\
\x15\x01\xed\xfe\x53\xa5\xa4\xa5\x45\x7d\x7d\x01\xf2\xfe\x8d\x01\
\x73\xfe\x8d\xfc\x00\x00\x00\x00\x01\x00\x34\x00\x00\x02\x0d\x01\
\xf2\x00\x10\x00\x00\x21\x35\x06\x23\x22\x3d\x01\x33\x15\x14\x16\
\x33\x32\x37\x35\x33\x11\x01\x68\x30\x4e\xb6\xa1\x26\x2a\x16\x2d\
\xa5\xab\x0d\x9b\xb9\x87\x30\x22\x09\xd0\xfe\x0e\x00\x00\x00\x00\
\x01\x00\x40\x00\x00\x03\x49\x01\xf2\x00\x0b\x00\x00\x33\x11\x33\
\x11\x33\x11\x33\x11\x33\x11\x33\x11\x40\xa5\x8d\xa5\x8d\xa5\x01\
\xf2\xfe\x8d\x01\x73\xfe\x8d\x01\x73\xfe\x0e\x00\x01\x00\x40\xff\
\x83\x03\x8e\x01\xf2\x00\x0f\x00\x00\x05\x23\x35\x21\x11\x33\x11\
\x33\x11\x33\x11\x33\x11\x33\x11\x33\x03\x8e\x86\xfd\x38\xa5\x8d\
\xa5\x8d\xa5\x45\x7d\x7d\x01\xf2\xfe\x8d\x01\x73\xfe\x8d\x01\x73\
\xfe\x8d\x00\x00\x02\x00\x14\x00\x00\x02\x62\x01\xf2\x00\x0c\x00\
\x13\x00\x00\x33\x11\x23\x35\x21\x15\x33\x32\x16\x15\x14\x06\x23\
\x27\x33\x32\x35\x34\x2b\x01\x8a\x76\x01\x1b\x65\x5c\x72\x74\x5a\
\x65\x46\x4b\x4b\x46\x01\x74\x7e\xa3\x50\x56\x54\x55\x6c\x3e\x3b\
\x00\x00\x00\x00\x03\x00\x40\x00\x00\x03\x01\x01\xf2\x00\x0a\x00\
\x11\x00\x15\x00\x00\x33\x11\x33\x15\x33\x32\x16\x15\x14\x06\x23\
\x27\x33\x32\x35\x34\x2b\x01\x05\x11\x33\x11\x40\xa5\x65\x5c\x72\
\x74\x5a\x65\x46\x4b\x4b\x46\x01\x77\xa5\x01\xf2\xa3\x50\x56\x54\
\x55\x6c\x3e\x3b\xe5\x01\xf2\xfe\x0e\x00\x00\x00\x02\x00\x40\x00\
\x00\x02\x18\x01\xf2\x00\x0a\x00\x11\x00\x00\x33\x11\x33\x15\x33\
\x32\x16\x15\x14\x06\x23\x27\x33\x32\x35\x34\x2b\x01\x40\xa5\x65\
\x5c\x72\x74\x5a\x65\x46\x4b\x4b\x46\x01\xf2\xa3\x50\x56\x54\x55\
\x6c\x3e\x3b\x00\x01\x00\x01\xff\xee\x01\xdf\x02\x02\x00\x19\x00\
\x00\x17\x22\x27\x37\x16\x33\x32\x36\x37\x23\x35\x33\x2e\x01\x23\
\x22\x07\x27\x3e\x01\x33\x32\x16\x15\x14\x06\xc5\x79\x4b\x52\x25\
\x46\x30\x44\x09\xac\xa8\x0a\x3f\x2d\x47\x28\x4e\x1f\x6a\x37\x80\
\x9b\x98\x12\x44\x69\x2c\x31\x2c\x68\x26\x2c\x2e\x6a\x1c\x24\x92\
\x78\x79\x91\x00\x02\x00\x40\xff\xef\x03\x42\x02\x02\x00\x11\x00\
\x1c\x00\x00\x05\x22\x26\x27\x23\x15\x23\x11\x33\x15\x33\x3e\x01\
\x33\x32\x16\x14\x06\x27\x32\x36\x34\x26\x23\x22\x06\x15\x14\x16\
\x02\x33\x63\x93\x11\x47\xa5\xa5\x4a\x16\x8f\x5f\x72\x9d\x9d\x72\
\x34\x3d\x3e\x33\x32\x3e\x3e\x11\x75\x61\xc5\x01\xf2\xb3\x59\x6a\
\x92\xee\x93\x8c\x46\x70\x47\x48\x37\x38\x46\x00\x02\x00\x1e\x00\
\x00\x02\x10\x01\xf2\x00\x0c\x00\x14\x00\x00\x33\x37\x26\x35\x34\
\x36\x33\x21\x11\x23\x35\x23\x07\x13\x33\x35\x23\x22\x06\x15\x14\
\x1e\x75\x65\x74\x58\x01\x16\xa5\x3d\x55\x43\x4f\x4f\x25\x2e\xb7\
\x24\x70\x53\x54\xfe\x0e\xa5\xa5\x01\x0c\x7e\x20\x1f\x3f\x00\x00\
\x03\x00\x27\xff\xf0\x02\x2e\x02\xcc\x00\x03\x00\x17\x00\x1e\x00\
\x00\x01\x23\x27\x33\x13\x22\x26\x35\x34\x36\x33\x32\x16\x15\x14\
\x07\x21\x1e\x01\x33\x32\x37\x17\x06\x01\x33\x34\x26\x23\x22\x06\
\x01\x80\x7c\x92\xa6\x21\x75\x9d\x99\x74\x70\x8a\x01\xfe\x97\x04\
\x46\x2d\x48\x26\x72\x49\xfe\xf2\xd3\x33\x2f\x2e\x40\x02\x3c\x90\
\xfd\x24\x8d\x7a\x78\x93\x91\x7e\x1b\x0c\x28\x36\x34\x48\x6a\x01\
\x42\x29\x36\x38\x00\x00\x00\x00\x04\x00\x27\xff\xf0\x02\x2e\x02\
\xe3\x00\x0a\x00\x15\x00\x29\x00\x30\x00\x00\x00\x14\x06\x23\x22\
\x26\x35\x34\x36\x33\x32\x06\x14\x06\x23\x22\x26\x35\x34\x36\x33\
\x32\x13\x22\x26\x35\x34\x36\x33\x32\x16\x15\x14\x07\x21\x1e\x01\
\x33\x32\x37\x17\x06\x01\x33\x34\x26\x23\x22\x06\x01\xf7\x31\x22\
\x23\x30\x30\x23\x22\xa8\x31\x23\x22\x31\x31\x22\x23\x4c\x75\x9d\
\x99\x74\x70\x8a\x01\xfe\x97\x04\x46\x2d\x48\x26\x72\x49\xfe\xf2\
\xd3\x33\x2f\x2e\x40\x02\xb4\x44\x30\x30\x22\x21\x30\x2f\x44\x30\
\x30\x22\x21\x30\xfd\x0d\x8d\x7a\x78\x93\x91\x7e\x1b\x0c\x28\x36\
\x34\x48\x6a\x01\x42\x29\x36\x38\x00\x00\x00\x00\x01\x00\x00\xff\
\x10\x02\x2d\x02\xf4\x00\x24\x00\x00\x05\x22\x27\x37\x16\x33\x32\
\x35\x11\x34\x23\x22\x06\x15\x11\x23\x11\x23\x35\x33\x35\x33\x15\
\x33\x15\x23\x15\x33\x3e\x01\x33\x32\x16\x15\x11\x14\x06\x01\x5c\
\x2a\x23\x0d\x16\x0f\x47\x49\x29\x30\xa4\x42\x42\xa4\x86\x86\x02\
\x12\x4c\x31\x5e\x58\x63\xf0\x09\x80\x06\x5d\x01\x14\x69\x3c\x2e\
\xfe\xfd\x02\x34\x5f\x61\x61\x5f\x8b\x20\x2d\x77\x55\xfe\xc0\x64\
\x76\x00\x00\x00\x02\x00\x40\x00\x00\x01\xad\x02\xcc\x00\x03\x00\
\x09\x00\x00\x01\x07\x23\x37\x03\x11\x21\x15\x23\x11\x01\xa5\x92\
\x7c\x68\xbf\x01\x6d\xc8\x02\xcc\x90\x90\xfd\x34\x01\xf2\x7e\xfe\
\x8c\x00\x00\x00\x01\x00\x27\xff\xee\x02\x05\x02\x02\x00\x19\x00\
\x00\x05\x22\x26\x35\x34\x36\x33\x32\x16\x17\x07\x26\x23\x22\x06\
\x07\x33\x15\x23\x1e\x01\x33\x32\x37\x17\x06\x01\x41\x82\x98\x9b\
\x80\x37\x6a\x1f\x4e\x28\x47\x2d\x3f\x0a\xa8\xac\x09\x44\x30\x46\
\x25\x52\x4b\x12\x91\x79\x78\x92\x24\x1c\x6a\x2e\x2c\x26\x68\x2c\
\x31\x2c\x69\x44\x00\x00\x00\x00\x01\x00\x0b\xff\xf0\x01\xbf\x02\
\x02\x00\x1e\x00\x00\x17\x22\x26\x27\x37\x16\x33\x32\x36\x34\x26\
\x27\x26\x35\x34\x36\x33\x32\x17\x07\x26\x23\x22\x06\x14\x16\x17\
\x16\x15\x14\x06\xe4\x3e\x75\x26\x5c\x33\x47\x18\x23\x2b\x38\x91\
\x7e\x51\x7d\x4b\x5a\x2f\x39\x1a\x24\x26\x35\x9f\x7d\x10\x28\x25\
\x61\x38\x15\x2c\x16\x0d\x22\x6f\x52\x55\x46\x5d\x2d\x14\x28\x12\
\x0c\x24\x74\x57\x53\x00\x00\x00\x02\x00\x36\x00\x00\x00\xf2\x02\
\xeb\x00\x03\x00\x0d\x00\x00\x33\x11\x33\x11\x02\x22\x26\x35\x34\
\x36\x32\x16\x15\x14\x42\xa4\x2b\x4e\x37\x37\x4e\x37\x01\xf2\xfe\
\x0e\x02\x37\x35\x25\x24\x36\x35\x25\x26\x00\x00\x03\xff\xd4\x00\
\x00\x01\x54\x02\xe3\x00\x0a\x00\x15\x00\x19\x00\x00\x00\x14\x06\
\x23\x22\x26\x35\x34\x36\x33\x32\x06\x14\x06\x23\x22\x26\x35\x34\
\x36\x33\x32\x13\x23\x11\x33\x01\x54\x31\x22\x23\x30\x30\x23\x22\
\xa8\x31\x23\x22\x31\x31\x22\x23\x9e\xa4\xa4\x02\xb4\x44\x30\x30\
\x22\x21\x30\x2f\x44\x30\x30\x22\x21\x30\xfd\x1d\x01\xf2\x00\x00\
\x02\xff\xdb\xff\x10\x00\xf5\x02\xeb\x00\x0f\x00\x19\x00\x00\x17\
\x22\x27\x37\x16\x33\x32\x36\x35\x11\x33\x11\x14\x0e\x02\x12\x22\
\x26\x35\x34\x36\x32\x16\x15\x14\x22\x2a\x1d\x0b\x0f\x14\x22\x1a\
\xa4\x12\x2a\x51\x62\x4e\x37\x37\x4e\x37\xf0\x08\x89\x05\x2d\x2a\
\x01\xff\xfe\x01\x32\x4c\x42\x23\x03\x27\x35\x25\x24\x36\x35\x25\
\x26\x00\x00\x00\x02\x00\x05\xff\xfa\x03\x77\x01\xf2\x00\x18\x00\
\x1f\x00\x00\x17\x22\x27\x37\x16\x33\x32\x36\x3d\x01\x21\x15\x33\
\x32\x16\x15\x14\x06\x23\x21\x11\x23\x15\x14\x06\x25\x33\x32\x35\
\x34\x2b\x01\x5f\x40\x1a\x0a\x0c\x13\x29\x2b\x01\xc2\x65\x5c\x72\
\x74\x5a\xfe\xf6\x81\x5e\x01\x84\x46\x4b\x4b\x46\x06\x08\x7c\x04\
\x51\x6d\xba\xa3\x50\x56\x54\x55\x01\x74\x59\x9e\x83\x72\x3e\x3b\
\x00\x00\x00\x00\x02\x00\x40\x00\x00\x03\x5f\x01\xf2\x00\x12\x00\
\x19\x00\x00\x33\x11\x33\x15\x33\x35\x33\x15\x33\x32\x16\x15\x14\
\x06\x23\x21\x35\x23\x15\x25\x33\x32\x35\x34\x2b\x01\x40\xa5\xa2\
\xa5\x65\x5c\x72\x73\x5a\xfe\xf5\xa2\x01\x47\x43\x4e\x4e\x43\x01\
\xf2\xad\xad\xad\x4e\x54\x51\x52\xd0\xd0\x6a\x3c\x3b\x00\x00\x00\
\x01\x00\x00\x00\x00\x02\x2d\x02\xf4\x00\x1b\x00\x00\x33\x11\x23\
\x35\x33\x35\x33\x15\x33\x15\x23\x15\x33\x3e\x01\x33\x32\x16\x15\
\x11\x23\x11\x34\x23\x22\x06\x15\x11\x42\x42\x42\xa4\x86\x86\x02\
\x12\x4c\x31\x5e\x58\xa5\x49\x29\x30\x02\x34\x5f\x61\x61\x5f\x8b\
\x20\x2d\x77\x55\xfe\xd6\x01\x04\x69\x3c\x2e\xfe\xfd\x00\x00\x00\
\x02\x00\x40\x00\x00\x02\x5b\x02\xcc\x00\x03\x00\x10\x00\x00\x01\
\x07\x23\x37\x01\x11\x33\x15\x33\x37\x33\x07\x13\x23\x27\x23\x15\
\x01\xf7\x92\x7c\x68\xfe\xef\xa5\x03\xa3\xc7\xc3\xcc\xc9\xaa\x03\
\x02\xcc\x90\x90\xfd\x34\x01\xf2\xd3\xd3\xe9\xfe\xf7\xe1\xe1\x00\
\x02\x00\x40\x00\x00\x02\x3f\x02\xcc\x00\x03\x00\x0f\x00\x00\x01\
\x23\x27\x33\x03\x11\x33\x11\x33\x13\x33\x11\x23\x11\x23\x03\x01\
\x8d\x7c\x92\xa6\xe5\xa2\x02\xad\xae\xa0\x03\xaa\x02\x3c\x90\xfd\
\x34\x01\xf2\xfe\xde\x01\x22\xfe\x0e\x01\x1b\xfe\xe5\x00\x00\x00\
\x02\xff\xff\xff\x10\x02\x38\x02\xcf\x00\x0a\x00\x1d\x00\x00\x01\
\x22\x27\x37\x16\x33\x32\x37\x17\x0e\x01\x03\x22\x27\x37\x16\x33\
\x32\x36\x3f\x01\x03\x33\x13\x33\x13\x33\x03\x0e\x01\x01\x26\x8f\
\x16\x50\x09\x4c\x4d\x07\x50\x0a\x57\xeb\x2e\x2c\x12\x1d\x18\x24\
\x23\x0d\x10\xd0\xb6\x6f\x03\x63\xae\xdf\x20\x62\x02\x3c\x83\x10\
\x3b\x3b\x10\x42\x41\xfc\xd4\x0b\x8a\x09\x1f\x24\x29\x01\xea\xfe\
\xc0\x01\x40\xfd\xc3\x54\x51\x00\x01\x00\x40\xff\x83\x02\x2c\x01\
\xf2\x00\x0b\x00\x00\x17\x35\x23\x11\x33\x11\x33\x11\x33\x11\x23\
\x15\xf3\xb3\xa5\xa2\xa5\xb3\x7d\x7d\x01\xf2\xfe\x8d\x01\x73\xfe\
\x0e\x7d\x00\x00\x01\x00\x49\x00\x00\x02\x06\x03\x48\x00\x07\x00\
\x00\x33\x11\x21\x35\x33\x11\x21\x11\x49\x01\x33\x8a\xfe\xee\x02\
\xc4\x84\xfe\xe9\xfd\xcf\x00\x00\x01\x00\x40\x00\x00\x01\xad\x02\
\x65\x00\x07\x00\x00\x33\x11\x33\x35\x33\x15\x23\x11\x40\xf3\x7a\
\xc8\x01\xf2\x73\xf1\xfe\x8c\x00\x02\x00\x00\x00\x00\x04\x01\x03\
\x8c\x00\x0f\x00\x13\x00\x00\x01\x03\x23\x03\x23\x03\x23\x03\x33\
\x13\x33\x13\x33\x13\x33\x13\x25\x23\x27\x33\x04\x01\xca\xa9\x8c\
\x03\x8c\xaa\xc9\xb8\x70\x03\x7e\xb2\x7f\x03\x72\xff\x00\x7c\x92\
\xa6\x02\xc4\xfd\x3c\x01\xdf\xfe\x21\x02\xc4\xfe\x29\x01\xd7\xfe\
\x29\x01\xd7\x38\x90\x00\x00\x00\x02\x00\x00\x00\x00\x03\x67\x02\
\xcc\x00\x0f\x00\x13\x00\x00\x01\x03\x23\x03\x23\x03\x23\x03\x33\
\x13\x33\x13\x33\x13\x33\x13\x27\x23\x27\x33\x03\x67\xad\xa5\x62\
\x02\x60\xa5\xac\xb1\x56\x03\x59\xa5\x5c\x02\x57\xc0\x7c\x92\xa6\
\x01\xf2\xfe\x0e\x01\x36\xfe\xca\x01\xf2\xfe\xc5\x01\x3b\xfe\xc5\
\x01\x3b\x4a\x90\x00\x00\x00\x00\x02\x00\x00\x00\x00\x04\x01\x03\
\x8c\x00\x0f\x00\x13\x00\x00\x01\x03\x23\x03\x23\x03\x23\x03\x33\
\x13\x33\x13\x33\x13\x33\x13\x27\x07\x23\x37\x04\x01\xca\xa9\x8c\
\x03\x8c\xaa\xc9\xb8\x70\x03\x7e\xb2\x7f\x03\x72\x8c\x92\x7c\x68\
\x02\xc4\xfd\x3c\x01\xdf\xfe\x21\x02\xc4\xfe\x29\x01\xd7\xfe\x29\
\x01\xd7\xc8\x90\x90\x00\x00\x00\x02\x00\x00\x00\x00\x03\x67\x02\
\xcc\x00\x0f\x00\x13\x00\x00\x01\x03\x23\x03\x23\x03\x23\x03\x33\
\x13\x33\x13\x33\x13\x33\x13\x27\x07\x23\x37\x03\x67\xad\xa5\x62\
\x02\x60\xa5\xac\xb1\x56\x03\x59\xa5\x5c\x02\x57\x41\x92\x7c\x68\
\x01\xf2\xfe\x0e\x01\x36\xfe\xca\x01\xf2\xfe\xc5\x01\x3b\xfe\xc5\
\x01\x3b\xda\x90\x90\x00\x00\x00\x03\x00\x00\x00\x00\x04\x01\x03\
\xa3\x00\x0f\x00\x1a\x00\x25\x00\x00\x01\x03\x23\x03\x23\x03\x23\
\x03\x33\x13\x33\x13\x33\x13\x33\x13\x26\x14\x06\x23\x22\x26\x35\
\x34\x36\x33\x32\x06\x14\x06\x23\x22\x26\x35\x34\x36\x33\x32\x04\
\x01\xca\xa9\x8c\x03\x8c\xaa\xc9\xb8\x70\x03\x7e\xb2\x7f\x03\x72\
\x8f\x31\x22\x23\x30\x30\x23\x22\xa8\x31\x23\x22\x31\x31\x22\x23\
\x02\xc4\xfd\x3c\x01\xdf\xfe\x21\x02\xc4\xfe\x29\x01\xd7\xfe\x29\
\x01\xd7\xb0\x44\x30\x30\x22\x21\x30\x2f\x44\x30\x30\x22\x21\x30\
\x00\x00\x00\x00\x03\x00\x00\x00\x00\x03\x67\x02\xe3\x00\x0f\x00\
\x1a\x00\x25\x00\x00\x01\x03\x23\x03\x23\x03\x23\x03\x33\x13\x33\
\x13\x33\x13\x33\x13\x26\x14\x06\x23\x22\x26\x35\x34\x36\x33\x32\
\x06\x14\x06\x23\x22\x26\x35\x34\x36\x33\x32\x03\x67\xad\xa5\x62\
\x02\x60\xa5\xac\xb1\x56\x03\x59\xa5\x5c\x02\x57\x4b\x31\x22\x23\
\x30\x30\x23\x22\xa8\x31\x23\x22\x31\x31\x22\x23\x01\xf2\xfe\x0e\
\x01\x36\xfe\xca\x01\xf2\xfe\xc5\x01\x3b\xfe\xc5\x01\x3b\xc2\x44\
\x30\x30\x22\x21\x30\x2f\x44\x30\x30\x22\x21\x30\x00\x00\x00\x00\
\x02\xff\xec\x00\x00\x02\xb1\x03\x8c\x00\x08\x00\x0c\x00\x00\x09\
\x01\x11\x23\x11\x01\x33\x1b\x01\x27\x23\x27\x33\x02\xb1\xfe\xf0\
\xab\xfe\xf6\xcf\x97\x97\x50\x7c\x92\xa6\x02\xc4\xfe\x68\xfe\xd4\
\x01\x2c\x01\x98\xfe\xfa\x01\x06\x38\x90\x00\x00\x02\xff\xff\xff\
\x10\x02\x38\x02\xcc\x00\x12\x00\x16\x00\x00\x01\x03\x0e\x01\x23\
\x22\x27\x37\x16\x33\x32\x36\x3f\x01\x03\x33\x13\x33\x13\x27\x23\
\x27\x33\x02\x38\xdf\x20\x62\x59\x2e\x2c\x12\x1d\x18\x24\x23\x0d\
\x10\xd0\xb6\x6f\x03\x63\x26\x7c\x92\xa6\x01\xf2\xfd\xc3\x54\x51\
\x0b\x8a\x09\x1f\x24\x29\x01\xea\xfe\xc0\x01\x40\x4a\x90\x00\x00\
\x01\x00\x24\x00\xc5\x01\x22\x01\x47\x00\x03\x00\x00\x25\x23\x35\
\x33\x01\x22\xfe\xfe\xc5\x82\x00\x01\x00\x1e\x00\xd2\x01\x72\x01\
\x39\x00\x03\x00\x00\x25\x21\x35\x21\x01\x72\xfe\xac\x01\x54\xd2\
\x67\x00\x00\x00\x01\x00\x1e\x00\xd1\x02\x3a\x01\x39\x00\x03\x00\
\x00\x25\x21\x35\x21\x02\x3a\xfd\xe4\x02\x1c\xd1\x68\x00\x00\x00\
\x01\x00\x2a\x01\xb5\x01\x03\x02\xc4\x00\x03\x00\x00\x01\x03\x23\
\x13\x01\x03\x48\x91\x5b\x02\xc4\xfe\xf1\x01\x0f\x00\x00\x00\x00\
\x01\x00\x29\x01\xb5\x01\x02\x02\xc4\x00\x03\x00\x00\x01\x03\x23\
\x13\x01\x02\x5b\x7e\x48\x02\xc4\xfe\xf1\x01\x0f\x00\x00\x00\x00\
\x01\x00\x28\xff\x82\x01\x01\x00\x91\x00\x03\x00\x00\x25\x03\x23\
\x13\x01\x01\x5b\x7e\x48\x91\xfe\xf1\x01\x0f\x00\x02\x00\x2a\x01\
\xb5\x01\xd2\x02\xc4\x00\x03\x00\x07\x00\x00\x01\x03\x23\x13\x23\
\x03\x23\x13\x01\xd2\x47\x90\x59\x51\x4a\x8f\x5b\x02\xc4\xfe\xf1\
\x01\x0f\xfe\xf1\x01\x0f\x00\x00\x02\x00\x29\x01\xb5\x01\xd1\x02\
\xc4\x00\x03\x00\x07\x00\x00\x01\x03\x23\x13\x23\x03\x23\x13\x01\
\xd1\x5a\x7f\x4a\x42\x59\x7e\x48\x02\xc4\xfe\xf1\x01\x0f\xfe\xf1\
\x01\x0f\x00\x00\x02\x00\x28\xff\x82\x01\xd0\x00\x91\x00\x03\x00\
\x07\x00\x00\x25\x03\x23\x13\x23\x03\x23\x13\x01\xd0\x5a\x7f\x4a\
\x42\x59\x7e\x48\x91\xfe\xf1\x01\x0f\xfe\xf1\x01\x0f\x00\x00\x00\
\x01\x00\x26\xff\x7f\x02\x35\x02\xc4\x00\x0b\x00\x00\x01\x23\x11\
\x23\x11\x23\x35\x33\x35\x33\x15\x33\x02\x35\xc2\x8e\xbf\xbf\x8e\
\xc2\x01\x7e\xfe\x01\x01\xff\x7d\xc9\xc9\x00\x00\x01\x00\x2a\xff\
\x7f\x02\x32\x02\xc4\x00\x13\x00\x00\x25\x23\x15\x23\x35\x23\x35\
\x33\x35\x23\x35\x33\x35\x33\x15\x33\x15\x23\x15\x33\x02\x32\xbe\
\x8d\xbd\xbd\xbd\xbc\x8e\xbe\xbe\xbe\x32\xb3\xb3\x7c\xe8\x7b\xb3\
\xb3\x7b\xe8\x00\x01\x00\x49\x00\xb1\x01\xab\x02\x13\x00\x07\x00\
\x00\x00\x14\x06\x22\x26\x34\x36\x32\x01\xab\x67\x94\x67\x67\x94\
\x01\xac\x94\x67\x67\x94\x67\x00\x03\x00\x42\xff\xf6\x03\xa5\x00\
\xba\x00\x08\x00\x11\x00\x1a\x00\x00\x24\x14\x06\x22\x26\x34\x36\
\x33\x32\x04\x14\x06\x22\x26\x34\x36\x33\x32\x04\x14\x06\x22\x26\
\x35\x34\x36\x32\x03\xa5\x3b\x52\x3d\x3c\x2a\x29\xfe\xee\x3b\x52\
\x3d\x3c\x2a\x29\xfe\xee\x3b\x52\x3c\x3c\x52\x81\x52\x39\x38\x52\
\x3a\x39\x52\x39\x38\x52\x3a\x39\x52\x39\x38\x29\x28\x3b\x00\x00\
\x07\x00\x22\xff\xe2\x04\xba\x02\xe4\x00\x07\x00\x0f\x00\x17\x00\
\x21\x00\x29\x00\x33\x00\x37\x00\x00\x24\x14\x06\x22\x26\x34\x36\
\x32\x14\x34\x26\x22\x06\x14\x16\x32\x26\x14\x06\x22\x26\x34\x36\
\x32\x14\x34\x26\x23\x22\x06\x14\x16\x33\x32\x00\x14\x06\x22\x26\
\x34\x36\x32\x14\x34\x26\x23\x22\x06\x14\x16\x33\x32\x25\x01\x27\
\x01\x04\xba\x6a\x94\x69\x69\x94\x2a\x40\x2a\x2a\x40\xfa\x6a\x94\
\x6a\x6a\x94\x2b\x1f\x20\x2a\x2a\x20\x1f\xfe\xf3\x6a\x94\x6a\x6a\
\x94\x2b\x1f\x20\x2a\x2a\x20\x1f\x01\x9f\xfe\x7c\x59\x01\x84\xf1\
\x94\x69\x69\x94\x68\xd1\x3e\x2b\x2b\x3e\x2b\x94\x94\x69\x69\x94\
\x68\xd1\x3e\x2b\x2b\x3e\x2b\x02\x0b\x94\x69\x69\x94\x68\xd1\x3e\
\x2b\x2a\x40\x2a\xe7\xfd\x27\x27\x02\xdb\x00\x00\x01\x00\x19\x00\
\x16\x01\x1c\x01\xe6\x00\x05\x00\x00\x25\x07\x27\x37\x17\x07\x01\
\x1c\x62\xa1\xa1\x61\x73\x55\x3f\xe8\xe8\x3f\xa9\x00\x00\x00\x00\
\x01\x00\x22\x00\x16\x01\x25\x01\xe6\x00\x05\x00\x00\x25\x07\x27\
\x37\x27\x37\x01\x25\xa1\x61\x73\x74\x62\xfd\xe7\x3f\xa8\xaa\x3f\
\x00\x00\x00\x00\x02\x00\x24\xff\xf6\x02\x0f\x02\xd7\x00\x19\x00\
\x23\x00\x00\x25\x23\x03\x33\x07\x17\x36\x35\x34\x26\x23\x22\x07\
\x27\x3e\x01\x33\x32\x16\x15\x14\x06\x07\x0e\x01\x15\x17\x14\x06\
\x23\x22\x26\x34\x36\x32\x16\x01\x5e\x98\x01\x85\x05\x01\x38\x32\
\x2e\x58\x0e\x94\x0d\x8a\x66\x68\x86\x39\x3d\x24\x17\x17\x39\x29\
\x28\x3a\x3a\x50\x3a\xe2\x01\x16\x70\x01\x3c\x3a\x28\x31\x53\x12\
\x5a\x68\x69\x62\x3d\x58\x30\x1b\x24\x1e\x95\x28\x37\x37\x4e\x38\
\x37\x00\x00\x00\x01\xff\x3e\xff\xe2\x01\x19\x02\xe4\x00\x03\x00\
\x00\x09\x01\x27\x01\x01\x19\xfe\x7c\x57\x01\x84\x02\xbb\xfd\x27\
\x27\x02\xdb\x00\x02\x00\x23\x01\xb4\x01\x81\x03\x7a\x00\x0a\x00\
\x12\x00\x00\x01\x14\x06\x23\x22\x26\x34\x36\x33\x32\x16\x07\x34\
\x23\x22\x15\x14\x33\x32\x01\x81\x54\x5a\x5b\x55\x55\x5b\x5a\x54\
\x76\x38\x3a\x3a\x38\x02\x98\x65\x7f\x80\xc8\x7e\x7e\x64\x7f\x7f\
\x81\x00\x00\x00\x02\x00\x1d\x01\xbd\x01\x89\x03\x71\x00\x0a\x00\
\x0e\x00\x00\x01\x23\x35\x23\x35\x13\x33\x11\x33\x15\x23\x27\x35\
\x23\x07\x01\x4f\x6a\xc8\xaf\x83\x3a\x3a\x6a\x01\x58\x01\xbd\x53\
\x5d\x01\x04\xfe\xfd\x5e\x5e\x86\x86\x00\x00\x00\x01\x00\x29\x01\
\xb4\x01\x7a\x03\x71\x00\x1a\x00\x00\x01\x14\x06\x23\x22\x26\x27\
\x37\x16\x33\x32\x36\x35\x34\x26\x23\x22\x07\x13\x21\x15\x23\x07\
\x36\x33\x32\x16\x01\x7a\x63\x46\x3d\x5b\x10\x67\x10\x2f\x19\x1f\
\x29\x24\x36\x3a\x0a\x01\x11\xaa\x03\x13\x11\x45\x59\x02\x51\x4c\
\x51\x3e\x37\x1f\x33\x1d\x1a\x1c\x1e\x18\x01\x03\x64\x33\x03\x4a\
\x00\x00\x00\x00\x02\x00\x25\x01\xb4\x01\x7f\x03\x71\x00\x0f\x00\
\x1a\x00\x00\x01\x14\x06\x22\x26\x35\x34\x3f\x01\x33\x07\x17\x36\
\x33\x32\x16\x07\x34\x26\x22\x06\x15\x14\x16\x33\x32\x36\x01\x7f\
\x63\x94\x63\x2f\x68\x8b\x69\x01\x04\x0e\x3a\x54\x72\x21\x34\x21\
\x20\x1a\x1b\x21\x02\x53\x49\x56\x57\x46\x41\x46\x99\x8e\x01\x01\
\x51\x41\x19\x23\x23\x1a\x19\x22\x22\x00\x00\x00\x01\x00\x36\x01\
\xbd\x01\x76\x03\x71\x00\x06\x00\x00\x13\x23\x13\x23\x35\x21\x15\
\xd2\x85\xab\xc2\x01\x40\x01\xbd\x01\x50\x64\x57\x00\x00\x00\x00\
\x03\x00\x2d\x01\xb4\x01\x77\x03\x7a\x00\x14\x00\x1c\x00\x26\x00\
\x00\x01\x14\x06\x22\x26\x35\x34\x37\x35\x26\x35\x34\x36\x32\x16\
\x15\x14\x07\x15\x1e\x01\x26\x22\x06\x14\x16\x32\x36\x34\x07\x22\
\x06\x14\x16\x32\x36\x35\x34\x26\x01\x77\x5f\x8c\x5f\x44\x3a\x5a\
\x82\x5a\x39\x1e\x25\x92\x26\x19\x19\x26\x19\x2c\x17\x1e\x1e\x2e\
\x1e\x1f\x02\x3c\x42\x46\x46\x42\x47\x1e\x02\x1a\x3f\x3b\x43\x41\
\x3b\x41\x1a\x02\x0c\x36\xc1\x19\x24\x19\x19\x24\x93\x1d\x2c\x1b\
\x1b\x16\x15\x1e\x00\x00\x00\x00\x02\x00\x25\x01\xbd\x01\x7f\x03\
\x7a\x00\x10\x00\x1b\x00\x00\x01\x14\x0f\x01\x23\x37\x27\x06\x23\
\x22\x26\x35\x34\x36\x33\x32\x16\x07\x34\x26\x23\x22\x06\x15\x14\
\x16\x32\x36\x01\x7f\x30\x67\x8c\x69\x01\x05\x0d\x3b\x52\x63\x49\
\x4a\x64\x73\x20\x1a\x1b\x21\x21\x34\x21\x02\xdd\x3f\x48\x99\x8e\
\x02\x02\x52\x3e\x48\x57\x56\x46\x19\x23\x22\x1b\x19\x22\x22\x00\
\x02\x00\x23\xff\x66\x01\x81\x01\x2c\x00\x0a\x00\x12\x00\x00\x25\
\x14\x06\x23\x22\x26\x34\x36\x33\x32\x16\x07\x34\x23\x22\x15\x14\
\x33\x32\x01\x81\x54\x5a\x5b\x55\x55\x5b\x5a\x54\x76\x38\x3a\x3a\
\x38\x4a\x65\x7f\x80\xc8\x7e\x7e\x64\x7f\x7f\x81\x00\x00\x00\x00\
\x01\x00\x2f\xff\x6f\x01\x2a\x01\x23\x00\x06\x00\x00\x05\x23\x11\
\x07\x27\x37\x33\x01\x2a\x75\x4a\x3c\x91\x6a\x91\x01\x32\x3a\x51\
\x6b\x00\x00\x00\x01\x00\x2d\xff\x6f\x01\x76\x01\x2c\x00\x17\x00\
\x00\x05\x21\x35\x37\x36\x35\x34\x26\x23\x22\x06\x07\x27\x3e\x01\
\x32\x16\x15\x14\x0e\x01\x0f\x01\x33\x01\x76\xfe\xc1\xaa\x1d\x18\
\x15\x16\x1e\x02\x6e\x07\x5f\x86\x5d\x18\x1b\x19\x57\xa3\x91\x5c\
\x9c\x1a\x1e\x12\x16\x22\x1b\x0e\x45\x4f\x44\x42\x1e\x34\x1e\x16\
\x4d\x00\x00\x00\x01\x00\x27\xff\x66\x01\x7b\x01\x2c\x00\x24\x00\
\x00\x05\x14\x06\x23\x22\x26\x27\x37\x16\x33\x32\x36\x35\x34\x2b\
\x01\x35\x33\x32\x35\x34\x26\x23\x22\x06\x07\x27\x3e\x01\x33\x32\
\x16\x15\x14\x07\x1e\x01\x01\x7b\x62\x42\x3f\x5f\x12\x69\x10\x30\
\x17\x21\x4e\x21\x24\x41\x1a\x14\x12\x1d\x04\x69\x10\x5b\x39\x40\
\x59\x39\x20\x23\x11\x43\x46\x3c\x3e\x1c\x35\x16\x18\x2f\x54\x2f\
\x11\x15\x1a\x16\x19\x38\x3e\x3e\x3b\x43\x1d\x0b\x35\x00\x00\x00\
\x02\x00\x1d\xff\x6f\x01\x89\x01\x23\x00\x0a\x00\x0e\x00\x00\x05\
\x23\x35\x23\x35\x13\x33\x11\x33\x15\x23\x27\x35\x23\x07\x01\x4f\
\x6a\xc8\xaf\x83\x3a\x3a\x6a\x01\x58\x91\x53\x5d\x01\x04\xfe\xfd\
\x5e\x5e\x86\x86\x00\x00\x00\x00\x01\x00\x29\xff\x66\x01\x7a\x01\
\x23\x00\x1a\x00\x00\x25\x14\x06\x23\x22\x26\x27\x37\x16\x33\x32\
\x36\x35\x34\x26\x23\x22\x07\x13\x21\x15\x23\x07\x36\x33\x32\x16\
\x01\x7a\x63\x46\x3d\x5b\x10\x67\x10\x2f\x19\x1f\x29\x24\x36\x3a\
\x0a\x01\x11\xaa\x03\x13\x11\x45\x59\x03\x4c\x51\x3e\x37\x1f\x33\
\x1d\x1a\x1c\x1e\x18\x01\x03\x64\x33\x03\x4a\x00\x02\x00\x25\xff\
\x66\x01\x7f\x01\x23\x00\x0f\x00\x1a\x00\x00\x25\x14\x06\x22\x26\
\x35\x34\x3f\x01\x33\x07\x17\x36\x33\x32\x16\x07\x34\x26\x22\x06\
\x15\x14\x16\x33\x32\x36\x01\x7f\x63\x94\x63\x2f\x68\x8b\x69\x01\
\x04\x0e\x3a\x54\x72\x21\x34\x21\x20\x1a\x1b\x21\x05\x49\x56\x57\
\x46\x41\x46\x99\x8e\x01\x01\x51\x41\x19\x23\x23\x1a\x19\x22\x22\
\x00\x00\x00\x00\x01\x00\x36\xff\x6f\x01\x76\x01\x23\x00\x06\x00\
\x00\x17\x23\x13\x23\x35\x21\x15\xd2\x85\xab\xc2\x01\x40\x91\x01\
\x50\x64\x57\x00\x03\x00\x2d\xff\x66\x01\x77\x01\x2c\x00\x14\x00\
\x1c\x00\x26\x00\x00\x05\x14\x06\x22\x26\x35\x34\x37\x35\x26\x35\
\x34\x36\x32\x16\x15\x14\x07\x15\x1e\x01\x26\x22\x06\x14\x16\x32\
\x36\x34\x07\x22\x06\x14\x16\x32\x36\x35\x34\x26\x01\x77\x5f\x8c\
\x5f\x44\x3a\x5a\x82\x5a\x39\x1e\x25\x92\x26\x19\x19\x26\x19\x2c\
\x17\x1e\x1e\x2e\x1e\x1f\x12\x42\x46\x46\x42\x47\x1e\x02\x1a\x3f\
\x3b\x43\x41\x3b\x41\x1a\x02\x0c\x36\xc1\x19\x24\x19\x19\x24\x93\
\x1d\x2c\x1b\x1b\x16\x15\x1e\x00\x02\x00\x25\xff\x6f\x01\x7f\x01\
\x2c\x00\x10\x00\x1b\x00\x00\x25\x14\x0f\x01\x23\x37\x27\x06\x23\
\x22\x26\x35\x34\x36\x33\x32\x16\x07\x34\x26\x23\x22\x06\x15\x14\
\x16\x32\x36\x01\x7f\x30\x67\x8c\x69\x01\x05\x0d\x3b\x52\x63\x49\
\x4a\x64\x73\x20\x1a\x1b\x21\x21\x34\x21\x8f\x3f\x48\x99\x8e\x02\
\x02\x52\x3e\x48\x57\x56\x46\x19\x23\x22\x1b\x19\x22\x22\x00\x00\
\x01\x00\x15\xff\xed\x02\x65\x02\xd7\x00\x29\x00\x00\x25\x17\x06\
\x23\x22\x26\x27\x23\x37\x33\x26\x35\x34\x37\x23\x37\x33\x3e\x01\
\x33\x32\x17\x07\x26\x23\x22\x06\x07\x21\x07\x21\x06\x15\x14\x17\
\x33\x07\x23\x1e\x01\x33\x32\x02\x37\x25\x43\x6d\x7e\xa1\x1c\x5c\
\x22\x2d\x01\x03\x4e\x24\x39\x20\xb2\x7b\x64\x3f\x31\x2c\x4b\x35\
\x5c\x11\x01\x09\x23\xfe\xfe\x02\x01\xf1\x22\xba\x0e\x5c\x3b\x4a\
\x93\x7f\x27\x81\x6a\x67\x0c\x17\x12\x12\x68\x6d\x7c\x1e\x7e\x17\
\x35\x2f\x68\x0c\x19\x17\x0b\x67\x2b\x39\x00\x00\x04\x00\x27\xff\
\xde\x03\x87\x02\xe4\x00\x15\x00\x1f\x00\x2a\x00\x2e\x00\x00\x13\
\x22\x26\x35\x34\x36\x33\x32\x17\x07\x26\x23\x22\x06\x15\x14\x16\
\x33\x32\x37\x17\x06\x05\x14\x06\x22\x26\x35\x34\x36\x32\x16\x07\
\x34\x26\x23\x22\x06\x15\x14\x16\x32\x36\x03\x01\x27\x01\xee\x56\
\x71\x72\x55\x56\x33\x4b\x15\x27\x21\x2a\x2b\x22\x25\x18\x48\x36\
\x02\x46\x72\xa6\x72\x72\xa6\x72\x79\x29\x23\x24\x28\x28\x48\x28\
\x46\xfe\x5f\x59\x01\xa0\x01\x5a\x66\x56\x55\x69\x36\x53\x1c\x2c\
\x25\x21\x2e\x1b\x54\x34\xa7\x55\x6a\x6a\x55\x54\x67\x67\x54\x20\
\x2f\x2f\x20\x21\x31\x31\x02\x25\xfd\x27\x2c\x02\xda\x00\x00\x00\
\x02\x00\x01\xff\xf2\x01\xd1\x02\xd1\x00\x1b\x00\x24\x00\x00\x25\
\x06\x23\x22\x26\x3d\x01\x07\x23\x27\x37\x35\x34\x36\x33\x32\x16\
\x15\x14\x06\x07\x15\x14\x16\x33\x32\x37\x33\x03\x34\x26\x23\x22\
\x06\x1d\x01\x36\x01\xd1\x55\x60\x52\x5b\x36\x02\x36\x6d\x6c\x54\
\x49\x57\x5e\x66\x21\x18\x24\x34\x02\x4d\x13\x10\x0f\x14\x46\x38\
\x46\x55\x42\x19\x2d\x54\x56\xe9\x55\x74\x55\x46\x4d\x90\x52\x65\
\x21\x1e\x25\x01\xa5\x1a\x24\x27\x1e\x9d\x47\x00\x04\x00\x49\x00\
\x00\x04\x0d\x02\xce\x00\x0b\x00\x0f\x00\x1b\x00\x26\x00\x00\x33\
\x11\x33\x13\x33\x11\x33\x11\x23\x03\x23\x11\x01\x35\x21\x15\x27\
\x22\x26\x35\x34\x36\x33\x32\x16\x15\x14\x06\x27\x32\x36\x35\x34\
\x26\x22\x06\x15\x14\x16\x49\xb5\xe3\x03\xa5\xb8\xdf\x04\x01\xf5\
\x01\x21\x93\x42\x59\x59\x42\x43\x59\x59\x43\x1c\x21\x22\x36\x20\
\x20\x02\xc4\xfe\x4f\x01\xb1\xfd\x3c\x01\xa6\xfe\x5a\x01\x1e\x55\
\x55\x84\x54\x43\x42\x53\x53\x42\x43\x54\x57\x25\x1b\x1a\x25\x25\
\x1a\x1b\x25\x00\x04\x00\x14\xff\xea\x03\x0c\x02\xda\x00\x0b\x00\
\x17\x00\x21\x00\x28\x00\x00\x13\x34\x36\x33\x32\x16\x15\x14\x06\
\x23\x22\x26\x37\x14\x16\x33\x32\x36\x35\x34\x26\x23\x22\x06\x13\
\x11\x33\x32\x16\x14\x06\x2b\x01\x15\x35\x33\x32\x35\x34\x2b\x01\
\x14\xdf\x9e\x9d\xde\xde\x9d\x9e\xdf\x3c\xba\x85\x84\xbd\xbb\x84\
\x85\xbc\xb4\xb2\x50\x61\x64\x4d\x3b\x37\x40\x3e\x39\x01\x61\x9d\
\xdc\xdc\x9d\x9c\xdb\xdb\x9c\x84\xbb\xbb\x84\x85\xbc\xbc\xfe\x97\
\x01\xbc\x4a\x94\x4d\x91\xf1\x36\x35\x00\x00\x00\x02\x00\x28\x01\
\x28\x03\xb4\x02\xc4\x00\x0e\x00\x16\x00\x00\x01\x23\x11\x23\x03\
\x23\x03\x23\x11\x23\x11\x33\x1b\x01\x33\x05\x23\x11\x23\x11\x23\
\x35\x21\x03\xb4\x6a\x02\x61\x4f\x60\x02\x69\x96\x5f\x5c\x96\xfd\
\xce\x76\x6e\x76\x01\x5a\x01\x28\x01\x03\xfe\xfd\x01\x03\xfe\xfd\
\x01\x9c\xfe\xfc\x01\x04\x5f\xfe\xc3\x01\x3d\x5f\x00\x00\x00\x00\
\x01\x00\x2d\x00\x00\x02\xcb\x02\xd7\x00\x20\x00\x00\x29\x01\x35\
\x3e\x01\x35\x34\x26\x22\x06\x15\x14\x16\x17\x15\x21\x35\x33\x35\
\x2e\x01\x35\x34\x36\x33\x32\x16\x15\x14\x06\x07\x15\x33\x02\xc2\
\xfe\xe1\x39\x42\x5b\x8e\x5b\x49\x32\xfe\xe1\x9d\x4c\x5a\xc0\x8d\
\x92\xbf\x57\x4f\x9d\xdb\x10\x63\x41\x51\x5d\x5e\x50\x48\x5f\x0d\
\xdb\x90\x0b\x1c\x8a\x5f\x91\xa6\xa7\x90\x5c\x8b\x1e\x0b\x00\x00\
\x02\x00\x2c\xff\xef\x02\x31\x02\x17\x00\x12\x00\x18\x00\x00\x01\
\x21\x15\x16\x33\x32\x37\x17\x0e\x01\x23\x22\x26\x35\x34\x36\x33\
\x32\x16\x05\x21\x35\x26\x22\x07\x02\x31\xfe\x6c\x3b\x56\x7a\x47\
\x23\x2e\x68\x4e\x73\x8f\x8e\x74\x73\x8f\xfe\x6d\x01\x23\x3f\xa8\
\x3c\x01\x03\xb5\x3b\x78\x15\x48\x3f\x9e\x76\x77\x9d\x9a\x56\x91\
\x3c\x3c\x00\x00\x02\x00\x45\xff\xf3\x02\x4d\x02\xd1\x00\x1a\x00\
\x25\x00\x00\x01\x2e\x01\x23\x22\x07\x27\x36\x33\x32\x1e\x03\x14\
\x0e\x03\x23\x22\x26\x35\x34\x36\x33\x32\x17\x26\x22\x06\x15\x14\
\x16\x33\x32\x36\x35\x01\xab\x01\x42\x3e\x50\x39\x4d\x5d\x7a\x40\
\x67\x40\x2a\x11\x0c\x25\x3a\x64\x42\x6d\x8a\x81\x6f\x41\x2e\x2f\
\x5a\x30\x2f\x25\x33\x32\x01\xac\x3d\x5d\x42\x70\x5d\x2c\x46\x60\
\x63\x6a\x5e\x67\x4a\x30\x87\x6b\x65\x7f\xa5\x24\x3a\x30\x2d\x39\
\x5e\x41\x00\x00\x02\x00\x1b\x00\x00\x02\xc3\x02\xc4\x00\x05\x00\
\x08\x00\x00\x29\x01\x35\x01\x33\x01\x27\x0b\x01\x02\xc3\xfd\x58\
\x01\x02\xa6\x01\x00\xcb\x8b\x8e\x66\x02\x5e\xfd\xa6\x2a\x01\x73\
\xfe\x8d\x00\x00\x01\x00\x3b\xff\x2a\x02\xb7\x03\x12\x00\x07\x00\
\x00\x05\x23\x11\x21\x11\x23\x11\x21\x02\xb7\x98\xfe\xb3\x97\x02\
\x7c\xd6\x03\x63\xfc\x9d\x03\xe8\x00\x00\x00\x00\x01\x00\x1a\xff\
\x2a\x02\x84\x03\x12\x00\x0b\x00\x00\x05\x21\x35\x09\x01\x35\x21\
\x15\x21\x09\x01\x21\x02\x84\xfd\x96\x01\x24\xfe\xe8\x02\x52\xfe\
\x6e\x01\x00\xfe\xef\x01\xaf\xd6\x6f\x01\x8b\x01\x7f\x6f\x85\xfe\
\x98\xfe\x8a\x00\x01\x00\x44\x00\xf2\x02\x56\x01\x6d\x00\x03\x00\
\x00\x25\x21\x35\x21\x02\x56\xfd\xee\x02\x12\xf2\x7b\x00\x00\x00\
\x01\xff\x3e\xff\xe2\x01\x19\x02\xe4\x00\x03\x00\x00\x09\x01\x27\
\x01\x01\x19\xfe\x7c\x57\x01\x84\x02\xbb\xfd\x27\x27\x02\xdb\x00\
\x01\x00\x31\x00\xc1\x00\xfb\x01\x85\x00\x09\x00\x00\x12\x14\x06\
\x23\x22\x26\x34\x36\x33\x32\xfb\x3b\x29\x2a\x3c\x3c\x2a\x29\x01\
\x4c\x52\x39\x38\x52\x3a\x00\x00\x01\xff\xf5\xff\x2a\x02\x43\x03\
\x12\x00\x08\x00\x00\x01\x03\x23\x03\x07\x27\x37\x17\x13\x02\x43\
\xd6\x7e\x91\x33\x36\xaf\x70\x9e\x03\x12\xfc\x18\x01\x2c\x18\x72\
\x4f\xef\x03\x02\x00\x00\x00\x00\x03\x00\x2d\x00\x4b\x03\x18\x01\
\xc5\x00\x16\x00\x20\x00\x2a\x00\x00\x01\x14\x06\x23\x22\x27\x0e\
\x01\x23\x22\x26\x35\x34\x36\x33\x32\x16\x17\x3e\x01\x33\x32\x16\
\x07\x34\x26\x23\x22\x07\x16\x33\x32\x36\x25\x26\x23\x22\x06\x15\
\x14\x16\x33\x32\x03\x18\x63\x54\x61\x5d\x2f\x53\x3a\x54\x66\x63\
\x53\x3b\x59\x2c\x2b\x59\x3b\x53\x63\x76\x24\x1f\x2f\x43\x3e\x37\
\x1d\x23\xfe\xb6\x47\x2e\x1c\x24\x24\x1f\x33\x01\x0a\x52\x6d\x67\
\x32\x34\x6b\x52\x50\x6b\x39\x34\x33\x3b\x6b\x53\x1f\x28\x48\x44\
\x27\x1d\x47\x29\x1d\x1f\x25\x00\x01\x00\x4f\xff\x2a\x02\x07\x03\
\x11\x00\x2f\x00\x00\x01\x14\x06\x23\x22\x2e\x01\x27\x06\x15\x14\
\x16\x15\x11\x14\x07\x0e\x03\x23\x22\x26\x35\x34\x37\x3e\x01\x32\
\x1e\x01\x17\x36\x35\x36\x26\x35\x11\x34\x3e\x05\x33\x32\x16\x02\
\x07\x25\x1d\x17\x1a\x10\x08\x0b\x02\x02\x02\x0f\x22\x43\x30\x2e\
\x4e\x05\x05\x23\x2c\x1a\x0e\x08\x0c\x01\x03\x01\x07\x0d\x19\x24\
\x36\x22\x2b\x50\x02\xb8\x1c\x27\x1a\x1f\x03\x0a\x2b\x0e\x37\x0e\
\xfe\x48\x4c\x25\x2c\x45\x41\x24\x2e\x2e\x0a\x08\x14\x1a\x1a\x1d\
\x03\x06\x29\x0f\x37\x0a\x01\xf0\x20\x2a\x40\x2b\x31\x1d\x13\x2d\
\x00\x00\x00\x00\x02\x00\x18\x00\x3f\x02\x44\x01\xd4\x00\x12\x00\
\x26\x00\x00\x01\x0e\x01\x23\x22\x26\x23\x22\x06\x07\x23\x3e\x01\
\x33\x32\x16\x33\x32\x37\x17\x0e\x02\x23\x22\x26\x23\x22\x06\x07\
\x23\x3e\x01\x33\x32\x16\x33\x32\x37\x02\x44\x08\x55\x44\x2a\xb0\
\x1c\x14\x1a\x05\x60\x07\x4f\x4c\x29\xa5\x27\x2a\x08\x60\x06\x1d\
\x48\x34\x2b\xb2\x1b\x14\x1b\x05\x60\x07\x4e\x49\x2a\xa8\x29\x25\
\x0c\x01\xd4\x5b\x65\x40\x20\x17\x4e\x69\x3b\x3b\xdd\x31\x4c\x3b\
\x41\x22\x1c\x4f\x70\x3d\x33\x00\x01\x00\x34\xff\xdc\x02\x39\x02\
\x51\x00\x13\x00\x00\x25\x21\x07\x27\x37\x23\x35\x33\x37\x23\x35\
\x21\x37\x17\x07\x33\x15\x23\x07\x33\x02\x39\xfe\xef\x4a\x73\x2f\
\x66\xa7\x2b\xd2\x01\x13\x4b\x73\x2f\x63\xa4\x2b\xcf\x6e\x92\x38\
\x5a\x7f\x54\x7f\x91\x37\x5a\x7f\x54\x00\x00\x00\x02\x00\x4f\x00\
\x12\x02\x4b\x02\xad\x00\x03\x00\x0a\x00\x00\x25\x21\x35\x21\x35\
\x25\x35\x25\x15\x0d\x01\x02\x4b\xfe\x04\x01\xfc\xfe\x04\x01\xfc\
\xfe\xce\x01\x32\x12\x7b\x0d\xd6\x67\xd6\x88\x83\x7f\x00\x00\x00\
\x02\x00\x4f\x00\x12\x02\x4b\x02\xad\x00\x03\x00\x0a\x00\x00\x37\
\x35\x21\x15\x25\x35\x2d\x01\x35\x05\x15\x4f\x01\xfc\xfe\x04\x01\
\x32\xfe\xce\x01\xfc\x12\x7b\x7b\x88\x89\x7f\x83\x88\xd6\x67\x00\
\x02\x00\x3d\xff\xdd\x02\x22\x02\xeb\x00\x05\x00\x09\x00\x00\x01\
\x03\x23\x03\x13\x33\x13\x27\x07\x17\x02\x22\xb8\x78\xb5\xb6\x77\
\x2b\x67\x65\x65\x01\x64\xfe\x79\x01\x87\x01\x87\xfe\x79\xf1\xf1\
\xf1\x00\x00\x00\x03\x00\x00\x00\x00\x02\x63\x03\x07\x00\x13\x00\
\x1d\x00\x21\x00\x00\x01\x07\x26\x23\x22\x1d\x01\x33\x15\x23\x11\
\x23\x11\x23\x35\x33\x35\x34\x33\x32\x05\x14\x06\x22\x26\x35\x34\
\x36\x32\x16\x03\x23\x11\x33\x01\x80\x0b\x15\x18\x49\x6f\x6f\xa4\
\x5b\x5b\xd6\x30\x01\x02\x37\x4e\x37\x37\x4e\x37\x0c\xa4\xa4\x02\
\xfd\x82\x07\x5e\x32\x7b\xfe\x89\x01\x77\x7b\x30\xe5\x76\x26\x34\
\x35\x25\x24\x36\x35\xfd\x4a\x01\xf2\x00\x00\x00\x02\x00\x00\x00\
\x00\x02\x58\x03\x07\x00\x13\x00\x17\x00\x00\x01\x07\x26\x23\x22\
\x1d\x01\x33\x15\x23\x11\x23\x11\x23\x35\x33\x35\x34\x33\x32\x13\
\x23\x11\x33\x01\x80\x0b\x15\x18\x49\x6f\x6f\xa4\x5b\x5b\xd6\x30\
\xf7\xa6\xa6\x02\xfd\x82\x07\x5e\x32\x7b\xfe\x89\x01\x77\x7b\x30\
\xe5\xfc\xf9\x02\xf4\x00\x00\x00\x04\x00\x00\x00\x00\x02\x00\x02\
\xce\x00\x03\x00\x1f\x00\x23\x00\x27\x00\x00\x25\x23\x35\x33\x27\
\x23\x27\x34\x37\x36\x37\x3e\x01\x35\x34\x26\x23\x22\x07\x27\x3e\
\x01\x33\x32\x16\x15\x14\x06\x07\x06\x07\x06\x07\x21\x11\x21\x27\
\x21\x11\x21\x01\x16\x38\x38\x07\x2e\x02\x0d\x0f\x1f\x1f\x13\x2d\
\x1f\x47\x0b\x32\x07\x48\x38\x36\x46\x1a\x25\x25\x06\x06\xdd\x01\
\x9c\xfe\x64\x32\x02\x00\xfe\x00\x75\x43\x32\x11\x38\x19\x1c\x1f\
\x1d\x22\x14\x24\x31\x5f\x08\x45\x44\x48\x3b\x22\x34\x22\x21\x13\
\x14\xec\x02\x69\x33\xfd\x32\x00\x01\x00\x00\x00\x00\x02\xce\x03\
\x07\x00\x23\x00\x00\x01\x07\x26\x23\x22\x1d\x01\x33\x15\x23\x11\
\x23\x11\x23\x11\x23\x11\x23\x35\x33\x35\x34\x33\x32\x17\x07\x26\
\x23\x22\x1d\x01\x33\x35\x34\x33\x32\x02\xce\x0b\x15\x18\x49\x6f\
\x6f\xa4\xaa\xa4\x5b\x5b\xd6\x30\x1f\x0b\x15\x18\x49\xaa\xd6\x30\
\x02\xfd\x82\x07\x5e\x32\x7b\xfe\x89\x01\x77\xfe\x89\x01\x77\x7b\
\x30\xe5\x0a\x82\x07\x5e\x32\x30\xe5\x00\x00\x00\x03\x00\x00\x00\
\x00\x02\x63\x03\x07\x00\x0a\x00\x0e\x00\x22\x00\x00\x01\x14\x06\
\x22\x26\x35\x34\x36\x33\x32\x16\x03\x23\x11\x33\x03\x07\x26\x23\
\x22\x1d\x01\x33\x15\x23\x11\x23\x11\x23\x35\x33\x35\x34\x33\x32\
\x02\x63\x37\x4e\x37\x37\x27\x26\x38\x0c\xa5\xa5\xd7\x0b\x15\x18\
\x49\x6f\x6f\xa4\x5b\x5b\xd6\x30\x02\x91\x26\x34\x35\x25\x24\x36\
\x35\xfd\x4a\x01\xf2\x01\x0b\x82\x07\x5e\x32\x7b\xfe\x89\x01\x77\
\x7b\x30\xe5\x00\x02\x00\x00\x00\x00\x02\x58\x03\x07\x00\x03\x00\
\x17\x00\x00\x21\x23\x11\x33\x27\x07\x26\x23\x22\x1d\x01\x33\x15\
\x23\x11\x23\x11\x23\x35\x33\x35\x34\x33\x32\x02\x58\xa6\xa6\xd8\
\x0b\x15\x18\x49\x6f\x6f\xa4\x5b\x5b\xd6\x30\x02\xf4\x09\x82\x07\
\x5e\x32\x7b\xfe\x89\x01\x77\x7b\x30\xe5\x00\x00\x03\x00\x00\x00\
\x00\x03\xb1\x03\x07\x00\x23\x00\x2d\x00\x31\x00\x00\x01\x07\x26\
\x23\x22\x1d\x01\x33\x15\x23\x11\x23\x11\x23\x11\x23\x11\x23\x35\
\x33\x35\x34\x33\x32\x17\x07\x26\x23\x22\x1d\x01\x33\x35\x34\x33\
\x32\x05\x14\x06\x22\x26\x35\x34\x36\x32\x16\x03\x23\x11\x33\x02\
\xce\x0b\x15\x18\x49\x6f\x6f\xa4\xaa\xa4\x5b\x5b\xd6\x30\x1f\x0b\
\x15\x18\x49\xaa\xd6\x30\x01\x02\x37\x4e\x37\x37\x4e\x37\x0c\xa4\
\xa4\x02\xfd\x82\x07\x5e\x32\x7b\xfe\x89\x01\x77\xfe\x89\x01\x77\
\x7b\x30\xe5\x0a\x82\x07\x5e\x32\x30\xe5\x76\x26\x34\x35\x25\x24\
\x36\x35\xfd\x4a\x01\xf2\x00\x00\x02\x00\x00\x00\x00\x03\xa6\x03\
\x07\x00\x23\x00\x27\x00\x00\x01\x07\x26\x23\x22\x1d\x01\x33\x15\
\x23\x11\x23\x11\x23\x11\x23\x11\x23\x35\x33\x35\x34\x33\x32\x17\
\x07\x26\x23\x22\x1d\x01\x33\x35\x34\x33\x32\x13\x23\x11\x33\x02\
\xce\x0b\x15\x18\x49\x6f\x6f\xa4\xaa\xa4\x5b\x5b\xd6\x30\x1f\x0b\
\x15\x18\x49\xaa\xd6\x30\xf7\xa6\xa6\x02\xfd\x82\x07\x5e\x32\x7b\
\xfe\x89\x01\x77\xfe\x89\x01\x77\x7b\x30\xe5\x0a\x82\x07\x5e\x32\
\x30\xe5\xfc\xf9\x02\xf4\x00\x00\x01\xff\xdd\x02\xfc\x00\xeb\x03\
\x8c\x00\x03\x00\x00\x13\x23\x27\x33\xeb\x7c\x92\xa6\x02\xfc\x90\
\x00\x00\x00\x00\x01\x00\x41\x02\xfc\x01\x4f\x03\x8c\x00\x03\x00\
\x00\x01\x07\x23\x37\x01\x4f\x92\x7c\x68\x03\x8c\x90\x90\x00\x00\
\x01\xff\xd1\x02\xfc\x01\x5b\x03\x8c\x00\x06\x00\x00\x01\x23\x27\
\x07\x23\x37\x33\x01\x5b\x82\x44\x44\x80\x7c\x94\x02\xfc\x51\x51\
\x90\x00\x00\x00\x01\xff\xd1\x02\xfc\x01\x5b\x03\x8c\x00\x06\x00\
\x00\x01\x07\x23\x27\x33\x17\x37\x01\x5b\x7b\x93\x7c\x82\x44\x44\
\x03\x8c\x90\x90\x51\x51\x00\x00\x01\x00\x45\x02\x01\x01\x19\x02\
\xc4\x00\x03\x00\x00\x01\x07\x23\x37\x01\x19\x56\x7e\x43\x02\xc4\
\xc3\xc3\x00\x00\x01\xff\xdc\x03\x00\x01\x4f\x03\x84\x00\x11\x00\
\x00\x01\x0e\x01\x23\x22\x27\x26\x23\x22\x07\x23\x36\x33\x32\x16\
\x33\x32\x37\x01\x4f\x07\x37\x33\x24\x2d\x27\x18\x1f\x0b\x48\x11\
\x60\x25\x56\x16\x20\x0a\x03\x84\x3a\x4a\x15\x14\x28\x82\x28\x29\
\x00\x00\x00\x00\x02\xff\xd6\x03\x00\x01\x56\x03\xa3\x00\x0a\x00\
\x15\x00\x00\x00\x14\x06\x23\x22\x26\x35\x34\x36\x33\x32\x06\x14\
\x06\x23\x22\x26\x35\x34\x36\x33\x32\x01\x56\x31\x22\x23\x30\x30\
\x23\x22\xa8\x31\x23\x22\x31\x31\x22\x23\x03\x74\x44\x30\x30\x22\
\x21\x30\x2f\x44\x30\x30\x22\x21\x30\x00\x00\x00\x01\xff\xee\x03\
\x19\x01\x3e\x03\x6f\x00\x03\x00\x00\x01\x21\x35\x21\x01\x3e\xfe\
\xb0\x01\x50\x03\x19\x56\x00\x00\x01\xff\xe8\x02\xfc\x01\x44\x03\
\x8c\x00\x0c\x00\x00\x01\x0e\x01\x23\x22\x26\x27\x33\x16\x33\x32\
\x36\x37\x01\x44\x06\x5e\x4b\x4a\x5e\x05\x54\x09\x51\x27\x2d\x06\
\x03\x8c\x4a\x46\x46\x4a\x37\x17\x20\x00\x00\x00\x02\x00\x29\x02\
\xed\x01\x03\x03\xc3\x00\x0b\x00\x14\x00\x00\x01\x14\x06\x23\x22\
\x26\x35\x34\x36\x33\x32\x16\x06\x34\x26\x22\x06\x15\x14\x16\x32\
\x01\x03\x3f\x2e\x2d\x40\x3f\x2e\x2d\x40\x32\x22\x32\x22\x22\x32\
\x03\x58\x2e\x3d\x3d\x2d\x2e\x3e\x3e\x46\x32\x21\x22\x19\x18\x21\
\x00\x00\x00\x00\x02\xff\xde\x02\xfc\x01\xc8\x03\x8c\x00\x03\x00\
\x07\x00\x00\x01\x07\x23\x37\x23\x07\x23\x37\x01\xc8\x92\x7c\x68\
\x36\x92\x7c\x68\x03\x8c\x90\x90\x90\x90\x00\x00\x01\x00\x3d\x02\
\xfc\x00\xf0\x03\xa7\x00\x09\x00\x00\x12\x14\x06\x23\x22\x26\x34\
\x36\x33\x32\xf0\x34\x26\x25\x34\x34\x25\x26\x03\x75\x48\x31\x32\
\x46\x33\x00\x00\x01\x00\x17\xff\x10\x00\xeb\xff\xd3\x00\x03\x00\
\x00\x17\x07\x23\x37\xeb\x56\x7e\x43\x2d\xc3\xc3\x00\x00\x00\x00\
\x01\x00\x38\x02\x3c\x01\x0c\x02\xff\x00\x03\x00\x00\x13\x37\x33\
\x07\x38\x56\x7e\x43\x02\x3c\xc3\xc3\x00\x00\x00\x02\x00\x23\xff\
\xf7\x01\x81\x01\xbd\x00\x0a\x00\x12\x00\x00\x25\x14\x06\x23\x22\
\x26\x34\x36\x33\x32\x16\x07\x34\x23\x22\x15\x14\x33\x32\x01\x81\
\x54\x5a\x5b\x55\x55\x5b\x5a\x54\x76\x38\x3a\x3a\x38\xdb\x65\x7f\
\x80\xc8\x7e\x7e\x64\x7f\x7f\x81\x00\x00\x00\x00\x01\x00\x2f\x00\
\x00\x01\x2a\x01\xb4\x00\x06\x00\x00\x21\x23\x11\x07\x27\x37\x33\
\x01\x2a\x75\x4a\x3c\x91\x6a\x01\x32\x3a\x51\x6b\x00\x00\x00\x00\
\x01\x00\x2d\x00\x00\x01\x76\x01\xbd\x00\x17\x00\x00\x29\x01\x35\
\x37\x36\x35\x34\x26\x23\x22\x06\x07\x27\x3e\x01\x32\x16\x15\x14\
\x0e\x01\x0f\x01\x33\x01\x76\xfe\xc1\xaa\x1d\x18\x15\x16\x1e\x02\
\x6e\x07\x5f\x86\x5d\x18\x1b\x19\x57\xa3\x5c\x9c\x1a\x1e\x12\x16\
\x22\x1b\x0e\x45\x4f\x44\x42\x1e\x34\x1e\x16\x4d\x00\x00\x00\x00\
\x01\x00\x27\xff\xf7\x01\x7b\x01\xbd\x00\x24\x00\x00\x25\x14\x06\
\x23\x22\x26\x27\x37\x16\x33\x32\x36\x35\x34\x2b\x01\x35\x33\x32\
\x35\x34\x26\x23\x22\x06\x07\x27\x3e\x01\x33\x32\x16\x15\x14\x07\
\x1e\x01\x01\x7b\x62\x42\x3f\x5f\x12\x69\x10\x30\x17\x21\x4e\x21\
\x24\x41\x1a\x14\x12\x1d\x04\x69\x10\x5b\x39\x40\x59\x39\x20\x23\
\x80\x43\x46\x3c\x3e\x1c\x35\x16\x18\x2f\x54\x2f\x11\x15\x1a\x16\
\x19\x38\x3e\x3e\x3b\x44\x1c\x0b\x35\x00\x00\x00\x02\x00\x1d\x00\
\x00\x01\x89\x01\xb4\x00\x0a\x00\x0e\x00\x00\x21\x23\x35\x23\x35\
\x13\x33\x11\x33\x15\x23\x27\x35\x23\x07\x01\x4f\x6a\xc8\xaf\x83\
\x3a\x3a\x6a\x01\x58\x53\x5d\x01\x04\xfe\xfd\x5e\x5e\x86\x86\x00\
\x01\x00\x29\xff\xf7\x01\x7a\x01\xb4\x00\x1a\x00\x00\x25\x14\x06\
\x23\x22\x26\x27\x37\x16\x33\x32\x36\x35\x34\x26\x23\x22\x07\x13\
\x21\x15\x23\x07\x36\x33\x32\x16\x01\x7a\x63\x46\x3d\x5b\x10\x67\
\x10\x2f\x19\x1f\x29\x24\x36\x3a\x0a\x01\x11\xaa\x03\x14\x10\x45\
\x59\x94\x4c\x51\x3e\x37\x1f\x33\x1d\x1a\x1c\x1e\x18\x01\x03\x64\
\x33\x03\x4a\x00\x02\x00\x25\xff\xf7\x01\x7f\x01\xb4\x00\x0f\x00\
\x1a\x00\x00\x25\x14\x06\x22\x26\x35\x34\x3f\x01\x33\x07\x17\x36\
\x33\x32\x16\x07\x34\x26\x22\x06\x15\x14\x16\x33\x32\x36\x01\x7f\
\x63\x94\x63\x2f\x68\x8b\x69\x01\x04\x0e\x3a\x54\x72\x21\x34\x21\
\x20\x1a\x1b\x21\x96\x49\x56\x57\x46\x40\x47\x99\x8e\x01\x01\x51\
\x41\x19\x23\x23\x1a\x19\x22\x22\x00\x00\x00\x00\x01\x00\x36\x00\
\x00\x01\x76\x01\xb4\x00\x06\x00\x00\x33\x23\x13\x23\x35\x21\x15\
\xd2\x85\xab\xc2\x01\x40\x01\x50\x64\x57\x00\x00\x03\x00\x2d\xff\
\xf7\x01\x77\x01\xbd\x00\x14\x00\x1c\x00\x26\x00\x00\x25\x14\x06\
\x22\x26\x35\x34\x37\x35\x26\x35\x34\x36\x32\x16\x15\x14\x07\x15\
\x1e\x01\x26\x22\x06\x14\x16\x32\x36\x34\x07\x22\x06\x14\x16\x32\
\x36\x35\x34\x26\x01\x77\x5f\x8c\x5f\x44\x3a\x5a\x82\x5a\x39\x1e\
\x25\x92\x26\x19\x19\x26\x19\x2c\x17\x1e\x1e\x2e\x1e\x1f\x7f\x42\
\x46\x46\x42\x47\x1e\x02\x1a\x3f\x3b\x43\x41\x3b\x41\x1a\x02\x0c\
\x36\xc1\x19\x24\x19\x19\x24\x93\x1d\x2c\x1b\x1b\x16\x15\x1e\x00\
\x02\x00\x25\x00\x00\x01\x7f\x01\xbd\x00\x10\x00\x1b\x00\x00\x01\
\x14\x0f\x01\x23\x37\x27\x06\x23\x22\x26\x35\x34\x36\x33\x32\x16\
\x07\x34\x26\x23\x22\x06\x15\x14\x16\x32\x36\x01\x7f\x30\x67\x8c\
\x69\x01\x05\x0d\x3b\x52\x63\x49\x4a\x64\x73\x20\x1a\x1b\x21\x21\
\x34\x21\x01\x20\x3f\x48\x99\x8e\x02\x02\x52\x3e\x48\x57\x56\x46\
\x19\x23\x22\x1b\x19\x22\x22\x00\x02\x00\x23\x01\x07\x01\x81\x02\
\xcd\x00\x0a\x00\x12\x00\x00\x01\x14\x06\x23\x22\x26\x34\x36\x33\
\x32\x16\x07\x34\x23\x22\x15\x14\x33\x32\x01\x81\x54\x5a\x5b\x55\
\x55\x5b\x5a\x54\x76\x38\x3a\x3a\x38\x01\xeb\x65\x7f\x80\xc8\x7e\
\x7e\x64\x7f\x7f\x81\x00\x00\x00\x01\x00\x2f\x01\x10\x01\x2a\x02\
\xc4\x00\x06\x00\x00\x01\x23\x11\x07\x27\x37\x33\x01\x2a\x75\x4a\
\x3c\x91\x6a\x01\x10\x01\x32\x3a\x51\x6b\x00\x00\x01\x00\x2d\x01\
\x10\x01\x76\x02\xcd\x00\x17\x00\x00\x01\x21\x35\x37\x36\x35\x34\
\x26\x23\x22\x06\x07\x27\x3e\x01\x32\x16\x15\x14\x0e\x01\x0f\x01\
\x33\x01\x76\xfe\xc1\xaa\x1d\x18\x15\x16\x1e\x02\x6e\x07\x5f\x86\
\x5d\x18\x1b\x19\x57\xa3\x01\x10\x5c\x9c\x1a\x1e\x12\x16\x22\x1b\
\x0e\x45\x4f\x44\x42\x1e\x34\x1e\x16\x4d\x00\x00\x01\x00\x27\x01\
\x07\x01\x7b\x02\xcd\x00\x24\x00\x00\x01\x14\x06\x23\x22\x26\x27\
\x37\x16\x33\x32\x36\x35\x34\x2b\x01\x35\x33\x32\x35\x34\x26\x23\
\x22\x06\x07\x27\x3e\x01\x33\x32\x16\x15\x14\x07\x1e\x01\x01\x7b\
\x62\x42\x3f\x5f\x12\x69\x10\x30\x17\x21\x4e\x21\x24\x41\x1a\x14\
\x12\x1d\x04\x69\x10\x5b\x39\x40\x59\x39\x20\x23\x01\x90\x43\x46\
\x3c\x3e\x1c\x35\x16\x18\x2f\x54\x2f\x11\x15\x1a\x16\x19\x38\x3e\
\x3e\x3b\x44\x1c\x0b\x35\x00\x00\x02\x00\x1d\x01\x10\x01\x89\x02\
\xc4\x00\x0a\x00\x0e\x00\x00\x01\x23\x35\x23\x35\x13\x33\x11\x33\
\x15\x23\x27\x35\x23\x07\x01\x4f\x6a\xc8\xaf\x83\x3a\x3a\x6a\x01\
\x58\x01\x10\x53\x5d\x01\x04\xfe\xfd\x5e\x5e\x86\x86\x00\x00\x00\
\x01\x00\x29\x01\x07\x01\x7a\x02\xc4\x00\x1a\x00\x00\x01\x14\x06\
\x23\x22\x26\x27\x37\x16\x33\x32\x36\x35\x34\x26\x23\x22\x07\x13\
\x21\x15\x23\x07\x36\x33\x32\x16\x01\x7a\x63\x46\x3d\x5b\x10\x67\
\x10\x2f\x19\x1f\x29\x24\x36\x3a\x0a\x01\x11\xaa\x03\x13\x11\x45\
\x59\x01\xa4\x4c\x51\x3e\x37\x1f\x33\x1d\x1a\x1c\x1e\x18\x01\x03\
\x64\x33\x03\x4a\x00\x00\x00\x00\x02\x00\x25\x01\x07\x01\x7f\x02\
\xc4\x00\x0f\x00\x1a\x00\x00\x01\x14\x06\x22\x26\x35\x34\x3f\x01\
\x33\x07\x17\x36\x33\x32\x16\x07\x34\x26\x22\x06\x15\x14\x16\x33\
\x32\x36\x01\x7f\x63\x94\x63\x2f\x68\x8b\x69\x01\x04\x0e\x3a\x54\
\x72\x21\x34\x21\x20\x1a\x1b\x21\x01\xa6\x49\x56\x57\x46\x40\x47\
\x99\x8e\x01\x01\x51\x41\x19\x23\x23\x1a\x19\x22\x22\x00\x00\x00\
\x01\x00\x36\x01\x10\x01\x76\x02\xc4\x00\x06\x00\x00\x13\x23\x13\
\x23\x35\x21\x15\xd2\x85\xab\xc2\x01\x40\x01\x10\x01\x50\x64\x57\
\x00\x00\x00\x00\x03\x00\x2d\x01\x07\x01\x77\x02\xcd\x00\x14\x00\
\x1c\x00\x26\x00\x00\x01\x14\x06\x22\x26\x35\x34\x37\x35\x26\x35\
\x34\x36\x32\x16\x15\x14\x07\x15\x1e\x01\x26\x22\x06\x14\x16\x32\
\x36\x34\x07\x22\x06\x14\x16\x32\x36\x35\x34\x26\x01\x77\x5f\x8c\
\x5f\x44\x3a\x5a\x82\x5a\x39\x1e\x25\x92\x26\x19\x19\x26\x19\x2c\
\x17\x1e\x1e\x2e\x1e\x1f\x01\x8f\x42\x46\x46\x42\x47\x1e\x02\x1a\
\x3f\x3b\x43\x41\x3b\x41\x1a\x02\x0c\x36\xc1\x19\x24\x19\x19\x24\
\x93\x1d\x2c\x1b\x1b\x16\x15\x1e\x00\x00\x00\x00\x02\x00\x25\x01\
\x10\x01\x7f\x02\xcd\x00\x10\x00\x1b\x00\x00\x01\x14\x0f\x01\x23\
\x37\x27\x06\x23\x22\x26\x35\x34\x36\x33\x32\x16\x07\x34\x26\x23\
\x22\x06\x15\x14\x16\x32\x36\x01\x7f\x30\x67\x8c\x69\x01\x05\x0d\
\x3b\x52\x63\x49\x4a\x64\x73\x20\x1a\x1b\x21\x21\x34\x21\x02\x30\
\x3f\x48\x99\x8e\x02\x02\x52\x3e\x48\x57\x56\x46\x19\x23\x22\x1b\
\x19\x22\x22\x00\x01\xff\xf1\x02\x3c\x01\x3a\x02\xcf\x00\x0a\x00\
\x00\x13\x22\x27\x37\x16\x33\x32\x37\x17\x0e\x01\x96\x8f\x16\x50\
\x09\x4c\x4d\x07\x50\x0a\x57\x02\x3c\x83\x10\x3b\x3b\x10\x42\x41\
\x00\x00\x00\x00\x01\xff\xe7\x02\xfc\x01\x45\x03\x99\x00\x0c\x00\
\x00\x12\x22\x26\x27\x37\x1e\x01\x33\x32\x36\x37\x17\x06\xdd\x8e\
\x5d\x0b\x55\x04\x30\x26\x25\x30\x04\x56\x0c\x02\xfc\x46\x46\x11\
\x1f\x24\x24\x1f\x11\x46\x00\x00\x02\x00\x49\xff\xf6\x01\x0a\x02\
\x33\x00\x03\x00\x0e\x00\x00\x13\x11\x23\x11\x13\x14\x06\x23\x22\
\x26\x34\x36\x33\x32\x16\xfc\xa6\xb4\x38\x29\x28\x38\x38\x28\x29\
\x38\x02\x33\xfe\xa9\x01\x57\xfe\x20\x28\x35\x35\x4e\x37\x36\x00\
\x03\x00\x3c\xff\xc6\x02\x03\x02\x68\x00\x1e\x00\x24\x00\x29\x00\
\x00\x01\x15\x16\x17\x07\x26\x27\x15\x1e\x01\x15\x14\x06\x07\x15\
\x23\x35\x2e\x01\x27\x37\x16\x17\x35\x2e\x01\x35\x34\x36\x37\x35\
\x17\x35\x0e\x01\x15\x14\x17\x15\x36\x35\x34\x01\x4b\x63\x4b\x54\
\x27\x31\x59\x5d\x68\x57\x46\x36\x6c\x20\x5f\x27\x3c\x5c\x54\x6f\
\x48\x02\x13\x15\x65\x2b\x02\x68\x34\x06\x36\x6b\x24\x08\x5e\x16\
\x50\x45\x52\x5b\x04\x39\x38\x01\x22\x1e\x6d\x2a\x06\x67\x18\x47\
\x49\x47\x5d\x05\x34\xfe\x50\x03\x14\x0d\x1f\xa2\x59\x06\x24\x20\
\x00\x00\x00\x00\x05\x00\x18\xff\xdf\x03\x04\x02\x54\x00\x08\x00\
\x10\x00\x19\x00\x21\x00\x25\x00\x00\x00\x14\x06\x23\x22\x26\x34\
\x36\x32\x06\x34\x26\x22\x06\x14\x16\x32\x04\x14\x06\x23\x22\x26\
\x34\x36\x32\x06\x34\x26\x22\x06\x14\x16\x32\x03\x01\x27\x01\x01\
\x52\x5e\x3f\x40\x5d\x5d\x80\x11\x1b\x28\x1b\x1b\x28\x02\x3b\x5e\
\x3f\x40\x5d\x5d\x80\x11\x1b\x28\x1b\x1b\x28\x1b\xfe\xb1\x58\x01\
\x4c\x01\xe7\x7e\x5a\x5a\x7e\x59\xac\x28\x19\x19\x28\x19\xb2\x7e\
\x5a\x5a\x7e\x59\xac\x28\x19\x19\x28\x19\x01\xca\xfd\xb8\x2a\x02\
\x4b\x00\x00\x00\x03\x00\x2d\xff\xf0\x02\x9b\x02\x43\x00\x18\x00\
\x20\x00\x2a\x00\x00\x01\x07\x17\x23\x27\x06\x23\x22\x26\x35\x34\
\x36\x37\x26\x35\x34\x36\x33\x32\x16\x15\x14\x07\x17\x37\x07\x27\
\x06\x15\x14\x16\x33\x32\x03\x22\x06\x15\x14\x17\x36\x35\x34\x26\
\x02\x9b\x92\x8d\xc6\x26\x48\x62\x60\x73\x38\x38\x31\x68\x56\x53\
\x63\x6a\x33\x30\x8e\x55\x29\x24\x18\x28\x07\x10\x16\x1c\x31\x16\
\x01\x29\x9d\x8c\x28\x38\x5d\x52\x36\x4a\x1e\x31\x3d\x42\x56\x51\
\x43\x5b\x36\x34\x3f\xa2\x5a\x10\x2d\x19\x1e\x01\x60\x15\x10\x19\
\x1c\x15\x20\x10\x15\x00\x00\x00\x01\x00\x19\xff\xad\x00\xfc\x02\
\x84\x00\x09\x00\x00\x13\x14\x17\x07\x26\x35\x34\x37\x17\x06\x96\
\x66\x69\x7a\x7a\x69\x66\x01\x19\xa9\x8e\x35\xa8\xc4\xc3\xa8\x36\
\x8d\x00\x00\x00\x01\x00\x2d\xff\xad\x01\x10\x02\x84\x00\x09\x00\
\x00\x01\x14\x07\x27\x36\x35\x34\x27\x37\x16\x01\x10\x7a\x69\x66\
\x66\x69\x7a\x01\x18\xc3\xa8\x35\x8e\xa8\xa9\x8d\x36\xa8\x00\x00\
\x01\x00\x29\xff\xba\x00\xee\x02\x77\x00\x07\x00\x00\x17\x23\x11\
\x33\x15\x23\x11\x33\xee\xc5\xc5\x49\x49\x46\x02\xbd\x62\xfe\x07\
\x00\x00\x00\x00\x01\xff\xfe\xff\xd4\x01\x62\x02\x61\x00\x03\x00\
\x00\x05\x07\x03\x37\x01\x62\x70\xf4\x70\x06\x26\x02\x66\x27\x00\
\x01\x00\x3b\xff\xba\x01\x00\x02\x77\x00\x07\x00\x00\x05\x23\x35\
\x33\x11\x23\x35\x33\x01\x00\xc5\x49\x49\xc5\x46\x62\x01\xf9\x62\
\x00\x00\x00\x00\x01\x00\x05\xff\xba\x00\xff\x02\x77\x00\x1f\x00\
\x00\x05\x23\x22\x26\x3d\x01\x34\x23\x35\x32\x3d\x01\x34\x36\x3b\
\x01\x15\x23\x22\x1d\x01\x14\x06\x07\x15\x1e\x01\x1d\x01\x14\x3b\
\x01\x00\xff\x4c\x39\x3f\x36\x36\x3f\x39\x4c\x28\x22\x30\x26\x26\
\x30\x22\x28\x46\x44\x3d\x73\x36\x69\x36\x73\x3c\x45\x63\x27\x67\
\x30\x37\x06\x01\x06\x38\x2f\x67\x27\x00\x00\x00\x01\xff\xfe\xff\
\xd4\x01\x62\x02\x61\x00\x03\x00\x00\x17\x27\x13\x17\x6e\x70\xf4\
\x70\x2c\x26\x02\x67\x27\x00\x00\x01\x00\x2a\xff\xba\x01\x24\x02\
\x77\x00\x1f\x00\x00\x17\x23\x35\x33\x32\x3d\x01\x34\x36\x37\x35\
\x2e\x01\x3d\x01\x34\x2b\x01\x35\x33\x32\x16\x1d\x01\x14\x33\x15\
\x22\x1d\x01\x14\x06\x76\x4c\x28\x22\x30\x26\x26\x30\x22\x28\x4c\
\x39\x3f\x36\x36\x3f\x46\x63\x27\x67\x2f\x38\x06\x01\x06\x37\x30\
\x67\x27\x63\x45\x3c\x73\x36\x69\x36\x73\x3d\x44\x00\x00\x00\x00\
\x02\x00\x2d\xff\xf0\x02\x13\x02\x43\x00\x07\x00\x11\x00\x00\x04\
\x22\x26\x10\x36\x32\x16\x10\x03\x22\x06\x15\x14\x16\x32\x36\x34\
\x26\x01\x95\xea\x7e\x7e\xea\x7e\xf3\x23\x27\x26\x48\x26\x26\x10\
\xab\x01\x00\xa8\xa8\xff\x00\x01\x16\x53\x43\x44\x52\x52\x88\x52\
\x00\x00\x00\x00\x01\x00\x32\x00\x00\x01\x94\x02\x33\x00\x06\x00\
\x00\x33\x11\x07\x27\x37\x33\x11\xee\x64\x58\xc9\x99\x01\x77\x4b\
\x74\x93\xfd\xcd\x00\x00\x00\x00\x01\x00\x42\x00\x00\x02\x00\x02\
\x43\x00\x16\x00\x00\x3f\x01\x36\x35\x34\x26\x23\x22\x06\x07\x27\
\x3e\x01\x32\x16\x15\x14\x06\x0f\x01\x33\x15\x21\x4b\xd7\x2e\x1c\
\x16\x18\x22\x04\x9e\x09\x84\xb0\x7f\x2f\x37\x69\xd1\xfe\x4b\x79\
\xbd\x29\x28\x14\x1c\x22\x23\x16\x56\x65\x59\x54\x35\x55\x2d\x58\
\x87\x00\x00\x00\x01\x00\x2c\xff\xf0\x01\xff\x02\x43\x00\x27\x00\
\x00\x01\x15\x16\x15\x14\x0e\x01\x23\x22\x26\x27\x37\x16\x33\x32\
\x36\x35\x34\x26\x2b\x01\x35\x33\x32\x36\x35\x34\x26\x23\x22\x06\
\x07\x27\x3e\x01\x33\x32\x16\x15\x14\x01\xa3\x5c\x45\x65\x3b\x58\
\x7e\x18\x99\x14\x3c\x1e\x23\x2d\x28\x25\x24\x22\x28\x1d\x18\x17\
\x23\x06\x9a\x15\x7b\x50\x5b\x7c\x01\x28\x03\x1e\x63\x3b\x55\x24\
\x4a\x4f\x2a\x3f\x1d\x1b\x1d\x22\x6d\x1f\x1a\x15\x1b\x1e\x1a\x24\
\x4a\x4c\x51\x4e\x5b\x00\x00\x00\x02\x00\x24\x00\x00\x02\x12\x02\
\x33\x00\x0a\x00\x0e\x00\x00\x25\x15\x23\x35\x21\x35\x13\x33\x11\
\x33\x15\x03\x07\x33\x35\x01\xc9\x99\xfe\xf4\xda\xcb\x49\xe4\x74\
\x76\x68\x68\x68\x81\x01\x4a\xfe\xad\x78\x01\x31\xb9\xb9\x00\x00\
\x01\x00\x36\xff\xf0\x02\x00\x02\x33\x00\x19\x00\x00\x25\x14\x06\
\x23\x22\x27\x37\x16\x33\x32\x36\x35\x34\x26\x23\x22\x07\x13\x21\
\x15\x23\x07\x36\x33\x32\x16\x02\x00\x80\x64\xb3\x33\x97\x15\x36\
\x1e\x24\x32\x29\x4b\x4e\x0e\x01\x6f\xdb\x05\x18\x21\x58\x6c\xbb\
\x62\x69\x97\x2e\x3d\x23\x1b\x26\x25\x1d\x01\x4f\x7f\x47\x06\x60\
\x00\x00\x00\x00\x02\x00\x32\xff\xf0\x02\x0c\x02\x33\x00\x10\x00\
\x1a\x00\x00\x01\x17\x36\x33\x32\x16\x15\x14\x06\x23\x22\x26\x35\
\x34\x3f\x01\x33\x03\x22\x0e\x01\x16\x33\x32\x36\x34\x26\x01\x26\
\x02\x0e\x15\x56\x6b\x86\x67\x68\x85\x4b\x72\xc8\x98\x1f\x28\x02\
\x2a\x1f\x1e\x2a\x2a\x01\x72\x02\x05\x5d\x57\x5e\x73\x74\x60\x53\
\x70\xac\xfe\xd4\x28\x42\x26\x26\x42\x28\x00\x00\x01\x00\x51\x00\
\x00\x01\xf9\x02\x33\x00\x06\x00\x00\x21\x23\x13\x21\x35\x21\x15\
\x01\x28\xb5\xde\xff\x00\x01\xa8\x01\xa8\x8b\x80\x00\x00\x00\x00\
\x03\x00\x3a\xff\xf0\x02\x06\x02\x43\x00\x08\x00\x13\x00\x28\x00\
\x00\x00\x22\x06\x14\x16\x33\x32\x36\x34\x07\x22\x06\x15\x14\x16\
\x32\x36\x35\x34\x26\x37\x15\x16\x15\x14\x06\x22\x26\x35\x34\x36\
\x37\x35\x26\x35\x34\x36\x32\x16\x15\x14\x01\x37\x2e\x1f\x1e\x18\
\x17\x1f\x36\x1c\x24\x24\x38\x24\x25\x6b\x60\x82\xc8\x82\x33\x2d\
\x50\x79\xba\x79\x01\xcb\x1e\x30\x1e\x1e\x30\xc4\x23\x1c\x1d\x22\
\x22\x1d\x1c\x23\x40\x03\x25\x5f\x56\x5c\x5b\x57\x2e\x44\x12\x03\
\x22\x53\x4e\x57\x55\x4d\x57\x00\x02\x00\x3e\x00\x00\x02\x17\x02\
\x43\x00\x0f\x00\x18\x00\x00\x25\x27\x06\x23\x22\x26\x35\x34\x36\
\x32\x16\x15\x14\x0f\x01\x23\x12\x32\x36\x34\x26\x23\x22\x06\x14\
\x01\x19\x02\x0f\x16\x4d\x67\x85\xd0\x84\x3e\x83\xc9\x7e\x40\x27\
\x28\x1f\x20\x29\xbf\x02\x04\x62\x55\x5e\x71\x70\x5c\x51\x5e\xc8\
\x01\x30\x28\x40\x29\x29\x40\x00\x02\x00\x2f\xff\xf6\x01\xbb\x02\
\x43\x00\x18\x00\x22\x00\x00\x25\x23\x35\x34\x3f\x01\x36\x35\x34\
\x26\x23\x22\x07\x27\x3e\x01\x33\x32\x16\x15\x14\x06\x07\x06\x15\
\x17\x14\x06\x23\x22\x26\x34\x36\x32\x16\x01\x4a\xa3\x39\x17\x20\
\x13\x11\x22\x06\x9c\x06\x6b\x5a\x5c\x65\x22\x29\x26\x10\x37\x29\
\x28\x39\x39\x50\x38\xdc\x13\x3d\x29\x11\x17\x1a\x0d\x15\x2b\x12\
\x40\x63\x5d\x46\x2b\x3f\x1e\x1b\x18\x91\x28\x36\x36\x4e\x37\x36\
\x00\x00\x00\x00\x02\xff\xfe\x00\x00\x02\x83\x02\x33\x00\x07\x00\
\x0a\x00\x00\x23\x13\x33\x13\x23\x27\x23\x07\x37\x27\x07\x02\xed\
\xae\xea\xb5\x26\xd2\x27\xcf\x3f\x40\x02\x33\xfd\xcd\x66\x66\xde\
\xac\xac\x00\x00\x03\x00\x46\x00\x00\x02\x19\x02\x33\x00\x0c\x00\
\x14\x00\x1c\x00\x00\x13\x33\x32\x15\x14\x07\x15\x16\x15\x14\x06\
\x2b\x01\x37\x15\x33\x32\x36\x35\x34\x23\x27\x15\x33\x32\x36\x35\
\x34\x23\x46\xf2\xca\x4e\x65\x80\x64\xef\xa3\x41\x1f\x27\x44\x43\
\x3a\x1a\x22\x3e\x02\x33\x95\x56\x1e\x03\x15\x6d\x57\x4e\xeb\x72\
\x1e\x1e\x36\xcd\x64\x1c\x19\x2f\x00\x00\x00\x00\x01\x00\x27\xff\
\xf0\x02\x32\x02\x43\x00\x16\x00\x00\x01\x07\x26\x23\x22\x06\x15\
\x14\x16\x33\x32\x37\x17\x06\x23\x22\x26\x35\x34\x36\x33\x32\x16\
\x02\x32\x66\x25\x47\x3b\x4d\x4d\x3e\x48\x25\x62\x4d\x85\x88\xb1\
\xb3\x85\x3c\x74\x01\xf5\x76\x31\x58\x3e\x3f\x56\x2f\x79\x4b\xa2\
\x88\x85\xa4\x2b\x00\x00\x00\x00\x02\x00\x46\x00\x00\x02\x68\x02\
\x33\x00\x0c\x00\x13\x00\x00\x21\x23\x11\x33\x32\x1e\x02\x15\x14\
\x0e\x02\x03\x11\x33\x32\x35\x34\x23\x01\x25\xdf\xda\x43\x71\x5f\
\x35\x36\x5b\x72\x79\x2a\xa2\x9f\x02\x33\x1d\x3e\x70\x4d\x47\x70\
\x42\x22\x01\xb0\xfe\xd5\x98\x93\x00\x00\x00\x00\x01\x00\x46\x00\
\x00\x01\xe3\x02\x33\x00\x0b\x00\x00\x33\x11\x21\x15\x23\x15\x33\
\x15\x23\x15\x33\x15\x46\x01\x8f\xec\xdf\xdf\xfa\x02\x33\x7f\x5a\
\x7a\x60\x80\x00\x01\x00\x46\x00\x00\x01\xce\x02\x33\x00\x09\x00\
\x00\x13\x15\x33\x15\x23\x15\x23\x11\x21\x15\xec\xcf\xce\xa7\x01\
\x88\x01\xb4\x68\x7a\xd2\x02\x33\x7f\x00\x00\x00\x01\x00\x27\xff\
\xf0\x02\x4e\x02\x43\x00\x19\x00\x00\x05\x22\x26\x35\x34\x36\x33\
\x32\x17\x07\x26\x23\x22\x06\x15\x14\x16\x33\x32\x37\x35\x23\x35\
\x21\x11\x06\x01\x66\x8d\xb2\xb6\x89\x8d\x57\x6c\x2f\x46\x40\x51\
\x50\x43\x2c\x1b\x64\x01\x00\x69\x10\xa1\x8a\x85\xa3\x4a\x7b\x35\
\x54\x45\x47\x53\x0b\x4c\x76\xfe\xd9\x36\x00\x00\x01\x00\x46\x00\
\x00\x02\x4a\x02\x33\x00\x0b\x00\x00\x21\x35\x23\x15\x23\x11\x33\
\x15\x33\x35\x33\x11\x01\xa3\xb6\xa7\xa7\xb6\xa7\xe2\xe2\x02\x33\
\xd1\xd1\xfd\xcd\x00\x00\x00\x00\x01\x00\x46\x00\x00\x00\xed\x02\
\x33\x00\x03\x00\x00\x33\x11\x33\x11\x46\xa7\x02\x33\xfd\xcd\x00\
\x01\x00\x01\xff\xf0\x01\x9a\x02\x33\x00\x0d\x00\x00\x17\x22\x26\
\x27\x37\x16\x33\x32\x35\x11\x33\x11\x14\x06\xca\x4d\x6c\x10\x95\
\x08\x29\x2c\xa7\x60\x10\x54\x44\x31\x37\x3a\x01\x77\xfe\x8f\x5b\
\x77\x00\x00\x00\x01\x00\x46\x00\x00\x02\x75\x02\x33\x00\x0c\x00\
\x00\x21\x27\x23\x15\x23\x11\x33\x15\x33\x37\x33\x03\x13\x01\xa1\
\xb3\x02\xa6\xa6\x02\xb1\xc9\xe4\xf1\xfa\xfa\x02\x33\xe1\xe1\xfe\
\xfc\xfe\xd1\x00\x01\x00\x46\x00\x00\x01\xbd\x02\x33\x00\x05\x00\
\x00\x33\x11\x33\x11\x33\x15\x46\xa7\xd0\x02\x33\xfe\x59\x8c\x00\
\x01\x00\x46\x00\x00\x02\xe3\x02\x33\x00\x0f\x00\x00\x21\x03\x23\
\x13\x23\x11\x33\x13\x33\x13\x33\x11\x23\x13\x23\x03\x01\x56\x70\
\x03\x03\xa0\xe1\x6f\x04\x6a\xdf\xa5\x03\x03\x73\x01\x5a\xfe\xa6\
\x02\x33\xfe\xb8\x01\x48\xfd\xcd\x01\x5a\xfe\xa6\x00\x00\x00\x00\
\x01\x00\x46\x00\x00\x02\x5a\x02\x33\x00\x0b\x00\x00\x33\x11\x33\
\x13\x33\x03\x33\x11\x23\x03\x23\x13\x46\xb8\xbe\x02\x05\xa1\xb6\
\xbf\x03\x04\x02\x33\xfe\xbd\x01\x43\xfd\xcd\x01\x3f\xfe\xc1\x00\
\x02\x00\x27\xff\xf0\x02\x99\x02\x43\x00\x0b\x00\x17\x00\x00\x01\
\x14\x06\x23\x22\x26\x35\x34\x36\x33\x32\x16\x07\x34\x26\x23\x22\
\x06\x15\x14\x16\x33\x32\x36\x02\x99\xb6\x84\x83\xb5\xb6\x82\x84\
\xb6\xaf\x4b\x40\x3f\x48\x49\x40\x3f\x4a\x01\x1b\x85\xa6\xa6\x85\
\x84\xa4\xa4\x84\x3a\x57\x57\x3a\x3c\x57\x58\x00\x02\x00\x46\x00\
\x00\x02\x15\x02\x33\x00\x0a\x00\x13\x00\x00\x37\x15\x23\x11\x33\
\x32\x16\x15\x14\x06\x23\x27\x15\x33\x32\x36\x35\x34\x26\x23\xed\
\xa7\xe7\x6c\x7c\x7f\x6b\x3e\x31\x25\x2b\x26\x27\xb9\xb9\x02\x33\
\x5a\x5c\x61\x63\xfb\x7e\x23\x21\x1a\x20\x00\x00\x02\x00\x27\x00\
\x00\x02\xb7\x02\x43\x00\x0e\x00\x1a\x00\x00\x25\x15\x37\x15\x21\
\x22\x26\x35\x34\x36\x33\x32\x16\x15\x14\x25\x14\x16\x33\x32\x36\
\x35\x34\x26\x23\x22\x06\x02\x4c\x6b\xfe\xa3\x8c\xa7\xb1\x87\x8b\
\xac\xfe\x41\x4a\x3e\x40\x49\x4a\x3f\x3c\x4c\x84\x04\x05\x85\x96\
\x8a\x81\xa2\x96\x7f\x69\x59\x43\x53\x53\x43\x3d\x54\x54\x00\x00\
\x02\x00\x46\x00\x00\x02\x35\x02\x33\x00\x0d\x00\x14\x00\x00\x33\
\x11\x33\x32\x16\x15\x14\x06\x07\x17\x23\x27\x23\x15\x11\x15\x33\
\x32\x35\x34\x23\x46\xeb\x66\x7b\x36\x30\x89\xb8\x6c\x26\x37\x4a\
\x49\x02\x33\x53\x5b\x39\x53\x13\xe6\xc8\xc8\x01\xb4\x74\x3f\x35\
\x00\x00\x00\x00\x01\x00\x0d\xff\xf0\x01\xd9\x02\x43\x00\x22\x00\
\x00\x01\x07\x26\x23\x22\x06\x14\x16\x17\x16\x15\x14\x06\x23\x22\
\x26\x27\x37\x16\x33\x32\x36\x35\x34\x26\x27\x2e\x02\x35\x34\x36\
\x33\x32\x16\x01\xd9\x5f\x36\x39\x1a\x26\x28\x37\xa8\x85\x5c\x42\
\x7b\x27\x60\x35\x4d\x19\x24\x2e\x3a\x2b\x3d\x31\x85\x56\x3c\x71\
\x01\xf2\x67\x32\x17\x2c\x16\x0d\x27\x81\x62\x5d\x2d\x2a\x6c\x3e\
\x17\x19\x18\x19\x0f\x0b\x1e\x46\x32\x5c\x61\x2a\x00\x00\x00\x00\
\x01\x00\x05\x00\x00\x01\xde\x02\x33\x00\x07\x00\x00\x01\x11\x23\
\x11\x23\x35\x21\x15\x01\x45\xa7\x99\x01\xd9\x01\xa9\xfe\x57\x01\
\xa9\x8a\x8a\x00\x01\x00\x42\xff\xf0\x02\x44\x02\x33\x00\x11\x00\
\x00\x05\x22\x26\x35\x11\x33\x11\x14\x16\x33\x32\x36\x35\x11\x33\
\x11\x14\x06\x01\x41\x76\x89\xa7\x2f\x2a\x2b\x30\xa7\x8b\x10\x7f\
\x6b\x01\x59\xfe\xb2\x2e\x35\x35\x2e\x01\x4e\xfe\xa7\x6b\x7f\x00\
\x01\xff\xfc\x00\x00\x02\x51\x02\x33\x00\x07\x00\x00\x33\x03\x33\
\x13\x33\x13\x33\x03\xd2\xd6\xb5\x76\x04\x75\xb1\xda\x02\x33\xfe\
\x97\x01\x69\xfd\xcd\x00\x00\x00\x01\x00\x04\x00\x00\x03\x6a\x02\
\x33\x00\x0f\x00\x00\x01\x03\x23\x03\x23\x03\x23\x03\x33\x13\x33\
\x13\x33\x13\x33\x13\x03\x6a\xad\xa5\x62\x02\x60\xa4\xac\xb1\x55\
\x03\x59\xa6\x5b\x02\x57\x02\x33\xfd\xcd\x01\x5e\xfe\xa2\x02\x33\
\xfe\x9c\x01\x64\xfe\x9c\x01\x64\x00\x00\x00\x00\x01\x00\x00\x00\
\x00\x02\x62\x02\x33\x00\x0b\x00\x00\x21\x27\x07\x23\x13\x03\x33\
\x17\x37\x33\x03\x13\x01\x98\x6b\x69\xc4\xc6\xb4\xc5\x5a\x5a\xbd\
\xb2\xcc\xad\xad\x01\x29\x01\x0a\x98\x98\xfe\xf6\xfe\xd7\x00\x00\
\x01\xff\xf6\x00\x00\x02\x40\x02\x33\x00\x08\x00\x00\x25\x15\x23\
\x35\x03\x33\x17\x37\x33\x01\x6d\xa7\xd0\xc4\x65\x64\xbd\xde\xde\
\xde\x01\x55\xc9\xc9\x00\x00\x00\x01\x00\x35\x00\x00\x02\x04\x02\
\x33\x00\x09\x00\x00\x33\x35\x13\x23\x35\x21\x15\x03\x33\x15\x35\
\xf5\xef\x01\xc3\xf7\xfd\x7e\x01\x2d\x88\x7a\xfe\xd2\x8b\x00\x00\
\x03\xff\xfe\x00\x00\x02\x83\x02\xfe\x00\x07\x00\x0a\x00\x0e\x00\
\x00\x23\x13\x33\x13\x23\x27\x23\x07\x37\x27\x07\x13\x23\x27\x33\
\x02\xed\xae\xea\xb5\x26\xd2\x27\xcf\x3f\x40\x8b\x7c\x92\xa6\x02\
\x33\xfd\xcd\x66\x66\xde\xac\xac\x01\x90\x90\x00\x03\xff\xfe\x00\
\x00\x02\x83\x02\xfe\x00\x07\x00\x0a\x00\x0e\x00\x00\x23\x13\x33\
\x13\x23\x27\x23\x07\x37\x27\x07\x01\x07\x23\x37\x02\xed\xae\xea\
\xb5\x26\xd2\x27\xcf\x3f\x40\x01\x0b\x92\x7c\x68\x02\x33\xfd\xcd\
\x66\x66\xde\xac\xac\x02\x20\x90\x90\x00\x00\x00\x03\xff\xfe\x00\
\x00\x02\x83\x02\xfe\x00\x07\x00\x0a\x00\x11\x00\x00\x23\x13\x33\
\x13\x23\x27\x23\x07\x37\x27\x07\x01\x23\x27\x07\x23\x37\x33\x02\
\xed\xae\xea\xb5\x26\xd2\x27\xcf\x3f\x40\x01\x06\x82\x44\x44\x80\
\x7c\x94\x02\x33\xfd\xcd\x66\x66\xde\xac\xac\x01\x90\x51\x51\x90\
\x00\x00\x00\x00\x03\xff\xfe\x00\x00\x02\x83\x02\xf6\x00\x07\x00\
\x0a\x00\x1c\x00\x00\x23\x13\x33\x13\x23\x27\x23\x07\x37\x27\x07\
\x13\x0e\x01\x23\x22\x27\x26\x23\x22\x07\x23\x36\x33\x32\x16\x33\
\x32\x37\x02\xed\xae\xea\xb5\x26\xd2\x27\xcf\x3f\x40\xfb\x07\x37\
\x33\x27\x2a\x2a\x15\x1f\x0b\x48\x11\x60\x25\x56\x16\x20\x0a\x02\
\x33\xfd\xcd\x66\x66\xde\xac\xac\x02\x18\x3a\x4a\x15\x14\x28\x82\
\x28\x29\x00\x00\x04\xff\xfe\x00\x00\x02\x83\x03\x15\x00\x07\x00\
\x0a\x00\x15\x00\x20\x00\x00\x23\x13\x33\x13\x23\x27\x23\x07\x37\
\x27\x07\x00\x14\x06\x23\x22\x26\x35\x34\x36\x33\x32\x06\x14\x06\
\x23\x22\x26\x35\x34\x36\x33\x32\x02\xed\xae\xea\xb5\x26\xd2\x27\
\xcf\x3f\x40\x01\x01\x31\x22\x23\x30\x30\x23\x22\xa8\x31\x23\x22\
\x31\x31\x22\x23\x02\x33\xfd\xcd\x66\x66\xde\xac\xac\x02\x08\x44\
\x30\x30\x22\x21\x30\x2f\x44\x30\x30\x22\x21\x30\x00\x00\x00\x00\
\x03\xff\xfe\x00\x00\x02\x83\x02\xe1\x00\x07\x00\x0a\x00\x0e\x00\
\x00\x23\x13\x33\x13\x23\x27\x23\x07\x37\x27\x07\x13\x21\x35\x21\
\x02\xed\xae\xea\xb5\x26\xd2\x27\xcf\x3f\x40\xe9\xfe\xb0\x01\x50\
\x02\x33\xfd\xcd\x66\x66\xde\xac\xac\x01\xad\x56\x00\x00\x00\x00\
\x03\xff\xfe\x00\x00\x02\x83\x02\xfe\x00\x07\x00\x0a\x00\x17\x00\
\x00\x23\x13\x33\x13\x23\x27\x23\x07\x37\x27\x07\x13\x0e\x01\x23\
\x22\x26\x27\x33\x16\x33\x32\x36\x37\x02\xed\xae\xea\xb5\x26\xd2\
\x27\xcf\x3f\x40\xef\x06\x5e\x4b\x4a\x5e\x05\x54\x09\x51\x27\x2d\
\x06\x02\x33\xfd\xcd\x66\x66\xde\xac\xac\x02\x20\x4a\x46\x46\x4a\
\x37\x17\x20\x00\x04\xff\xfe\x00\x00\x02\x83\x03\x35\x00\x07\x00\
\x0a\x00\x16\x00\x1f\x00\x00\x23\x13\x33\x13\x23\x27\x23\x07\x37\
\x27\x07\x13\x14\x06\x23\x22\x26\x35\x34\x36\x33\x32\x16\x06\x34\
\x26\x22\x06\x15\x14\x16\x32\x02\xed\xae\xea\xb5\x26\xd2\x27\xcf\
\x3f\x40\xae\x3f\x2e\x2d\x40\x3f\x2e\x2d\x40\x32\x22\x32\x22\x22\
\x32\x02\x33\xfd\xcd\x66\x66\xde\xac\xac\x01\xec\x2e\x3d\x3d\x2d\
\x2e\x3e\x3e\x46\x32\x21\x22\x19\x18\x21\x00\x00\x02\xff\xfe\xff\
\x10\x02\x83\x02\x33\x00\x16\x00\x19\x00\x00\x05\x06\x23\x22\x26\
\x35\x34\x37\x27\x23\x07\x23\x13\x33\x13\x23\x06\x15\x14\x16\x33\
\x32\x37\x03\x27\x07\x02\x46\x36\x3d\x2e\x43\x6c\x26\xd2\x27\xb1\
\xed\xae\xea\x5a\x5f\x15\x10\x1b\x1c\xa8\x3f\x40\xc8\x28\x2e\x2d\
\x49\x4c\x66\x66\x02\x33\xfd\xcd\x4b\x2f\x10\x14\x14\x01\x68\xac\
\xac\x00\x00\x00\x02\xff\xfb\x00\x00\x03\x48\x02\x33\x00\x0f\x00\
\x13\x00\x00\x21\x35\x23\x07\x23\x01\x21\x15\x23\x15\x33\x15\x23\
\x15\x33\x15\x01\x07\x33\x35\x01\xab\xb1\x40\xbf\x01\x49\x01\xf6\
\xec\xdf\xdf\xfa\xfe\x5c\x6f\x76\x70\x70\x02\x33\x7f\x5a\x7a\x60\
\x80\x01\xae\xc6\xc6\x00\x00\x00\x02\x00\x27\xff\xf0\x02\x32\x02\
\xfe\x00\x16\x00\x1a\x00\x00\x01\x07\x26\x23\x22\x06\x15\x14\x16\
\x33\x32\x37\x17\x06\x23\x22\x26\x35\x34\x36\x33\x32\x16\x27\x07\
\x23\x37\x02\x32\x66\x25\x47\x3b\x4d\x4d\x3e\x48\x25\x62\x4d\x85\
\x88\xb1\xb3\x85\x3c\x74\x0c\x92\x7c\x68\x01\xf5\x76\x31\x58\x3e\
\x3f\x56\x2f\x79\x4b\xa2\x88\x85\xa4\x2b\xe6\x90\x90\x00\x00\x00\
\x02\x00\x27\xff\xf0\x02\x32\x02\xfe\x00\x16\x00\x1d\x00\x00\x01\
\x07\x26\x23\x22\x06\x15\x14\x16\x33\x32\x37\x17\x06\x23\x22\x26\
\x35\x34\x36\x33\x32\x16\x37\x23\x27\x07\x23\x37\x33\x02\x32\x66\
\x25\x47\x3b\x4d\x4d\x3e\x48\x25\x62\x4d\x85\x88\xb1\xb3\x85\x3c\
\x74\x14\x82\x44\x44\x80\x7c\x94\x01\xf5\x76\x31\x58\x3e\x3f\x56\
\x2f\x79\x4b\xa2\x88\x85\xa4\x2b\x56\x51\x51\x90\x00\x00\x00\x00\
\x02\x00\x27\xff\xf0\x02\x32\x02\xfe\x00\x16\x00\x1d\x00\x00\x01\
\x07\x26\x23\x22\x06\x15\x14\x16\x33\x32\x37\x17\x06\x23\x22\x26\
\x35\x34\x36\x33\x32\x16\x37\x07\x23\x27\x33\x17\x37\x02\x32\x66\
\x25\x47\x3b\x4d\x4d\x3e\x48\x25\x62\x4d\x85\x88\xb1\xb3\x85\x3c\
\x74\x15\x7b\x93\x7c\x82\x44\x44\x01\xf5\x76\x31\x58\x3e\x3f\x56\
\x2f\x79\x4b\xa2\x88\x85\xa4\x2b\xe6\x90\x90\x51\x51\x00\x00\x00\
\x02\x00\x27\xff\xf0\x02\x32\x03\x19\x00\x16\x00\x20\x00\x00\x01\
\x07\x26\x23\x22\x06\x15\x14\x16\x33\x32\x37\x17\x06\x23\x22\x26\
\x35\x34\x36\x33\x32\x16\x26\x14\x06\x23\x22\x26\x34\x36\x33\x32\
\x02\x32\x66\x25\x47\x3b\x4d\x4d\x3e\x48\x25\x62\x4d\x85\x88\xb1\
\xb3\x85\x3c\x74\x56\x34\x26\x25\x34\x34\x25\x26\x01\xf5\x76\x31\
\x58\x3e\x3f\x56\x2f\x79\x4b\xa2\x88\x85\xa4\x2b\xcf\x48\x31\x32\
\x46\x33\x00\x00\x01\x00\x27\xff\x10\x02\x32\x02\x43\x00\x2b\x00\
\x00\x05\x14\x06\x23\x22\x27\x37\x16\x33\x32\x35\x34\x23\x22\x07\
\x27\x37\x2e\x01\x35\x34\x36\x33\x32\x16\x17\x07\x26\x23\x22\x06\
\x15\x14\x16\x33\x32\x37\x17\x06\x0f\x01\x36\x33\x32\x01\xcf\x59\
\x3a\x43\x34\x1b\x28\x2c\x32\x2f\x16\x12\x1f\x3a\x73\x90\xb3\x85\
\x3c\x74\x23\x66\x25\x47\x3b\x4d\x4d\x3e\x48\x25\x62\x44\x75\x23\
\x07\x0b\x67\x8e\x34\x2e\x19\x3c\x13\x21\x1d\x06\x1d\x4d\x0f\x9d\
\x7a\x85\xa4\x2b\x23\x76\x31\x58\x3e\x3f\x56\x2f\x79\x42\x08\x2d\
\x01\x00\x00\x00\x03\x00\x46\x00\x00\x02\x68\x02\xfe\x00\x0c\x00\
\x13\x00\x1a\x00\x00\x21\x23\x11\x33\x32\x1e\x02\x15\x14\x0e\x02\
\x03\x11\x33\x32\x35\x34\x23\x13\x07\x23\x27\x33\x17\x37\x01\x25\
\xdf\xda\x43\x71\x5f\x35\x36\x5b\x72\x79\x2a\xa2\x9f\xdf\x7b\x93\
\x7c\x82\x44\x44\x02\x33\x1d\x3e\x70\x4d\x47\x70\x42\x22\x01\xb0\
\xfe\xd5\x98\x93\x01\x4e\x90\x90\x51\x51\x00\x00\x02\x00\x08\x00\
\x00\x02\x68\x02\x33\x00\x10\x00\x1b\x00\x00\x21\x23\x35\x23\x35\
\x33\x35\x33\x32\x1e\x02\x15\x14\x0e\x02\x03\x15\x33\x15\x23\x15\
\x33\x32\x35\x34\x23\x01\x25\xdf\x3e\x3e\xda\x43\x71\x5f\x35\x36\
\x5b\x72\x79\x63\x63\x2a\xa2\x9f\xeb\x69\xdf\x1d\x3e\x70\x4d\x47\
\x70\x42\x22\x01\xb0\x5c\x69\x67\x98\x94\x00\x00\x02\x00\x08\x00\
\x00\x02\x68\x02\x33\x00\x10\x00\x1b\x00\x00\x21\x23\x35\x23\x35\
\x33\x35\x33\x32\x1e\x02\x15\x14\x0e\x02\x03\x15\x33\x15\x23\x15\
\x33\x32\x35\x34\x23\x01\x25\xdf\x3e\x3e\xda\x43\x71\x5f\x35\x36\
\x5b\x72\x79\x63\x63\x2a\xa2\x9f\xeb\x69\xdf\x1d\x3e\x70\x4d\x47\
\x70\x42\x22\x01\xb0\x5c\x69\x67\x98\x94\x00\x00\x02\x00\x46\x00\
\x00\x01\xe3\x02\xfe\x00\x0b\x00\x0f\x00\x00\x33\x11\x21\x15\x23\
\x15\x33\x15\x23\x15\x33\x15\x03\x23\x27\x33\x46\x01\x8f\xec\xdf\
\xdf\xfa\x83\x7c\x92\xa6\x02\x33\x7f\x5a\x7a\x60\x80\x02\x6e\x90\
\x00\x00\x00\x00\x02\x00\x46\x00\x00\x01\xe3\x02\xfe\x00\x0b\x00\
\x0f\x00\x00\x33\x11\x21\x15\x23\x15\x33\x15\x23\x15\x33\x15\x03\
\x07\x23\x37\x46\x01\x8f\xec\xdf\xdf\xfa\x0f\x92\x7c\x68\x02\x33\
\x7f\x5a\x7a\x60\x80\x02\xfe\x90\x90\x00\x00\x00\x02\x00\x46\x00\
\x00\x01\xe3\x02\xfe\x00\x0b\x00\x12\x00\x00\x33\x11\x21\x15\x23\
\x15\x33\x15\x23\x15\x33\x15\x03\x23\x27\x07\x23\x37\x33\x46\x01\
\x8f\xec\xdf\xdf\xfa\x13\x82\x44\x44\x80\x7c\x94\x02\x33\x7f\x5a\
\x7a\x60\x80\x02\x6e\x51\x51\x90\x00\x00\x00\x00\x02\x00\x46\x00\
\x00\x01\xe3\x02\xfe\x00\x0b\x00\x12\x00\x00\x33\x11\x21\x15\x23\
\x15\x33\x15\x23\x15\x33\x15\x03\x07\x23\x27\x33\x17\x37\x46\x01\
\x8f\xec\xdf\xdf\xfa\x0f\x7b\x93\x7c\x82\x44\x44\x02\x33\x7f\x5a\
\x7a\x60\x80\x02\xfe\x90\x90\x51\x51\x00\x00\x00\x03\x00\x46\x00\
\x00\x01\xe3\x03\x15\x00\x0b\x00\x16\x00\x21\x00\x00\x33\x11\x21\
\x15\x23\x15\x33\x15\x23\x15\x33\x15\x02\x14\x06\x23\x22\x26\x35\
\x34\x36\x33\x32\x06\x14\x06\x23\x22\x26\x35\x34\x36\x33\x32\x46\
\x01\x8f\xec\xdf\xdf\xfa\x18\x31\x22\x23\x30\x30\x23\x22\xa8\x31\
\x23\x22\x31\x31\x22\x23\x02\x33\x7f\x5a\x7a\x60\x80\x02\xe6\x44\
\x30\x30\x22\x21\x30\x2f\x44\x30\x30\x22\x21\x30\x00\x00\x00\x00\
\x02\x00\x46\x00\x00\x01\xe3\x02\xe1\x00\x0b\x00\x0f\x00\x00\x33\
\x11\x21\x15\x23\x15\x33\x15\x23\x15\x33\x15\x03\x21\x35\x21\x46\
\x01\x8f\xec\xdf\xdf\xfa\x2e\xfe\xb0\x01\x50\x02\x33\x7f\x5a\x7a\
\x60\x80\x02\x8b\x56\x00\x00\x00\x02\x00\x46\x00\x00\x01\xe3\x02\
\xfe\x00\x0b\x00\x18\x00\x00\x33\x11\x21\x15\x23\x15\x33\x15\x23\
\x15\x33\x15\x03\x0e\x01\x23\x22\x26\x27\x33\x16\x33\x32\x36\x37\
\x46\x01\x8f\xec\xdf\xdf\xfa\x26\x06\x5e\x4b\x4a\x5e\x05\x54\x09\
\x51\x27\x2d\x06\x02\x33\x7f\x5a\x7a\x60\x80\x02\xfe\x4a\x46\x46\
\x4a\x37\x17\x20\x00\x00\x00\x00\x02\x00\x46\x00\x00\x01\xe3\x03\
\x19\x00\x0b\x00\x15\x00\x00\x33\x11\x21\x15\x23\x15\x33\x15\x23\
\x15\x33\x15\x02\x14\x06\x23\x22\x26\x34\x36\x33\x32\x46\x01\x8f\
\xec\xdf\xdf\xfa\x7a\x34\x26\x25\x34\x34\x25\x26\x02\x33\x7f\x5a\
\x7a\x60\x80\x02\xe7\x48\x31\x32\x46\x33\x00\x00\x01\x00\x46\xff\
\x10\x01\xe9\x02\x33\x00\x1b\x00\x00\x33\x11\x21\x15\x23\x15\x33\
\x15\x23\x15\x33\x15\x23\x06\x15\x14\x16\x33\x32\x37\x17\x06\x23\
\x22\x26\x35\x34\x37\x46\x01\x8f\xec\xdf\xdf\xfa\x17\x5f\x15\x10\
\x1b\x1c\x20\x36\x3d\x2e\x43\x6c\x02\x33\x7f\x5a\x7a\x60\x80\x4b\
\x2f\x10\x14\x14\x3e\x28\x2e\x2d\x49\x4c\x00\x00\x02\x00\x27\xff\
\xf0\x02\x4e\x02\xfe\x00\x19\x00\x20\x00\x00\x05\x22\x26\x35\x34\
\x36\x33\x32\x17\x07\x26\x23\x22\x06\x15\x14\x16\x33\x32\x37\x35\
\x23\x35\x21\x11\x06\x13\x23\x27\x07\x23\x37\x33\x01\x66\x8d\xb2\
\xb6\x89\x8d\x57\x6c\x2f\x46\x40\x51\x50\x43\x2c\x1b\x64\x01\x00\
\x69\x48\x82\x44\x44\x80\x7c\x94\x10\xa1\x8a\x85\xa3\x4a\x7b\x35\
\x54\x45\x47\x53\x0b\x4c\x76\xfe\xd9\x36\x02\x7e\x51\x51\x90\x00\
\x02\x00\x27\xff\xf0\x02\x4e\x02\xfe\x00\x19\x00\x26\x00\x00\x05\
\x22\x26\x35\x34\x36\x33\x32\x17\x07\x26\x23\x22\x06\x15\x14\x16\
\x33\x32\x37\x35\x23\x35\x21\x11\x06\x13\x0e\x01\x23\x22\x26\x27\
\x33\x16\x33\x32\x36\x37\x01\x66\x8d\xb2\xb6\x89\x8d\x57\x6c\x2f\
\x46\x40\x51\x50\x43\x2c\x1b\x64\x01\x00\x69\x33\x06\x5e\x4b\x4a\
\x5e\x05\x54\x09\x51\x27\x2d\x06\x10\xa1\x8a\x85\xa3\x4a\x7b\x35\
\x54\x45\x47\x53\x0b\x4c\x76\xfe\xd9\x36\x03\x0e\x4a\x46\x46\x4a\
\x37\x17\x20\x00\x02\x00\x27\xff\xf0\x02\x4e\x03\x19\x00\x19\x00\
\x23\x00\x00\x05\x22\x26\x35\x34\x36\x33\x32\x17\x07\x26\x23\x22\
\x06\x15\x14\x16\x33\x32\x37\x35\x23\x35\x21\x11\x06\x02\x14\x06\
\x23\x22\x26\x34\x36\x33\x32\x01\x66\x8d\xb2\xb6\x89\x8d\x57\x6c\
\x2f\x46\x40\x51\x50\x43\x2c\x1b\x64\x01\x00\x69\x22\x34\x26\x25\
\x34\x34\x25\x26\x10\xa1\x8a\x85\xa3\x4a\x7b\x35\x54\x45\x47\x53\
\x0b\x4c\x76\xfe\xd9\x36\x02\xf7\x48\x31\x32\x46\x33\x00\x00\x00\
\x02\x00\x27\xff\x10\x02\x4e\x02\x43\x00\x19\x00\x1d\x00\x00\x05\
\x22\x26\x35\x34\x36\x33\x32\x17\x07\x26\x23\x22\x06\x15\x14\x16\
\x33\x32\x37\x35\x23\x35\x21\x11\x06\x0f\x01\x23\x37\x01\x66\x8d\
\xb2\xb6\x89\x8d\x57\x6c\x2f\x46\x40\x51\x50\x43\x2c\x1b\x64\x01\
\x00\x69\x43\x56\x7e\x43\x10\xa1\x8a\x85\xa3\x4a\x7b\x35\x54\x45\
\x47\x53\x0b\x4c\x76\xfe\xd9\x36\x1d\xc3\xc3\x00\x01\x00\x46\x00\
\x00\x02\x75\x02\x33\x00\x0c\x00\x00\x21\x27\x23\x15\x23\x11\x33\
\x15\x33\x37\x33\x03\x13\x01\xa1\xb3\x02\xa6\xa6\x02\xb1\xc9\xe4\
\xf1\xfa\xfa\x02\x33\xe1\xe1\xfe\xfc\xfe\xd1\x00\x02\x00\x46\x00\
\x00\x02\x4a\x02\xfe\x00\x0b\x00\x12\x00\x00\x21\x35\x23\x15\x23\
\x11\x33\x15\x33\x35\x33\x11\x03\x23\x27\x07\x23\x37\x33\x01\xa3\
\xb6\xa7\xa7\xb6\xa7\x3b\x82\x44\x44\x80\x7c\x94\xe2\xe2\x02\x33\
\xd1\xd1\xfd\xcd\x02\x6e\x51\x51\x90\x00\x00\x00\x02\x00\x46\x00\
\x00\x02\x4a\x02\x33\x00\x0b\x00\x0f\x00\x00\x21\x35\x23\x15\x23\
\x11\x33\x15\x33\x35\x33\x11\x01\x33\x35\x23\x01\xa3\xb6\xa7\xa7\
\xb6\xa7\xfe\xa3\xb6\xb6\xd8\xd8\x02\x33\x4b\x4b\xfd\xcd\x01\x58\
\x42\x00\x00\x00\x02\xff\xcf\x00\x00\x00\xed\x02\xfe\x00\x03\x00\
\x07\x00\x00\x33\x11\x33\x11\x03\x23\x27\x33\x46\xa7\x10\x7c\x92\
\xa6\x02\x33\xfd\xcd\x02\x6e\x90\x00\x00\x00\x00\x02\x00\x46\x00\
\x00\x01\x62\x02\xfe\x00\x03\x00\x07\x00\x00\x33\x11\x33\x11\x13\
\x07\x23\x37\x46\xa7\x75\x92\x7c\x68\x02\x33\xfd\xcd\x02\xfe\x90\
\x90\x00\x00\x00\x02\xff\xeb\x00\x00\x01\x47\x02\xfe\x00\x03\x00\
\x10\x00\x00\x33\x11\x33\x11\x13\x0e\x01\x23\x22\x26\x27\x33\x16\
\x33\x32\x36\x37\x46\xa7\x5a\x06\x5e\x4b\x4a\x5e\x05\x54\x09\x51\
\x27\x2d\x06\x02\x33\xfd\xcd\x02\xfe\x4a\x46\x46\x4a\x37\x17\x20\
\x00\x00\x00\x00\x02\xff\xd5\x00\x00\x01\x5f\x02\xfe\x00\x03\x00\
\x0a\x00\x00\x33\x11\x33\x11\x13\x23\x27\x07\x23\x37\x33\x46\xa7\
\x72\x82\x44\x44\x80\x7c\x94\x02\x33\xfd\xcd\x02\x6e\x51\x51\x90\
\x00\x00\x00\x00\x02\xff\xe1\x00\x00\x01\x54\x02\xf6\x00\x03\x00\
\x15\x00\x00\x33\x11\x33\x11\x13\x0e\x01\x23\x22\x27\x26\x23\x22\
\x07\x23\x36\x33\x32\x16\x33\x32\x37\x46\xa7\x67\x07\x37\x33\x27\
\x2a\x2a\x15\x1f\x0b\x48\x11\x60\x25\x56\x16\x20\x0a\x02\x33\xfd\
\xcd\x02\xf6\x3a\x4a\x15\x14\x28\x82\x28\x29\x00\x03\xff\xda\x00\
\x00\x01\x5a\x03\x15\x00\x03\x00\x0e\x00\x19\x00\x00\x33\x11\x33\
\x11\x12\x14\x06\x23\x22\x26\x35\x34\x36\x33\x32\x06\x14\x06\x23\
\x22\x26\x35\x34\x36\x33\x32\x46\xa7\x6d\x31\x22\x23\x30\x30\x23\
\x22\xa8\x31\x23\x22\x31\x31\x22\x23\x02\x33\xfd\xcd\x02\xe6\x44\
\x30\x30\x22\x21\x30\x2f\x44\x30\x30\x22\x21\x30\x00\x00\x00\x00\
\x02\xff\xf2\x00\x00\x01\x42\x02\xe1\x00\x03\x00\x07\x00\x00\x33\
\x11\x33\x11\x13\x21\x35\x21\x46\xa7\x55\xfe\xb0\x01\x50\x02\x33\
\xfd\xcd\x02\x8b\x56\x00\x00\x00\x02\x00\x3d\x00\x00\x00\xf0\x03\
\x19\x00\x03\x00\x0d\x00\x00\x33\x11\x33\x11\x12\x14\x06\x23\x22\
\x26\x34\x36\x33\x32\x46\xa7\x03\x34\x26\x25\x34\x34\x25\x26\x02\
\x33\xfd\xcd\x02\xe7\x48\x31\x32\x46\x33\x00\x00\x01\x00\x26\xff\
\x10\x01\x0a\x02\x33\x00\x12\x00\x00\x33\x11\x33\x11\x06\x15\x14\
\x16\x33\x32\x37\x17\x06\x23\x22\x26\x35\x34\x37\x46\xa7\x5f\x15\
\x10\x1b\x1c\x20\x36\x3d\x2e\x43\x6c\x02\x33\xfd\xcd\x4b\x2f\x10\
\x14\x14\x3e\x28\x2e\x2d\x49\x4c\x00\x00\x00\x00\x02\x00\x01\xff\
\xf0\x02\x0b\x02\xfe\x00\x0d\x00\x14\x00\x00\x17\x22\x26\x27\x37\
\x16\x33\x32\x35\x11\x33\x11\x14\x06\x13\x23\x27\x07\x23\x37\x33\
\xca\x4d\x6c\x10\x95\x08\x29\x2c\xa7\x60\xd1\x82\x44\x44\x80\x7c\
\x94\x10\x54\x44\x31\x37\x3a\x01\x77\xfe\x8f\x5b\x77\x02\x7e\x51\
\x51\x90\x00\x00\x02\x00\x46\xff\x10\x02\x75\x02\x33\x00\x0c\x00\
\x10\x00\x00\x21\x27\x23\x15\x23\x11\x33\x15\x33\x37\x33\x03\x13\
\x0f\x01\x23\x37\x01\xa1\xb3\x02\xa6\xa6\x02\xb1\xc9\xe4\xf1\xf2\
\x56\x7e\x43\xfa\xfa\x02\x33\xe1\xe1\xfe\xfc\xfe\xd1\x2d\xc3\xc3\
\x00\x00\x00\x00\x02\x00\x46\x00\x00\x01\xbd\x02\xfe\x00\x05\x00\
\x09\x00\x00\x33\x11\x33\x11\x33\x15\x03\x07\x23\x37\x46\xa7\xd0\
\x55\x92\x7c\x68\x02\x33\xfe\x59\x8c\x02\xfe\x90\x90\x00\x00\x00\
\x02\x00\x46\x00\x00\x01\xe4\x02\x33\x00\x05\x00\x09\x00\x00\x33\
\x11\x33\x11\x33\x15\x13\x07\x23\x37\x46\xa7\xd0\x27\x56\x7e\x43\
\x02\x33\xfe\x59\x8c\x02\x33\xc3\xc3\x00\x00\x00\x02\x00\x46\xff\
\x10\x01\xbd\x02\x33\x00\x05\x00\x09\x00\x00\x33\x11\x33\x11\x33\
\x15\x0f\x01\x23\x37\x46\xa7\xd0\x74\x56\x7e\x43\x02\x33\xfe\x59\
\x8c\x2d\xc3\xc3\x00\x00\x00\x00\x01\x00\x06\x00\x00\x01\xbd\x02\
\x33\x00\x0d\x00\x00\x33\x35\x07\x35\x37\x35\x33\x15\x37\x15\x07\
\x15\x33\x15\x46\x40\x40\xa7\x6b\x6b\xd0\xab\x32\x8e\x31\xfb\x79\
\x53\x8d\x53\xa1\x8c\x00\x00\x00\x02\x00\x46\x00\x00\x01\xd6\x02\
\x33\x00\x05\x00\x0f\x00\x00\x33\x11\x33\x11\x33\x15\x12\x14\x06\
\x23\x22\x26\x34\x36\x33\x32\x46\xa7\xd0\x19\x34\x26\x25\x34\x34\
\x25\x26\x02\x33\xfe\x59\x8c\x01\x7f\x48\x31\x32\x46\x33\x00\x00\
\x02\x00\x46\x00\x00\x02\x5a\x02\xfe\x00\x0b\x00\x0f\x00\x00\x33\
\x11\x33\x13\x33\x03\x33\x11\x23\x03\x23\x13\x01\x07\x23\x37\x46\
\xb8\xbe\x02\x05\xa1\xb6\xbf\x03\x04\x01\x20\x92\x7c\x68\x02\x33\
\xfe\xbd\x01\x43\xfd\xcd\x01\x3f\xfe\xc1\x02\xfe\x90\x90\x00\x00\
\x02\x00\x46\x00\x00\x02\x5a\x02\xfe\x00\x0b\x00\x12\x00\x00\x33\
\x11\x33\x13\x33\x03\x33\x11\x23\x03\x23\x13\x01\x07\x23\x27\x33\
\x17\x37\x46\xb8\xbe\x02\x05\xa1\xb6\xbf\x03\x04\x01\x2f\x7b\x93\
\x7c\x82\x44\x44\x02\x33\xfe\xbd\x01\x43\xfd\xcd\x01\x3f\xfe\xc1\
\x02\xfe\x90\x90\x51\x51\x00\x00\x02\x00\x46\x00\x00\x02\x5a\x02\
\xf6\x00\x0b\x00\x1d\x00\x00\x33\x11\x33\x13\x33\x03\x33\x11\x23\
\x03\x23\x13\x01\x0e\x01\x23\x22\x27\x26\x23\x22\x07\x23\x36\x33\
\x32\x16\x33\x32\x37\x46\xb8\xbe\x02\x05\xa1\xb6\xbf\x03\x04\x01\
\x20\x07\x37\x33\x27\x2a\x2a\x15\x1f\x0b\x48\x11\x60\x25\x56\x16\
\x20\x0a\x02\x33\xfe\xbd\x01\x43\xfd\xcd\x01\x3f\xfe\xc1\x02\xf6\
\x3a\x4a\x15\x14\x28\x82\x28\x29\x00\x00\x00\x00\x02\x00\x46\xff\
\x10\x02\x5a\x02\x33\x00\x0b\x00\x0f\x00\x00\x33\x11\x33\x13\x33\
\x03\x33\x11\x23\x03\x23\x13\x17\x07\x23\x37\x46\xb8\xbe\x02\x05\
\xa1\xb6\xbf\x03\x04\xb3\x56\x7e\x43\x02\x33\xfe\xbd\x01\x43\xfd\
\xcd\x01\x3f\xfe\xc1\x2d\xc3\xc3\x00\x00\x00\x00\x03\x00\x27\xff\
\xf0\x02\x99\x02\xfe\x00\x0b\x00\x17\x00\x1b\x00\x00\x01\x14\x06\
\x23\x22\x26\x35\x34\x36\x33\x32\x16\x07\x34\x26\x23\x22\x06\x15\
\x14\x16\x33\x32\x36\x03\x23\x27\x33\x02\x99\xb6\x84\x83\xb5\xb6\
\x82\x84\xb6\xaf\x4b\x40\x3f\x48\x49\x40\x3f\x4a\x42\x7c\x92\xa6\
\x01\x1b\x85\xa6\xa6\x85\x84\xa4\xa4\x84\x3a\x57\x57\x3a\x3c\x57\
\x58\x01\x8e\x90\x00\x00\x00\x00\x03\x00\x27\xff\xf0\x02\x99\x02\
\xfe\x00\x0b\x00\x17\x00\x1b\x00\x00\x01\x14\x06\x23\x22\x26\x35\
\x34\x36\x33\x32\x16\x07\x34\x26\x23\x22\x06\x15\x14\x16\x33\x32\
\x36\x13\x07\x23\x37\x02\x99\xb6\x84\x83\xb5\xb6\x82\x84\xb6\xaf\
\x4b\x40\x3f\x48\x49\x40\x3f\x4a\x38\x92\x7c\x68\x01\x1b\x85\xa6\
\xa6\x85\x84\xa4\xa4\x84\x3a\x57\x57\x3a\x3c\x57\x58\x02\x1e\x90\
\x90\x00\x00\x00\x03\x00\x27\xff\xf0\x02\x99\x02\xfe\x00\x0b\x00\
\x17\x00\x1e\x00\x00\x01\x14\x06\x23\x22\x26\x35\x34\x36\x33\x32\
\x16\x07\x34\x26\x23\x22\x06\x15\x14\x16\x33\x32\x36\x13\x23\x27\
\x07\x23\x37\x33\x02\x99\xb6\x84\x83\xb5\xb6\x82\x84\xb6\xaf\x4b\
\x40\x3f\x48\x49\x40\x3f\x4a\x3a\x82\x44\x44\x80\x7c\x94\x01\x1b\
\x85\xa6\xa6\x85\x84\xa4\xa4\x84\x3a\x57\x57\x3a\x3c\x57\x58\x01\
\x8e\x51\x51\x90\x00\x00\x00\x00\x03\x00\x27\xff\xf0\x02\x99\x02\
\xf6\x00\x0b\x00\x17\x00\x29\x00\x00\x01\x14\x06\x23\x22\x26\x35\
\x34\x36\x33\x32\x16\x07\x34\x26\x23\x22\x06\x15\x14\x16\x33\x32\
\x36\x13\x0e\x01\x23\x22\x27\x26\x23\x22\x07\x23\x36\x33\x32\x16\
\x33\x32\x37\x02\x99\xb6\x84\x83\xb5\xb6\x82\x84\xb6\xaf\x4b\x40\
\x3f\x48\x49\x40\x3f\x4a\x30\x07\x37\x33\x27\x2a\x2a\x15\x1f\x0b\
\x48\x11\x60\x25\x56\x16\x20\x0a\x01\x1b\x85\xa6\xa6\x85\x84\xa4\
\xa4\x84\x3a\x57\x57\x3a\x3c\x57\x58\x02\x16\x3a\x4a\x15\x14\x28\
\x82\x28\x29\x00\x04\x00\x27\xff\xf0\x02\x99\x03\x15\x00\x0b\x00\
\x17\x00\x22\x00\x2d\x00\x00\x01\x14\x06\x23\x22\x26\x35\x34\x36\
\x33\x32\x16\x07\x34\x26\x23\x22\x06\x15\x14\x16\x33\x32\x36\x12\
\x14\x06\x23\x22\x26\x35\x34\x36\x33\x32\x06\x14\x06\x23\x22\x26\
\x35\x34\x36\x33\x32\x02\x99\xb6\x84\x83\xb5\xb6\x82\x84\xb6\xaf\
\x4b\x40\x3f\x48\x49\x40\x3f\x4a\x36\x31\x22\x23\x30\x30\x23\x22\
\xa8\x31\x23\x22\x31\x31\x22\x23\x01\x1b\x85\xa6\xa6\x85\x84\xa4\
\xa4\x84\x3a\x57\x57\x3a\x3c\x57\x58\x02\x06\x44\x30\x30\x22\x21\
\x30\x2f\x44\x30\x30\x22\x21\x30\x00\x00\x00\x00\x03\x00\x27\xff\
\xf0\x02\x99\x02\xe1\x00\x0b\x00\x17\x00\x1b\x00\x00\x01\x14\x06\
\x23\x22\x26\x35\x34\x36\x33\x32\x16\x07\x34\x26\x23\x22\x06\x15\
\x14\x16\x33\x32\x36\x13\x21\x35\x21\x02\x99\xb6\x84\x83\xb5\xb6\
\x82\x84\xb6\xaf\x4b\x40\x3f\x48\x49\x40\x3f\x4a\x1e\xfe\xb0\x01\
\x50\x01\x1b\x85\xa6\xa6\x85\x84\xa4\xa4\x84\x3a\x57\x57\x3a\x3c\
\x57\x58\x01\xab\x56\x00\x00\x00\x03\x00\x27\xff\xf0\x02\x99\x02\
\xfe\x00\x0b\x00\x17\x00\x24\x00\x00\x01\x14\x06\x23\x22\x26\x35\
\x34\x36\x33\x32\x16\x07\x34\x26\x23\x22\x06\x15\x14\x16\x33\x32\
\x36\x13\x0e\x01\x23\x22\x26\x27\x33\x16\x33\x32\x36\x37\x02\x99\
\xb6\x84\x83\xb5\xb6\x82\x84\xb6\xaf\x4b\x40\x3f\x48\x49\x40\x3f\
\x4a\x24\x06\x5e\x4b\x4a\x5e\x05\x54\x09\x51\x27\x2d\x06\x01\x1b\
\x85\xa6\xa6\x85\x84\xa4\xa4\x84\x3a\x57\x57\x3a\x3c\x57\x58\x02\
\x1e\x4a\x46\x46\x4a\x37\x17\x20\x00\x00\x00\x00\x04\x00\x27\xff\
\xf0\x02\xa3\x02\xfe\x00\x0b\x00\x17\x00\x1b\x00\x1f\x00\x00\x01\
\x14\x06\x23\x22\x26\x35\x34\x36\x33\x32\x16\x07\x34\x26\x23\x22\
\x06\x15\x14\x16\x33\x32\x36\x13\x07\x23\x37\x23\x07\x23\x37\x02\
\x99\xb6\x84\x83\xb5\xb6\x82\x84\xb6\xaf\x4b\x40\x3f\x48\x49\x40\
\x3f\x4a\xb9\x92\x7c\x68\x36\x92\x7c\x68\x01\x1b\x85\xa6\xa6\x85\
\x84\xa4\xa4\x84\x3a\x57\x57\x3a\x3c\x57\x58\x02\x1e\x90\x90\x90\
\x90\x00\x00\x00\x03\x00\x27\xff\xd5\x02\x99\x02\x59\x00\x13\x00\
\x1b\x00\x23\x00\x00\x13\x34\x36\x33\x32\x17\x37\x17\x07\x16\x15\
\x14\x06\x23\x22\x27\x07\x27\x37\x26\x37\x14\x17\x37\x26\x23\x22\
\x06\x05\x34\x27\x07\x16\x33\x32\x36\x27\xb6\x82\x68\x49\x45\x3b\
\x3f\x48\xb6\x84\x67\x4a\x4b\x3a\x45\x47\xae\x0d\xc6\x1e\x29\x3d\
\x4f\x01\x18\x0d\xc5\x1c\x2a\x3d\x4f\x01\x1b\x84\xa4\x32\x48\x3b\
\x42\x4a\x77\x85\xa6\x33\x4e\x3b\x48\x4c\x78\x2f\x1a\xcd\x13\x55\
\x42\x28\x1d\xcd\x11\x54\x00\x00\x02\x00\x2c\x00\x00\x03\x20\x02\
\x33\x00\x10\x00\x19\x00\x00\x21\x22\x26\x35\x34\x36\x33\x21\x15\
\x23\x15\x33\x15\x23\x15\x33\x15\x01\x14\x16\x3b\x01\x11\x23\x22\
\x06\x01\x68\x8b\xb1\xb0\x8c\x01\xaa\xec\xdf\xdf\xfa\xfd\xbc\x4d\
\x3f\x1b\x1b\x3e\x4e\x98\x83\x84\x94\x7f\x5a\x7a\x60\x80\x01\x1b\
\x44\x48\x01\x17\x4a\x00\x00\x00\x03\x00\x46\x00\x00\x02\x35\x02\
\xfe\x00\x0d\x00\x14\x00\x18\x00\x00\x33\x11\x33\x32\x16\x15\x14\
\x06\x07\x17\x23\x27\x23\x15\x11\x15\x33\x32\x35\x34\x23\x13\x07\
\x23\x37\x46\xeb\x66\x7b\x36\x30\x89\xb8\x6c\x26\x37\x4a\x49\xa9\
\x92\x7c\x68\x02\x33\x53\x5b\x39\x53\x13\xe6\xc8\xc8\x01\xb4\x74\
\x3f\x35\x01\x4a\x90\x90\x00\x00\x03\x00\x46\x00\x00\x02\x35\x02\
\xfe\x00\x0d\x00\x14\x00\x1b\x00\x00\x33\x11\x33\x32\x16\x15\x14\
\x06\x07\x17\x23\x27\x23\x15\x11\x15\x33\x32\x35\x34\x23\x13\x07\
\x23\x27\x33\x17\x37\x46\xeb\x66\x7b\x36\x30\x89\xb8\x6c\x26\x37\
\x4a\x49\xc4\x7b\x93\x7c\x82\x44\x44\x02\x33\x53\x5b\x39\x53\x13\
\xe6\xc8\xc8\x01\xb4\x74\x3f\x35\x01\x4a\x90\x90\x51\x51\x00\x00\
\x03\x00\x46\xff\x10\x02\x35\x02\x33\x00\x0d\x00\x14\x00\x18\x00\
\x00\x33\x11\x33\x32\x16\x15\x14\x06\x07\x17\x23\x27\x23\x15\x11\
\x15\x33\x32\x35\x34\x23\x13\x07\x23\x37\x46\xeb\x66\x7b\x36\x30\
\x89\xb8\x6c\x26\x37\x4a\x49\x51\x56\x7e\x43\x02\x33\x53\x5b\x39\
\x53\x13\xe6\xc8\xc8\x01\xb4\x74\x3f\x35\xfe\x1f\xc3\xc3\x00\x00\
\x02\x00\x0d\xff\xf0\x01\xd9\x02\xfe\x00\x22\x00\x26\x00\x00\x01\
\x07\x26\x23\x22\x06\x14\x16\x17\x16\x15\x14\x06\x23\x22\x26\x27\
\x37\x16\x33\x32\x36\x35\x34\x26\x27\x2e\x02\x35\x34\x36\x33\x32\
\x16\x37\x07\x23\x37\x01\xd9\x5f\x36\x39\x1a\x26\x28\x37\xa8\x85\
\x5c\x42\x7b\x27\x60\x35\x4d\x19\x24\x2e\x3a\x2b\x3d\x31\x85\x56\
\x3c\x71\x06\x92\x7c\x68\x01\xf2\x67\x32\x17\x2c\x16\x0d\x27\x81\
\x62\x5d\x2d\x2a\x6c\x3e\x17\x19\x18\x19\x0f\x0b\x1e\x46\x32\x5c\
\x61\x2a\xe5\x90\x90\x00\x00\x00\x02\x00\x0d\xff\xf0\x01\xd9\x02\
\xfe\x00\x22\x00\x29\x00\x00\x01\x07\x26\x23\x22\x06\x14\x16\x17\
\x16\x15\x14\x06\x23\x22\x26\x27\x37\x16\x33\x32\x36\x35\x34\x26\
\x27\x2e\x02\x35\x34\x36\x33\x32\x16\x37\x23\x27\x07\x23\x37\x33\
\x01\xd9\x5f\x36\x39\x1a\x26\x28\x37\xa8\x85\x5c\x42\x7b\x27\x60\
\x35\x4d\x19\x24\x2e\x3a\x2b\x3d\x31\x85\x56\x3c\x71\x16\x82\x44\
\x44\x80\x7c\x94\x01\xf2\x67\x32\x17\x2c\x16\x0d\x27\x81\x62\x5d\
\x2d\x2a\x6c\x3e\x17\x19\x18\x19\x0f\x0b\x1e\x46\x32\x5c\x61\x2a\
\x55\x51\x51\x90\x00\x00\x00\x00\x02\x00\x0d\xff\xf0\x01\xd9\x02\
\xfe\x00\x22\x00\x29\x00\x00\x01\x07\x26\x23\x22\x06\x14\x16\x17\
\x16\x15\x14\x06\x23\x22\x26\x27\x37\x16\x33\x32\x36\x35\x34\x26\
\x27\x2e\x02\x35\x34\x36\x33\x32\x16\x37\x07\x23\x27\x33\x17\x37\
\x01\xd9\x5f\x36\x39\x1a\x26\x28\x37\xa8\x85\x5c\x42\x7b\x27\x60\
\x35\x4d\x19\x24\x2e\x3a\x2b\x3d\x31\x85\x56\x3c\x71\x17\x7b\x93\
\x7c\x82\x44\x44\x01\xf2\x67\x32\x17\x2c\x16\x0d\x27\x81\x62\x5d\
\x2d\x2a\x6c\x3e\x17\x19\x18\x19\x0f\x0b\x1e\x46\x32\x5c\x61\x2a\
\xe5\x90\x90\x51\x51\x00\x00\x00\x01\x00\x0d\xff\x10\x01\xd9\x02\
\x43\x00\x36\x00\x00\x05\x14\x06\x23\x22\x27\x37\x16\x33\x32\x35\
\x34\x23\x22\x07\x27\x37\x26\x27\x37\x16\x33\x32\x36\x35\x34\x26\
\x27\x2e\x02\x35\x34\x36\x33\x32\x16\x17\x07\x26\x23\x22\x06\x14\
\x16\x17\x16\x15\x14\x06\x0f\x01\x36\x33\x32\x01\x6f\x59\x3a\x43\
\x34\x1b\x28\x2c\x32\x2f\x16\x12\x1f\x38\x78\x43\x60\x35\x4d\x19\
\x24\x2e\x3a\x2b\x3d\x31\x85\x56\x3c\x71\x26\x5f\x36\x39\x1a\x26\
\x28\x37\xa8\x69\x4f\x24\x07\x0b\x67\x8e\x34\x2e\x19\x3c\x13\x21\
\x1d\x06\x1d\x4b\x0d\x48\x6c\x3e\x17\x19\x18\x19\x0f\x0b\x1e\x46\
\x32\x5c\x61\x2a\x27\x67\x32\x17\x2c\x16\x0d\x27\x81\x56\x5d\x09\
\x2f\x01\x00\x00\x02\x00\x0d\xff\x10\x01\xd9\x02\x43\x00\x22\x00\
\x26\x00\x00\x01\x07\x26\x23\x22\x06\x14\x16\x17\x16\x15\x14\x06\
\x23\x22\x26\x27\x37\x16\x33\x32\x36\x35\x34\x26\x27\x2e\x02\x35\
\x34\x36\x33\x32\x16\x03\x07\x23\x37\x01\xd9\x5f\x36\x39\x1a\x26\
\x28\x37\xa8\x85\x5c\x42\x7b\x27\x60\x35\x4d\x19\x24\x2e\x3a\x2b\
\x3d\x31\x85\x56\x3c\x71\x62\x56\x7e\x43\x01\xf2\x67\x32\x17\x2c\
\x16\x0d\x27\x81\x62\x5d\x2d\x2a\x6c\x3e\x17\x19\x18\x19\x0f\x0b\
\x1e\x46\x32\x5c\x61\x2a\xfd\xba\xc3\xc3\x00\x00\x02\x00\x05\x00\
\x00\x01\xde\x02\xfe\x00\x07\x00\x0e\x00\x00\x01\x11\x23\x11\x23\
\x35\x21\x15\x03\x07\x23\x27\x33\x17\x37\x01\x45\xa7\x99\x01\xd9\
\x27\x7b\x93\x7c\x82\x44\x44\x01\xa9\xfe\x57\x01\xa9\x8a\x8a\x01\
\x55\x90\x90\x51\x51\x00\x00\x00\x02\x00\x05\xff\x10\x01\xde\x02\
\x33\x00\x07\x00\x0b\x00\x00\x01\x11\x23\x11\x23\x35\x21\x15\x03\
\x07\x23\x37\x01\x45\xa7\x99\x01\xd9\xa3\x56\x7e\x43\x01\xa9\xfe\
\x57\x01\xa9\x8a\x8a\xfe\x2a\xc3\xc3\x00\x00\x00\x01\x00\x05\x00\
\x00\x01\xde\x02\x33\x00\x0f\x00\x00\x13\x35\x33\x35\x23\x35\x21\
\x15\x23\x15\x33\x15\x23\x11\x23\x11\x37\x67\x99\x01\xd9\x99\x67\
\x67\xa7\x01\x08\x56\x4b\x8a\x8a\x4b\x56\xfe\xf8\x01\x08\x00\x00\
\x02\x00\x46\x00\x00\x02\x16\x02\x33\x00\x0c\x00\x13\x00\x00\x33\
\x11\x33\x15\x33\x32\x16\x15\x14\x06\x2b\x01\x15\x35\x33\x32\x35\
\x34\x2b\x01\x46\xa7\x4b\x71\x6d\x79\x69\x47\x33\x4e\x4c\x35\x02\
\x33\x48\x60\x57\x59\x63\x78\xf8\x3b\x39\x00\x00\x02\x00\x42\xff\
\xf0\x02\x44\x02\xfe\x00\x11\x00\x15\x00\x00\x05\x22\x26\x35\x11\
\x33\x11\x14\x16\x33\x32\x36\x35\x11\x33\x11\x14\x06\x03\x23\x27\
\x33\x01\x41\x76\x89\xa7\x2f\x2a\x2b\x30\xa7\x8b\x2b\x7c\x92\xa6\
\x10\x7f\x6b\x01\x59\xfe\xb2\x2e\x35\x35\x2e\x01\x4e\xfe\xa7\x6b\
\x7f\x02\x7e\x90\x00\x00\x00\x00\x02\x00\x42\xff\xf0\x02\x44\x02\
\xfe\x00\x11\x00\x15\x00\x00\x05\x22\x26\x35\x11\x33\x11\x14\x16\
\x33\x32\x36\x35\x11\x33\x11\x14\x06\x13\x07\x23\x37\x01\x41\x76\
\x89\xa7\x2f\x2a\x2b\x30\xa7\x8b\x49\x92\x7c\x68\x10\x7f\x6b\x01\
\x59\xfe\xb2\x2e\x35\x35\x2e\x01\x4e\xfe\xa7\x6b\x7f\x03\x0e\x90\
\x90\x00\x00\x00\x02\x00\x42\xff\xf0\x02\x44\x02\xfe\x00\x11\x00\
\x18\x00\x00\x05\x22\x26\x35\x11\x33\x11\x14\x16\x33\x32\x36\x35\
\x11\x33\x11\x14\x06\x13\x23\x27\x07\x23\x37\x33\x01\x41\x76\x89\
\xa7\x2f\x2a\x2b\x30\xa7\x8b\x4f\x82\x44\x44\x80\x7c\x94\x10\x7f\
\x6b\x01\x59\xfe\xb2\x2e\x35\x35\x2e\x01\x4e\xfe\xa7\x6b\x7f\x02\
\x7e\x51\x51\x90\x00\x00\x00\x00\x02\x00\x42\xff\xf0\x02\x44\x02\
\xf6\x00\x11\x00\x23\x00\x00\x05\x22\x26\x35\x11\x33\x11\x14\x16\
\x33\x32\x36\x35\x11\x33\x11\x14\x06\x13\x0e\x01\x23\x22\x27\x26\
\x23\x22\x07\x23\x36\x33\x32\x16\x33\x32\x37\x01\x41\x76\x89\xa7\
\x2f\x2a\x2b\x30\xa7\x8b\x44\x07\x37\x33\x27\x2a\x2a\x15\x1f\x0b\
\x48\x11\x60\x25\x56\x16\x20\x0a\x10\x7f\x6b\x01\x59\xfe\xb2\x2e\
\x35\x35\x2e\x01\x4e\xfe\xa7\x6b\x7f\x03\x06\x3a\x4a\x15\x14\x28\
\x82\x28\x29\x00\x03\x00\x42\xff\xf0\x02\x44\x03\x15\x00\x11\x00\
\x1c\x00\x27\x00\x00\x05\x22\x26\x35\x11\x33\x11\x14\x16\x33\x32\
\x36\x35\x11\x33\x11\x14\x06\x12\x14\x06\x23\x22\x26\x35\x34\x36\
\x33\x32\x06\x14\x06\x23\x22\x26\x35\x34\x36\x33\x32\x01\x41\x76\
\x89\xa7\x2f\x2a\x2b\x30\xa7\x8b\x49\x31\x22\x23\x30\x30\x23\x22\
\xa8\x31\x23\x22\x31\x31\x22\x23\x10\x7f\x6b\x01\x59\xfe\xb2\x2e\
\x35\x35\x2e\x01\x4e\xfe\xa7\x6b\x7f\x02\xf6\x44\x30\x30\x22\x21\
\x30\x2f\x44\x30\x30\x22\x21\x30\x00\x00\x00\x00\x02\x00\x42\xff\
\xf0\x02\x44\x02\xe1\x00\x11\x00\x15\x00\x00\x05\x22\x26\x35\x11\
\x33\x11\x14\x16\x33\x32\x36\x35\x11\x33\x11\x14\x06\x13\x21\x35\
\x21\x01\x41\x76\x89\xa7\x2f\x2a\x2b\x30\xa7\x8b\x32\xfe\xb0\x01\
\x50\x10\x7f\x6b\x01\x59\xfe\xb2\x2e\x35\x35\x2e\x01\x4e\xfe\xa7\
\x6b\x7f\x02\x9b\x56\x00\x00\x00\x02\x00\x42\xff\xf0\x02\x44\x02\
\xfe\x00\x11\x00\x1e\x00\x00\x05\x22\x26\x35\x11\x33\x11\x14\x16\
\x33\x32\x36\x35\x11\x33\x11\x14\x06\x13\x0e\x01\x23\x22\x26\x27\
\x33\x16\x33\x32\x36\x37\x01\x41\x76\x89\xa7\x2f\x2a\x2b\x30\xa7\
\x8b\x37\x06\x5e\x4b\x4a\x5e\x05\x54\x09\x51\x27\x2d\x06\x10\x7f\
\x6b\x01\x59\xfe\xb2\x2e\x35\x35\x2e\x01\x4e\xfe\xa7\x6b\x7f\x03\
\x0e\x4a\x46\x46\x4a\x37\x17\x20\x00\x00\x00\x00\x03\x00\x42\xff\
\xf0\x02\x44\x03\x35\x00\x11\x00\x1d\x00\x26\x00\x00\x05\x22\x26\
\x35\x11\x33\x11\x14\x16\x33\x32\x36\x35\x11\x33\x11\x14\x06\x03\
\x14\x06\x23\x22\x26\x35\x34\x36\x33\x32\x16\x06\x34\x26\x22\x06\
\x15\x14\x16\x32\x01\x41\x76\x89\xa7\x2f\x2a\x2b\x30\xa7\x8b\x08\
\x3f\x2e\x2d\x40\x3f\x2e\x2d\x40\x32\x22\x32\x22\x22\x32\x10\x7f\
\x6b\x01\x59\xfe\xb2\x2e\x35\x35\x2e\x01\x4e\xfe\xa7\x6b\x7f\x02\
\xda\x2e\x3d\x3d\x2d\x2e\x3e\x3e\x46\x32\x21\x22\x19\x18\x21\x00\
\x03\x00\x42\xff\xf0\x02\x80\x02\xfe\x00\x11\x00\x15\x00\x19\x00\
\x00\x05\x22\x26\x35\x11\x33\x11\x14\x16\x33\x32\x36\x35\x11\x33\
\x11\x14\x06\x13\x07\x23\x37\x23\x07\x23\x37\x01\x41\x76\x89\xa7\
\x2f\x2a\x2b\x30\xa7\x8b\xc7\x92\x7c\x68\x36\x92\x7c\x68\x10\x7f\
\x6b\x01\x59\xfe\xb2\x2e\x35\x35\x2e\x01\x4e\xfe\xa7\x6b\x7f\x03\
\x0e\x90\x90\x90\x90\x00\x00\x00\x01\x00\x42\xff\x10\x02\x44\x02\
\x33\x00\x20\x00\x00\x05\x06\x23\x22\x26\x35\x34\x37\x2e\x01\x35\
\x11\x33\x11\x14\x16\x33\x32\x36\x35\x11\x33\x11\x14\x06\x07\x06\
\x15\x14\x16\x33\x32\x37\x01\xb9\x36\x3d\x2e\x43\x57\x6e\x7c\xa7\
\x2f\x2a\x2b\x30\xa7\x5d\x53\x57\x15\x10\x1b\x1c\xc8\x28\x2e\x2d\
\x41\x45\x06\x7d\x66\x01\x59\xfe\xb2\x2e\x35\x35\x2e\x01\x4e\xfe\
\xa7\x56\x77\x13\x45\x2f\x10\x14\x14\x00\x00\x00\x02\x00\x04\x00\
\x00\x03\x6a\x02\xfe\x00\x0f\x00\x13\x00\x00\x01\x03\x23\x03\x23\
\x03\x23\x03\x33\x13\x33\x13\x33\x13\x33\x13\x27\x07\x23\x37\x03\
\x6a\xad\xa5\x62\x02\x60\xa4\xac\xb1\x55\x03\x59\xa6\x5b\x02\x57\
\x40\x92\x7c\x68\x02\x33\xfd\xcd\x01\x5e\xfe\xa2\x02\x33\xfe\x9c\
\x01\x64\xfe\x9c\x01\x64\xcb\x90\x90\x00\x00\x00\x02\x00\x04\x00\
\x00\x03\x6a\x02\xfe\x00\x0f\x00\x16\x00\x00\x01\x03\x23\x03\x23\
\x03\x23\x03\x33\x13\x33\x13\x33\x13\x33\x13\x27\x23\x27\x07\x23\
\x37\x33\x03\x6a\xad\xa5\x62\x02\x60\xa4\xac\xb1\x55\x03\x59\xa6\
\x5b\x02\x57\x44\x82\x44\x44\x80\x7c\x94\x02\x33\xfd\xcd\x01\x5e\
\xfe\xa2\x02\x33\xfe\x9c\x01\x64\xfe\x9c\x01\x64\x3b\x51\x51\x90\
\x00\x00\x00\x00\x03\x00\x04\x00\x00\x03\x6a\x03\x15\x00\x0f\x00\
\x1a\x00\x25\x00\x00\x01\x03\x23\x03\x23\x03\x23\x03\x33\x13\x33\
\x13\x33\x13\x33\x13\x26\x14\x06\x23\x22\x26\x35\x34\x36\x33\x32\
\x06\x14\x06\x23\x22\x26\x35\x34\x36\x33\x32\x03\x6a\xad\xa5\x62\
\x02\x60\xa4\xac\xb1\x55\x03\x59\xa6\x5b\x02\x57\x4b\x31\x22\x23\
\x30\x30\x23\x22\xa8\x31\x23\x22\x31\x31\x22\x23\x02\x33\xfd\xcd\
\x01\x5e\xfe\xa2\x02\x33\xfe\x9c\x01\x64\xfe\x9c\x01\x64\xb3\x44\
\x30\x30\x22\x21\x30\x2f\x44\x30\x30\x22\x21\x30\x00\x00\x00\x00\
\x02\x00\x04\x00\x00\x03\x6a\x02\xfe\x00\x0f\x00\x13\x00\x00\x01\
\x03\x23\x03\x23\x03\x23\x03\x33\x13\x33\x13\x33\x13\x33\x13\x27\
\x23\x27\x33\x03\x6a\xad\xa5\x62\x02\x60\xa4\xac\xb1\x55\x03\x59\
\xa6\x5b\x02\x57\xbf\x7c\x92\xa6\x02\x33\xfd\xcd\x01\x5e\xfe\xa2\
\x02\x33\xfe\x9c\x01\x64\xfe\x9c\x01\x64\x3b\x90\x00\x00\x00\x00\
\x02\xff\xf6\x00\x00\x02\x40\x02\xfe\x00\x08\x00\x0c\x00\x00\x25\
\x15\x23\x35\x03\x33\x17\x37\x33\x27\x07\x23\x37\x01\x6d\xa7\xd0\
\xc4\x65\x64\xbd\x63\x92\x7c\x68\xde\xde\xde\x01\x55\xc9\xc9\xcb\
\x90\x90\x00\x00\x02\xff\xf6\x00\x00\x02\x40\x02\xfe\x00\x08\x00\
\x0f\x00\x00\x25\x15\x23\x35\x03\x33\x17\x37\x33\x27\x23\x27\x07\
\x23\x37\x33\x01\x6d\xa7\xd0\xc4\x65\x64\xbd\x5c\x82\x44\x44\x80\
\x7c\x94\xde\xde\xde\x01\x55\xc9\xc9\x3b\x51\x51\x90\x00\x00\x00\
\x03\xff\xf6\x00\x00\x02\x40\x03\x15\x00\x08\x00\x13\x00\x1e\x00\
\x00\x25\x15\x23\x35\x03\x33\x17\x37\x33\x26\x14\x06\x23\x22\x26\
\x35\x34\x36\x33\x32\x06\x14\x06\x23\x22\x26\x35\x34\x36\x33\x32\
\x01\x6d\xa7\xd0\xc4\x65\x64\xbd\x62\x31\x22\x23\x30\x30\x23\x22\
\xa8\x31\x23\x22\x31\x31\x22\x23\xde\xde\xde\x01\x55\xc9\xc9\xb3\
\x44\x30\x30\x22\x21\x30\x2f\x44\x30\x30\x22\x21\x30\x00\x00\x00\
\x02\xff\xf6\x00\x00\x02\x40\x02\xfe\x00\x08\x00\x0c\x00\x00\x25\
\x15\x23\x35\x03\x33\x17\x37\x33\x27\x23\x27\x33\x01\x6d\xa7\xd0\
\xc4\x65\x64\xbd\xd6\x7c\x92\xa6\xde\xde\xde\x01\x55\xc9\xc9\x3b\
\x90\x00\x00\x00\x02\x00\x35\x00\x00\x02\x04\x02\xfe\x00\x09\x00\
\x0d\x00\x00\x33\x35\x13\x23\x35\x21\x15\x03\x33\x15\x03\x07\x23\
\x37\x35\xf5\xef\x01\xc3\xf7\xfd\x35\x92\x7c\x68\x7e\x01\x2d\x88\
\x7a\xfe\xd2\x8b\x02\xfe\x90\x90\x00\x00\x00\x00\x02\x00\x35\x00\
\x00\x02\x04\x02\xfe\x00\x09\x00\x10\x00\x00\x33\x35\x13\x23\x35\
\x21\x15\x03\x33\x15\x03\x07\x23\x27\x33\x17\x37\x35\xf5\xef\x01\
\xc3\xf7\xfd\x21\x7b\x93\x7c\x82\x44\x44\x7e\x01\x2d\x88\x7a\xfe\
\xd2\x8b\x02\xfe\x90\x90\x51\x51\x00\x00\x00\x00\x02\x00\x35\x00\
\x00\x02\x04\x03\x19\x00\x09\x00\x13\x00\x00\x33\x35\x13\x23\x35\
\x21\x15\x03\x33\x15\x02\x14\x06\x23\x22\x26\x34\x36\x33\x32\x35\
\xf5\xef\x01\xc3\xf7\xfd\x8c\x34\x26\x25\x34\x34\x25\x26\x7e\x01\
\x2d\x88\x7a\xfe\xd2\x8b\x02\xe7\x48\x31\x32\x46\x33\x00\x00\x00\
\x02\x00\x46\xff\xf0\x02\xf1\x02\x33\x00\x03\x00\x11\x00\x00\x33\
\x11\x33\x11\x05\x22\x26\x27\x37\x16\x33\x32\x35\x11\x33\x11\x14\
\x06\x46\xa7\x01\x34\x4d\x6c\x10\x95\x08\x29\x2c\xa7\x60\x02\x33\
\xfd\xcd\x10\x54\x44\x31\x37\x3a\x01\x77\xfe\x8f\x5b\x77\x00\x00\
\x02\x00\x0d\xff\xf0\x03\xd3\x02\x43\x00\x22\x00\x45\x00\x00\x01\
\x07\x26\x23\x22\x06\x14\x16\x17\x16\x15\x14\x06\x23\x22\x26\x27\
\x37\x16\x33\x32\x36\x35\x34\x26\x27\x2e\x02\x35\x34\x36\x33\x32\
\x16\x05\x07\x26\x23\x22\x06\x14\x16\x17\x16\x15\x14\x06\x23\x22\
\x26\x27\x37\x16\x33\x32\x36\x35\x34\x26\x27\x2e\x02\x35\x34\x36\
\x33\x32\x16\x01\xd9\x5f\x36\x39\x1a\x26\x28\x37\xa8\x85\x5c\x42\
\x7b\x27\x60\x35\x4d\x19\x24\x2e\x3a\x2b\x3d\x31\x85\x56\x3c\x71\
\x02\x20\x5f\x36\x39\x1a\x26\x28\x37\xa8\x85\x5c\x42\x7b\x27\x60\
\x35\x4d\x19\x24\x2e\x3a\x2b\x3d\x31\x85\x56\x3c\x71\x01\xf2\x67\
\x32\x17\x2c\x16\x0d\x27\x81\x62\x5d\x2d\x2a\x6c\x3e\x17\x19\x18\
\x19\x0f\x0b\x1e\x46\x32\x5c\x61\x2a\x27\x67\x32\x17\x2c\x16\x0d\
\x27\x81\x62\x5d\x2d\x2a\x6c\x3e\x17\x19\x18\x19\x0f\x0b\x1e\x46\
\x32\x5c\x61\x2a\x00\x00\x00\x00\x01\x00\x46\xff\x10\x02\x5a\x02\
\x33\x00\x18\x00\x00\x05\x14\x0e\x02\x23\x22\x27\x37\x16\x33\x32\
\x36\x3d\x01\x03\x23\x13\x23\x11\x33\x13\x33\x03\x33\x02\x5a\x12\
\x2a\x51\x3a\x2a\x1d\x0b\x0f\x14\x22\x1a\xd1\x03\x04\xa0\xb8\xbe\
\x02\x05\xa1\x0d\x32\x4c\x42\x23\x08\x89\x05\x2d\x2a\x05\x01\x47\
\xfe\xc1\x02\x33\xfe\xcc\x01\x34\x00\x00\x00\x00\x01\xff\xd9\x02\
\x6e\x00\xe7\x02\xfe\x00\x03\x00\x00\x13\x23\x27\x33\xe7\x7c\x92\
\xa6\x02\x6e\x90\x00\x00\x00\x00\x01\x00\x45\x02\x6e\x01\x53\x02\
\xfe\x00\x03\x00\x00\x01\x07\x23\x37\x01\x53\x92\x7c\x68\x02\xfe\
\x90\x90\x00\x00\x01\xff\xd1\x02\x6e\x01\x5b\x02\xfe\x00\x06\x00\
\x00\x01\x23\x27\x07\x23\x37\x33\x01\x5b\x82\x44\x44\x80\x7c\x94\
\x02\x6e\x51\x51\x90\x00\x00\x00\x01\xff\xd1\x02\x6e\x01\x5b\x02\
\xfe\x00\x06\x00\x00\x01\x07\x23\x27\x33\x17\x37\x01\x5b\x7b\x93\
\x7c\x82\x44\x44\x02\xfe\x90\x90\x51\x51\x00\x00\x01\xff\xdc\x02\
\x72\x01\x4f\x02\xf6\x00\x11\x00\x00\x01\x0e\x01\x23\x22\x27\x26\
\x23\x22\x07\x23\x36\x33\x32\x16\x33\x32\x37\x01\x4f\x07\x37\x33\
\x27\x2a\x2a\x15\x1f\x0b\x48\x11\x60\x25\x56\x16\x20\x0a\x02\xf6\
\x3a\x4a\x15\x14\x28\x82\x28\x29\x00\x00\x00\x00\x02\xff\xd6\x02\
\x72\x01\x56\x03\x15\x00\x0a\x00\x15\x00\x00\x00\x14\x06\x23\x22\
\x26\x35\x34\x36\x33\x32\x06\x14\x06\x23\x22\x26\x35\x34\x36\x33\
\x32\x01\x56\x31\x22\x23\x30\x30\x23\x22\xa8\x31\x23\x22\x31\x31\
\x22\x23\x02\xe6\x44\x30\x30\x22\x21\x30\x2f\x44\x30\x30\x22\x21\
\x30\x00\x00\x00\x01\xff\xee\x02\x8b\x01\x3e\x02\xe1\x00\x03\x00\
\x00\x01\x21\x35\x21\x01\x3e\xfe\xb0\x01\x50\x02\x8b\x56\x00\x00\
\x01\xff\xe8\x02\x6e\x01\x44\x02\xfe\x00\x0c\x00\x00\x01\x0e\x01\
\x23\x22\x26\x27\x33\x16\x33\x32\x36\x37\x01\x44\x06\x5e\x4b\x4a\
\x5e\x05\x54\x09\x51\x27\x2d\x06\x02\xfe\x4a\x46\x46\x4a\x37\x17\
\x20\x00\x00\x00\x02\x00\x29\x02\x5f\x01\x03\x03\x35\x00\x0b\x00\
\x14\x00\x00\x01\x14\x06\x23\x22\x26\x35\x34\x36\x33\x32\x16\x06\
\x34\x26\x22\x06\x15\x14\x16\x32\x01\x03\x3f\x2e\x2d\x40\x3f\x2e\
\x2d\x40\x32\x22\x32\x22\x22\x32\x02\xca\x2e\x3d\x3d\x2d\x2e\x3e\
\x3e\x46\x32\x21\x22\x19\x18\x21\x00\x00\x00\x00\x02\xff\xde\x02\
\x6e\x01\xc8\x02\xfe\x00\x03\x00\x07\x00\x00\x01\x07\x23\x37\x23\
\x07\x23\x37\x01\xc8\x92\x7c\x68\x36\x92\x7c\x68\x02\xfe\x90\x90\
\x90\x90\x00\x00\x01\x00\x3d\x02\x6e\x00\xf0\x03\x19\x00\x09\x00\
\x00\x12\x14\x06\x23\x22\x26\x34\x36\x33\x32\xf0\x34\x26\x25\x34\
\x34\x25\x26\x02\xe7\x48\x31\x32\x46\x33\x00\x00\x02\x00\x49\x00\
\x00\x01\x0a\x02\x3d\x00\x03\x00\x0e\x00\x00\x33\x23\x11\x33\x37\
\x14\x06\x23\x22\x26\x34\x36\x33\x32\x16\xfc\xa6\xa6\x0e\x38\x29\
\x28\x38\x38\x28\x29\x38\x01\x57\x89\x27\x36\x37\x4e\x35\x35\x00\
\x02\x00\x39\xff\xf0\x01\xc5\x02\x3d\x00\x18\x00\x22\x00\x00\x13\
\x33\x15\x14\x0f\x01\x06\x15\x14\x16\x33\x32\x37\x17\x0e\x01\x23\
\x22\x26\x35\x34\x36\x37\x36\x35\x27\x34\x36\x33\x32\x16\x14\x06\
\x22\x26\xaa\xa3\x39\x17\x20\x13\x11\x22\x06\x9c\x06\x6b\x5a\x5c\
\x65\x22\x29\x26\x10\x37\x29\x28\x39\x39\x50\x38\x01\x57\x13\x3d\
\x29\x11\x17\x1a\x0d\x15\x2b\x12\x40\x63\x5d\x46\x2b\x3f\x1e\x1b\
\x18\x91\x28\x36\x36\x4e\x37\x36\x00\x00\x00\x00\x01\x00\x2a\xff\
\xf0\x02\x19\x02\x43\x00\x28\x00\x00\x25\x17\x06\x23\x22\x26\x27\
\x23\x37\x33\x35\x34\x36\x35\x23\x37\x33\x3e\x01\x33\x32\x17\x07\
\x26\x23\x22\x07\x33\x07\x23\x06\x15\x14\x17\x33\x07\x23\x1e\x01\
\x33\x32\x01\xe7\x26\x41\x55\x64\x84\x15\x50\x1d\x28\x01\x46\x20\
\x32\x1b\x92\x68\x4e\x3a\x32\x2a\x36\x4d\x1d\xbd\x1d\xb4\x02\x01\
\xaa\x1e\x7a\x0b\x3a\x21\x34\x8b\x7c\x1f\x5e\x5b\x5a\x17\x04\x0d\
\x02\x5a\x5b\x61\x17\x7f\x14\x3a\x5a\x0a\x0a\x0b\x0b\x5a\x1b\x1b\
\x00\x00\x00\x00\x02\x00\x57\xff\xb1\x02\x2c\x02\x40\x00\x16\x00\
\x1d\x00\x00\x25\x06\x07\x15\x23\x35\x2e\x01\x35\x34\x36\x37\x35\
\x33\x15\x16\x17\x07\x26\x27\x11\x36\x37\x07\x11\x0e\x01\x15\x14\
\x16\x02\x2c\x38\x68\x4c\x69\x80\x7f\x6a\x4c\x6a\x35\x53\x1f\x2d\
\x2e\x21\x9b\x2c\x30\x31\x33\x38\x09\x41\x41\x0c\x91\x6b\x6a\x8d\
\x0f\x40\x40\x07\x38\x68\x21\x06\xfe\xf2\x04\x23\x25\x01\x0a\x0a\
\x49\x32\x30\x49\x00\x00\x00\x00\x01\x00\x47\x00\x00\x01\xfa\x02\
\x43\x00\x19\x00\x00\x33\x35\x33\x35\x23\x35\x33\x35\x34\x36\x33\
\x32\x17\x07\x26\x23\x22\x06\x1d\x01\x33\x15\x23\x15\x33\x15\x47\
\x45\x45\x45\x6b\x5f\x6b\x39\x5f\x14\x28\x17\x1d\x78\x78\xcb\x80\
\x6a\x71\x26\x52\x70\x3e\x6d\x1e\x1f\x16\x26\x71\x6a\x80\x00\x00\
\x01\x00\x17\xff\xaa\x02\x2a\x02\x43\x00\x1c\x00\x00\x01\x15\x23\
\x07\x0e\x01\x23\x22\x27\x37\x16\x33\x32\x3f\x01\x23\x35\x33\x37\
\x3e\x01\x32\x17\x07\x26\x23\x22\x0f\x01\x01\xdd\x6f\x1d\x13\x5d\
\x55\x41\x34\x30\x1d\x1c\x2e\x0f\x17\x48\x5c\x10\x0f\x5f\x90\x34\
\x3b\x19\x1d\x25\x08\x0b\x01\x5d\x6f\x8d\x5b\x5c\x1d\x78\x13\x4c\
\x76\x6f\x4e\x4b\x4d\x20\x78\x12\x2b\x35\x00\x00\x01\x00\x10\x00\
\x00\x02\x30\x02\x33\x00\x16\x00\x00\x33\x35\x23\x35\x33\x35\x23\
\x35\x33\x27\x33\x17\x37\x33\x07\x33\x15\x23\x15\x33\x15\x23\x15\
\xcb\x89\x89\x89\x60\x92\xb6\x5d\x5b\xb2\x8f\x50\x8b\x8b\x8b\x56\
\x64\x2c\x64\xe9\xb8\xb8\xe9\x64\x2c\x64\x56\x00\x07\x00\x18\xff\
\xdf\x04\x70\x02\x54\x00\x08\x00\x10\x00\x19\x00\x21\x00\x2a\x00\
\x32\x00\x36\x00\x00\x00\x14\x06\x23\x22\x26\x34\x36\x32\x06\x34\
\x26\x22\x06\x14\x16\x32\x04\x14\x06\x23\x22\x26\x34\x36\x32\x06\
\x34\x26\x22\x06\x14\x16\x32\x24\x14\x06\x23\x22\x26\x34\x36\x32\
\x06\x34\x26\x22\x06\x14\x16\x32\x09\x01\x27\x01\x01\x52\x5e\x3f\
\x40\x5d\x5d\x80\x11\x1b\x28\x1b\x1b\x28\x02\x3b\x5e\x3f\x40\x5d\
\x5d\x80\x11\x1b\x28\x1b\x1b\x28\x01\xf5\x5e\x3f\x40\x5d\x5d\x80\
\x11\x1b\x28\x1b\x1b\x28\xfe\x79\xfe\xb1\x58\x01\x4c\x01\xe7\x7e\
\x5a\x5a\x7e\x59\xac\x28\x19\x19\x28\x19\xb2\x7e\x5a\x5a\x7e\x59\
\xac\x28\x19\x19\x28\x19\x6c\x7e\x5a\x5a\x7e\x59\xac\x28\x19\x19\
\x28\x19\x01\xca\xfd\xb8\x2a\x02\x4b\x00\x00\x00\x02\x00\x32\xff\
\xef\x02\xa1\x02\x47\x00\x0a\x00\x16\x00\x00\x01\x14\x06\x23\x22\
\x26\x10\x36\x33\x32\x16\x07\x34\x26\x23\x22\x06\x15\x14\x16\x33\
\x32\x36\x02\xa1\xb4\x85\x83\xb3\xb2\x84\x86\xb3\xa7\x51\x41\x40\
\x50\x50\x40\x42\x50\x01\x1d\x88\xa6\xa7\x01\x0e\xa3\xa3\x87\x41\
\x58\x58\x41\x42\x59\x58\x00\x00\x01\x00\x14\x00\x00\x01\x70\x02\
\x36\x00\x06\x00\x00\x21\x23\x11\x07\x27\x37\x33\x01\x70\xa9\x62\
\x51\xbc\xa0\x01\x87\x48\x72\x85\x00\x00\x00\x00\x01\x00\x2d\x00\
\x00\x02\x24\x02\x47\x00\x1c\x00\x00\x29\x01\x35\x37\x3e\x01\x35\
\x34\x26\x23\x22\x07\x27\x3e\x01\x33\x32\x1e\x01\x15\x14\x0e\x03\
\x0f\x01\x15\x33\x02\x24\xfe\x18\x35\x94\x6a\x2c\x27\x46\x22\x87\
\x20\x80\x59\x42\x6a\x49\x19\x22\x3c\x2b\x24\x1d\xec\x80\x1f\x54\
\x53\x30\x21\x27\x47\x36\x47\x53\x24\x5a\x43\x22\x3e\x2c\x30\x1c\
\x15\x12\x02\x00\x01\x00\x40\xff\x56\x02\x0e\x02\x36\x00\x21\x00\
\x00\x25\x14\x0e\x02\x23\x22\x27\x37\x16\x33\x32\x36\x35\x34\x26\
\x23\x22\x07\x27\x36\x37\x35\x23\x35\x21\x15\x06\x07\x15\x36\x33\
\x32\x16\x02\x0e\x36\x5c\x6f\x3f\x4a\x40\x18\x34\x32\x48\x59\x4f\
\x40\x31\x3d\x1d\x78\x6f\xf0\x01\xb1\x6d\x60\x10\x0b\x58\x77\x53\
\x42\x64\x3a\x1d\x0d\x8f\x0b\x36\x36\x2b\x31\x0e\x74\x49\x4c\x04\
\x88\x8e\x52\x3a\x03\x02\x6e\x00\x01\x00\x23\xff\x56\x02\x6d\x02\
\x47\x00\x0e\x00\x00\x25\x23\x15\x23\x35\x21\x35\x13\x33\x01\x33\
\x35\x33\x15\x33\x02\x6d\x63\x9f\xfe\xb8\xfb\xad\xfe\xfa\xa7\x9e\
\x63\x03\xad\xad\x8e\x01\xb6\xfe\x44\xcf\xcf\x00\x01\x00\x3c\xff\
\x56\x01\xff\x02\x36\x00\x1a\x00\x00\x01\x15\x21\x07\x36\x33\x32\
\x16\x15\x14\x0e\x02\x23\x22\x27\x37\x16\x33\x32\x35\x34\x26\x23\
\x22\x07\x13\x01\xfa\xff\x00\x10\x14\x1a\x67\x80\x35\x5b\x6b\x3d\
\x47\x44\x17\x35\x2d\x9f\x4e\x3b\x38\x4d\x23\x02\x36\x90\x76\x04\
\x72\x69\x45\x68\x3a\x1c\x0c\x8f\x0a\x71\x33\x31\x11\x01\x8b\x00\
\x02\x00\x32\xff\xec\x02\x5e\x02\xe0\x00\x14\x00\x1e\x00\x00\x25\
\x14\x06\x23\x22\x26\x35\x34\x3e\x02\x37\x17\x0e\x01\x07\x17\x36\
\x33\x32\x16\x07\x34\x26\x22\x06\x14\x16\x33\x32\x36\x02\x5e\x9f\
\x77\x79\x9d\x3a\x61\x68\x3a\x9a\x41\x7a\x21\x02\x19\x2f\x60\x87\
\xa8\x3c\x62\x3d\x3d\x30\x31\x3d\xea\x75\x89\x86\x81\x42\x8f\x81\
\x6b\x30\x46\x31\x78\x31\x02\x11\x7f\x68\x2f\x3d\x3d\x5e\x40\x3f\
\x00\x00\x00\x00\x01\x00\x2a\xff\x4c\x02\x17\x02\x36\x00\x08\x00\
\x00\x01\x02\x03\x27\x12\x13\x21\x35\x21\x02\x17\xad\x6c\xad\x85\
\x8c\xfe\xc8\x01\xed\x01\xb4\xfe\xa3\xfe\xf5\x25\x01\x27\x01\x0e\
\x90\x00\x00\x00\x03\x00\x3a\xff\xed\x02\x4f\x02\xd7\x00\x19\x00\
\x24\x00\x2e\x00\x00\x25\x14\x06\x23\x22\x26\x35\x34\x36\x37\x35\
\x2e\x01\x35\x34\x36\x33\x32\x16\x15\x14\x06\x07\x15\x1e\x01\x01\
\x22\x06\x14\x16\x33\x32\x36\x35\x34\x26\x12\x34\x26\x23\x22\x06\
\x14\x16\x33\x32\x02\x4f\x9b\x6f\x70\x9b\x46\x38\x30\x3c\x91\x68\
\x67\x91\x3b\x31\x37\x47\xfe\xf6\x26\x30\x31\x25\x24\x32\x31\x3e\
\x37\x2c\x2d\x37\x37\x2d\x2c\xc7\x69\x71\x71\x68\x3e\x5b\x13\x02\
\x11\x52\x37\x5f\x6a\x69\x5f\x37\x53\x10\x03\x11\x5c\x01\x50\x30\
\x46\x31\x32\x22\x23\x30\xfe\x52\x52\x37\x37\x52\x36\x00\x00\x00\
\x02\x00\x32\xff\x48\x02\x5e\x02\x47\x00\x13\x00\x1e\x00\x00\x01\
\x14\x0e\x02\x07\x27\x36\x37\x27\x06\x23\x22\x26\x35\x34\x36\x33\
\x32\x16\x07\x34\x26\x23\x22\x06\x15\x14\x16\x32\x36\x02\x5e\x3a\
\x61\x6c\x3a\x99\x9a\x45\x02\x19\x2f\x60\x87\x9f\x77\x79\x9d\xa9\
\x3d\x30\x31\x3d\x3c\x62\x3d\x01\x3e\x40\x90\x85\x71\x30\x47\x7b\
\x69\x02\x11\x7f\x66\x75\x89\x89\x72\x2f\x3f\x3f\x30\x2f\x3d\x3d\
\x00\x00\x00\x00\x02\xff\xea\x00\x00\x02\xe7\x02\x33\x00\x0b\x00\
\x0f\x00\x00\x33\x11\x33\x13\x33\x03\x33\x11\x23\x03\x23\x13\x03\
\x07\x23\x37\xd3\xb8\xbe\x02\x05\xa1\xb6\xbf\x03\x04\xb5\x56\x7e\
\x43\x02\x33\xfe\xbd\x01\x43\xfd\xcd\x01\x3f\xfe\xc1\x02\x33\xc3\
\xc3\x00\x00\x00\x02\x00\x10\x01\xaf\x01\x6f\x02\xd4\x00\x07\x00\
\x0a\x00\x00\x1b\x01\x33\x13\x23\x27\x23\x07\x37\x27\x07\x10\x82\
\x5e\x7f\x68\x13\x68\x14\x66\x1f\x20\x01\xaf\x01\x25\xfe\xdb\x33\
\x33\x6f\x56\x56\x00\x00\x00\x00\x02\x00\x46\x00\x00\x02\xe4\x02\
\x33\x00\x09\x00\x0d\x00\x00\x13\x15\x33\x15\x23\x15\x23\x11\x21\
\x15\x13\x11\x33\x11\xec\xcf\xce\xa7\x01\x88\x6f\xa7\x01\xb4\x68\
\x7a\xd2\x02\x33\x7f\xfe\x4c\x02\x33\xfd\xcd\x00\x02\x00\x46\x00\
\x00\x03\xb4\x02\x33\x00\x09\x00\x0f\x00\x00\x13\x15\x33\x15\x23\
\x15\x23\x11\x21\x15\x13\x11\x33\x11\x33\x15\xec\xcf\xce\xa7\x01\
\x88\x6f\xa7\xd0\x01\xb4\x68\x7a\xd2\x02\x33\x7f\xfe\x4c\x02\x33\
\xfe\x59\x8c\x00\x00\x00\x20\x01\x86\x00\x01\x00\x00\x00\x00\x00\
\x00\x01\xe1\x03\xc4\x00\x01\x00\x00\x00\x00\x00\x01\x00\x16\x05\
\xd4\x00\x01\x00\x00\x00\x00\x00\x02\x00\x04\x05\xf5\x00\x01\x00\
\x00\x00\x00\x00\x03\x00\x27\x06\x4a\x00\x01\x00\x00\x00\x00\x00\
\x04\x00\x12\x06\x98\x00\x01\x00\x00\x00\x00\x00\x05\x00\x0c\x06\
\xc5\x00\x01\x00\x00\x00\x00\x00\x06\x00\x12\x06\xf8\x00\x01\x00\
\x00\x00\x00\x00\x07\x00\x8f\x08\x2b\x00\x01\x00\x00\x00\x00\x00\
\x08\x00\x0d\x08\xd7\x00\x01\x00\x00\x00\x00\x00\x09\x00\x23\x09\
\x2d\x00\x01\x00\x00\x00\x00\x00\x0a\x04\x4a\x11\xe7\x00\x01\x00\
\x00\x00\x00\x00\x0b\x00\x17\x16\x62\x00\x01\x00\x00\x00\x00\x00\
\x0c\x00\x25\x16\xc6\x00\x01\x00\x00\x00\x00\x00\x0d\x03\xcf\x1e\
\x8c\x00\x01\x00\x00\x00\x00\x00\x0e\x00\x1f\x22\x9c\x00\x01\x00\
\x00\x00\x00\x00\x10\x00\x0f\x22\xdc\x00\x03\x00\x01\x04\x09\x00\
\x00\x03\xc2\x00\x00\x00\x03\x00\x01\x04\x09\x00\x01\x00\x2c\x05\
\xa6\x00\x03\x00\x01\x04\x09\x00\x02\x00\x08\x05\xeb\x00\x03\x00\
\x01\x04\x09\x00\x03\x00\x4e\x05\xfa\x00\x03\x00\x01\x04\x09\x00\
\x04\x00\x24\x06\x72\x00\x03\x00\x01\x04\x09\x00\x05\x00\x18\x06\
\xab\x00\x03\x00\x01\x04\x09\x00\x06\x00\x24\x06\xd2\x00\x03\x00\
\x01\x04\x09\x00\x07\x01\x1e\x07\x0b\x00\x03\x00\x01\x04\x09\x00\
\x08\x00\x1a\x08\xbb\x00\x03\x00\x01\x04\x09\x00\x09\x00\x46\x08\
\xe5\x00\x03\x00\x01\x04\x09\x00\x0a\x08\x94\x09\x51\x00\x03\x00\
\x01\x04\x09\x00\x0b\x00\x2e\x16\x32\x00\x03\x00\x01\x04\x09\x00\
\x0c\x00\x4a\x16\x7a\x00\x03\x00\x01\x04\x09\x00\x0d\x07\x9e\x16\
\xec\x00\x03\x00\x01\x04\x09\x00\x0e\x00\x3e\x22\x5c\x00\x03\x00\
\x01\x04\x09\x00\x10\x00\x1e\x22\xbc\x00\x43\x00\x6f\x00\x70\x00\
\x79\x00\x72\x00\x69\x00\x67\x00\x68\x00\x74\x00\x20\x00\xa9\x00\
\x20\x00\x32\x00\x30\x00\x30\x00\x33\x00\x20\x00\x2d\x00\x20\x00\
\x32\x00\x30\x00\x31\x00\x32\x00\x20\x00\x4c\x00\x69\x00\x6e\x00\
\x6f\x00\x74\x00\x79\x00\x70\x00\x65\x00\x20\x00\x47\x00\x6d\x00\
\x62\x00\x48\x00\x2c\x00\x20\x00\x77\x00\x77\x00\x77\x00\x2e\x00\
\x6c\x00\x69\x00\x6e\x00\x6f\x00\x74\x00\x79\x00\x70\x00\x65\x00\
\x2e\x00\x63\x00\x6f\x00\x6d\x00\x2e\x00\x20\x00\x41\x00\x6c\x00\
\x6c\x00\x20\x00\x72\x00\x69\x00\x67\x00\x68\x00\x74\x00\x73\x00\
\x20\x00\x72\x00\x65\x00\x73\x00\x65\x00\x72\x00\x76\x00\x65\x00\
\x64\x00\x2e\x00\x20\x00\x54\x00\x68\x00\x69\x00\x73\x00\x20\x00\
\x66\x00\x6f\x00\x6e\x00\x74\x00\x20\x00\x73\x00\x6f\x00\x66\x00\
\x74\x00\x77\x00\x61\x00\x72\x00\x65\x00\x20\x00\x6d\x00\x61\x00\
\x79\x00\x20\x00\x6e\x00\x6f\x00\x74\x00\x20\x00\x62\x00\x65\x00\
\x20\x00\x72\x00\x65\x00\x70\x00\x72\x00\x6f\x00\x64\x00\x75\x00\
\x63\x00\x65\x00\x64\x00\x2c\x00\x20\x00\x6d\x00\x6f\x00\x64\x00\
\x69\x00\x66\x00\x69\x00\x65\x00\x64\x00\x2c\x00\x20\x00\x64\x00\
\x69\x00\x73\x00\x63\x00\x6c\x00\x6f\x00\x73\x00\x65\x00\x64\x00\
\x20\x00\x6f\x00\x72\x00\x20\x00\x74\x00\x72\x00\x61\x00\x6e\x00\
\x73\x00\x66\x00\x65\x00\x72\x00\x72\x00\x65\x00\x64\x00\x20\x00\
\x77\x00\x69\x00\x74\x00\x68\x00\x6f\x00\x75\x00\x74\x00\x20\x00\
\x74\x00\x68\x00\x65\x00\x20\x00\x65\x00\x78\x00\x70\x00\x72\x00\
\x65\x00\x73\x00\x73\x00\x20\x00\x77\x00\x72\x00\x69\x00\x74\x00\
\x74\x00\x65\x00\x6e\x00\x20\x00\x61\x00\x70\x00\x70\x00\x72\x00\
\x6f\x00\x76\x00\x61\x00\x6c\x00\x20\x00\x6f\x00\x66\x00\x20\x00\
\x4c\x00\x69\x00\x6e\x00\x6f\x00\x74\x00\x79\x00\x70\x00\x65\x00\
\x20\x00\x47\x00\x6d\x00\x62\x00\x48\x00\x2e\x00\x20\x00\x41\x00\
\x76\x00\x65\x00\x6e\x00\x69\x00\x72\x00\x20\x00\x69\x00\x73\x00\
\x20\x00\x61\x00\x20\x00\x74\x00\x72\x00\x61\x00\x64\x00\x65\x00\
\x6d\x00\x61\x00\x72\x00\x6b\x00\x20\x00\x6f\x00\x66\x00\x20\x00\
\x4c\x00\x69\x00\x6e\x00\x6f\x00\x74\x00\x79\x00\x70\x00\x65\x00\
\x20\x00\x47\x00\x6d\x00\x62\x00\x48\x00\x20\x00\x72\x00\x65\x00\
\x67\x00\x69\x00\x73\x00\x74\x00\x65\x00\x72\x00\x65\x00\x64\x00\
\x20\x00\x69\x00\x6e\x00\x20\x00\x74\x00\x68\x00\x65\x00\x20\x00\
\x55\x00\x2e\x00\x53\x00\x2e\x00\x20\x00\x50\x00\x61\x00\x74\x00\
\x65\x00\x6e\x00\x74\x00\x20\x00\x61\x00\x6e\x00\x64\x00\x20\x00\
\x54\x00\x72\x00\x61\x00\x64\x00\x65\x00\x6d\x00\x61\x00\x72\x00\
\x6b\x00\x20\x00\x4f\x00\x66\x00\x66\x00\x69\x00\x63\x00\x65\x00\
\x20\x00\x61\x00\x6e\x00\x64\x00\x20\x00\x6d\x00\x61\x00\x79\x00\
\x20\x00\x62\x00\x65\x00\x20\x00\x72\x00\x65\x00\x67\x00\x69\x00\
\x73\x00\x74\x00\x65\x00\x72\x00\x65\x00\x64\x00\x20\x00\x69\x00\
\x6e\x00\x20\x00\x63\x00\x65\x00\x72\x00\x74\x00\x61\x00\x69\x00\
\x6e\x00\x20\x00\x6f\x00\x74\x00\x68\x00\x65\x00\x72\x00\x20\x00\
\x6a\x00\x75\x00\x72\x00\x69\x00\x73\x00\x64\x00\x69\x00\x63\x00\
\x74\x00\x69\x00\x6f\x00\x6e\x00\x73\x00\x2e\x00\x20\x00\x54\x00\
\x68\x00\x69\x00\x73\x00\x20\x00\x74\x00\x79\x00\x70\x00\x65\x00\
\x66\x00\x61\x00\x63\x00\x65\x00\x20\x00\x69\x00\x73\x00\x20\x00\
\x6f\x00\x72\x00\x69\x00\x67\x00\x69\x00\x6e\x00\x61\x00\x6c\x00\
\x20\x00\x61\x00\x72\x00\x74\x00\x77\x00\x6f\x00\x72\x00\x6b\x00\
\x20\x00\x6f\x00\x66\x00\x20\x00\x41\x00\x64\x00\x72\x00\x69\x00\
\x61\x00\x6e\x00\x20\x00\x46\x00\x72\x00\x75\x00\x74\x00\x69\x00\
\x67\x00\x65\x00\x72\x00\x20\x00\x61\x00\x6e\x00\x64\x00\x20\x00\
\x41\x00\x6b\x00\x69\x00\x72\x00\x61\x00\x20\x00\x4b\x00\x6f\x00\
\x62\x00\x61\x00\x79\x00\x61\x00\x73\x00\x68\x00\x69\x00\x2e\x00\
\x20\x00\x54\x00\x68\x00\x65\x00\x20\x00\x64\x00\x65\x00\x73\x00\
\x69\x00\x67\x00\x6e\x00\x20\x00\x6d\x00\x61\x00\x79\x00\x20\x00\
\x62\x00\x65\x00\x20\x00\x70\x00\x72\x00\x6f\x00\x74\x00\x65\x00\
\x63\x00\x74\x00\x65\x00\x64\x00\x20\x00\x69\x00\x6e\x00\x20\x00\
\x63\x00\x65\x00\x72\x00\x74\x00\x61\x00\x69\x00\x6e\x00\x20\x00\
\x6a\x00\x75\x00\x72\x00\x69\x00\x73\x00\x64\x00\x69\x00\x63\x00\
\x74\x00\x69\x00\x6f\x00\x6e\x00\x73\x00\x2e\x00\x00\x43\x6f\x70\
\x79\x72\x69\x67\x68\x74\x20\xa9\x20\x32\x30\x30\x33\x20\x2d\x20\
\x32\x30\x31\x32\x20\x4c\x69\x6e\x6f\x74\x79\x70\x65\x20\x47\x6d\
\x62\x48\x2c\x20\x77\x77\x77\x2e\x6c\x69\x6e\x6f\x74\x79\x70\x65\
\x2e\x63\x6f\x6d\x2e\x20\x41\x6c\x6c\x20\x72\x69\x67\x68\x74\x73\
\x20\x72\x65\x73\x65\x72\x76\x65\x64\x2e\x20\x54\x68\x69\x73\x20\
\x66\x6f\x6e\x74\x20\x73\x6f\x66\x74\x77\x61\x72\x65\x20\x6d\x61\
\x79\x20\x6e\x6f\x74\x20\x62\x65\x20\x72\x65\x70\x72\x6f\x64\x75\
\x63\x65\x64\x2c\x20\x6d\x6f\x64\x69\x66\x69\x65\x64\x2c\x20\x64\
\x69\x73\x63\x6c\x6f\x73\x65\x64\x20\x6f\x72\x20\x74\x72\x61\x6e\
\x73\x66\x65\x72\x72\x65\x64\x20\x77\x69\x74\x68\x6f\x75\x74\x20\
\x74\x68\x65\x20\x65\x78\x70\x72\x65\x73\x73\x20\x77\x72\x69\x74\
\x74\x65\x6e\x20\x61\x70\x70\x72\x6f\x76\x61\x6c\x20\x6f\x66\x20\
\x4c\x69\x6e\x6f\x74\x79\x70\x65\x20\x47\x6d\x62\x48\x2e\x20\x41\
\x76\x65\x6e\x69\x72\x20\x69\x73\x20\x61\x20\x74\x72\x61\x64\x65\
\x6d\x61\x72\x6b\x20\x6f\x66\x20\x4c\x69\x6e\x6f\x74\x79\x70\x65\
\x20\x47\x6d\x62\x48\x20\x72\x65\x67\x69\x73\x74\x65\x72\x65\x64\
\x20\x69\x6e\x20\x74\x68\x65\x20\x55\x2e\x53\x2e\x20\x50\x61\x74\
\x65\x6e\x74\x20\x61\x6e\x64\x20\x54\x72\x61\x64\x65\x6d\x61\x72\
\x6b\x20\x4f\x66\x66\x69\x63\x65\x20\x61\x6e\x64\x20\x6d\x61\x79\
\x20\x62\x65\x20\x72\x65\x67\x69\x73\x74\x65\x72\x65\x64\x20\x69\
\x6e\x20\x63\x65\x72\x74\x61\x69\x6e\x20\x6f\x74\x68\x65\x72\x20\
\x6a\x75\x72\x69\x73\x64\x69\x63\x74\x69\x6f\x6e\x73\x2e\x20\x54\
\x68\x69\x73\x20\x74\x79\x70\x65\x66\x61\x63\x65\x20\x69\x73\x20\
\x6f\x72\x69\x67\x69\x6e\x61\x6c\x20\x61\x72\x74\x77\x6f\x72\x6b\
\x20\x6f\x66\x20\x41\x64\x72\x69\x61\x6e\x20\x46\x72\x75\x74\x69\
\x67\x65\x72\x20\x61\x6e\x64\x20\x41\x6b\x69\x72\x61\x20\x4b\x6f\
\x62\x61\x79\x61\x73\x68\x69\x2e\x20\x54\x68\x65\x20\x64\x65\x73\
\x69\x67\x6e\x20\x6d\x61\x79\x20\x62\x65\x20\x70\x72\x6f\x74\x65\
\x63\x74\x65\x64\x20\x69\x6e\x20\x63\x65\x72\x74\x61\x69\x6e\x20\
\x6a\x75\x72\x69\x73\x64\x69\x63\x74\x69\x6f\x6e\x73\x2e\x00\x00\
\x41\x00\x76\x00\x65\x00\x6e\x00\x69\x00\x72\x00\x20\x00\x4e\x00\
\x65\x00\x78\x00\x74\x00\x20\x00\x43\x00\x79\x00\x72\x00\x20\x00\
\x4d\x00\x65\x00\x64\x00\x69\x00\x75\x00\x6d\x00\x00\x41\x76\x65\
\x6e\x69\x72\x20\x4e\x65\x78\x74\x20\x43\x79\x72\x20\x4d\x65\x64\
\x69\x75\x6d\x00\x00\x42\x00\x6f\x00\x6c\x00\x64\x00\x00\x42\x6f\
\x6c\x64\x00\x00\x4c\x00\x69\x00\x6e\x00\x6f\x00\x74\x00\x79\x00\
\x70\x00\x65\x00\x20\x00\x47\x00\x6d\x00\x62\x00\x48\x00\x3a\x00\
\x41\x00\x76\x00\x65\x00\x6e\x00\x69\x00\x72\x00\x20\x00\x4e\x00\
\x65\x00\x78\x00\x74\x00\x20\x00\x43\x00\x79\x00\x72\x00\x20\x00\
\x42\x00\x6f\x00\x6c\x00\x64\x00\x3a\x00\x32\x00\x30\x00\x31\x00\
\x32\x00\x00\x4c\x69\x6e\x6f\x74\x79\x70\x65\x20\x47\x6d\x62\x48\
\x3a\x41\x76\x65\x6e\x69\x72\x20\x4e\x65\x78\x74\x20\x43\x79\x72\
\x20\x42\x6f\x6c\x64\x3a\x32\x30\x31\x32\x00\x00\x41\x00\x76\x00\
\x65\x00\x6e\x00\x69\x00\x72\x00\x4e\x00\x65\x00\x78\x00\x74\x00\
\x43\x00\x79\x00\x72\x00\x2d\x00\x42\x00\x6f\x00\x6c\x00\x64\x00\
\x00\x41\x76\x65\x6e\x69\x72\x4e\x65\x78\x74\x43\x79\x72\x2d\x42\
\x6f\x6c\x64\x00\x00\x56\x00\x65\x00\x72\x00\x73\x00\x69\x00\x6f\
\x00\x6e\x00\x20\x00\x31\x00\x2e\x00\x30\x00\x30\x00\x00\x56\x65\
\x72\x73\x69\x6f\x6e\x20\x31\x2e\x30\x30\x00\x00\x41\x00\x76\x00\
\x65\x00\x6e\x00\x69\x00\x72\x00\x4e\x00\x65\x00\x78\x00\x74\x00\
\x43\x00\x79\x00\x72\x00\x2d\x00\x42\x00\x6f\x00\x6c\x00\x64\x00\
\x00\x41\x76\x65\x6e\x69\x72\x4e\x65\x78\x74\x43\x79\x72\x2d\x42\
\x6f\x6c\x64\x00\x00\x41\x00\x76\x00\x65\x00\x6e\x00\x69\x00\x72\
\x00\x20\x00\x69\x00\x73\x00\x20\x00\x61\x00\x20\x00\x74\x00\x72\
\x00\x61\x00\x64\x00\x65\x00\x6d\x00\x61\x00\x72\x00\x6b\x00\x20\
\x00\x6f\x00\x66\x00\x20\x00\x4c\x00\x69\x00\x6e\x00\x6f\x00\x74\
\x00\x79\x00\x70\x00\x65\x00\x20\x00\x47\x00\x6d\x00\x62\x00\x48\
\x00\x20\x00\x72\x00\x65\x00\x67\x00\x69\x00\x73\x00\x74\x00\x65\
\x00\x72\x00\x65\x00\x64\x00\x20\x00\x69\x00\x6e\x00\x20\x00\x74\
\x00\x68\x00\x65\x00\x20\x00\x55\x00\x2e\x00\x53\x00\x2e\x00\x20\
\x00\x50\x00\x61\x00\x74\x00\x65\x00\x6e\x00\x74\x00\x20\x00\x61\
\x00\x6e\x00\x64\x00\x20\x00\x54\x00\x72\x00\x61\x00\x64\x00\x65\
\x00\x6d\x00\x61\x00\x72\x00\x6b\x00\x20\x00\x4f\x00\x66\x00\x66\
\x00\x69\x00\x63\x00\x65\x00\x20\x00\x61\x00\x6e\x00\x64\x00\x20\
\x00\x6d\x00\x61\x00\x79\x00\x20\x00\x62\x00\x65\x00\x20\x00\x72\
\x00\x65\x00\x67\x00\x69\x00\x73\x00\x74\x00\x65\x00\x72\x00\x65\
\x00\x64\x00\x20\x00\x69\x00\x6e\x00\x20\x00\x63\x00\x65\x00\x72\
\x00\x74\x00\x61\x00\x69\x00\x6e\x00\x20\x00\x6f\x00\x74\x00\x68\
\x00\x65\x00\x72\x00\x20\x00\x6a\x00\x75\x00\x72\x00\x69\x00\x73\
\x00\x64\x00\x69\x00\x63\x00\x74\x00\x69\x00\x6f\x00\x6e\x00\x73\
\x00\x2e\x00\x00\x41\x76\x65\x6e\x69\x72\x20\x69\x73\x20\x61\x20\
\x74\x72\x61\x64\x65\x6d\x61\x72\x6b\x20\x6f\x66\x20\x4c\x69\x6e\
\x6f\x74\x79\x70\x65\x20\x47\x6d\x62\x48\x20\x72\x65\x67\x69\x73\
\x74\x65\x72\x65\x64\x20\x69\x6e\x20\x74\x68\x65\x20\x55\x2e\x53\
\x2e\x20\x50\x61\x74\x65\x6e\x74\x20\x61\x6e\x64\x20\x54\x72\x61\
\x64\x65\x6d\x61\x72\x6b\x20\x4f\x66\x66\x69\x63\x65\x20\x61\x6e\
\x64\x20\x6d\x61\x79\x20\x62\x65\x20\x72\x65\x67\x69\x73\x74\x65\
\x72\x65\x64\x20\x69\x6e\x20\x63\x65\x72\x74\x61\x69\x6e\x20\x6f\
\x74\x68\x65\x72\x20\x6a\x75\x72\x69\x73\x64\x69\x63\x74\x69\x6f\
\x6e\x73\x2e\x00\x00\x4c\x00\x69\x00\x6e\x00\x6f\x00\x74\x00\x79\
\x00\x70\x00\x65\x00\x20\x00\x47\x00\x6d\x00\x62\x00\x48\x00\x00\
\x4c\x69\x6e\x6f\x74\x79\x70\x65\x20\x47\x6d\x62\x48\x00\x00\x41\
\x00\x64\x00\x72\x00\x69\x00\x61\x00\x6e\x00\x20\x00\x46\x00\x72\
\x00\x75\x00\x74\x00\x69\x00\x67\x00\x65\x00\x72\x00\x20\x00\x61\
\x00\x6e\x00\x64\x00\x20\x00\x41\x00\x6b\x00\x69\x00\x72\x00\x61\
\x00\x20\x00\x4b\x00\x6f\x00\x62\x00\x61\x00\x79\x00\x61\x00\x73\
\x00\x68\x00\x69\x00\x00\x41\x64\x72\x69\x61\x6e\x20\x46\x72\x75\
\x74\x69\x67\x65\x72\x20\x61\x6e\x64\x20\x41\x6b\x69\x72\x61\x20\
\x4b\x6f\x62\x61\x79\x61\x73\x68\x69\x00\x00\x41\x00\x64\x00\x72\
\x00\x69\x00\x61\x00\x6e\x00\x20\x00\x46\x00\x72\x00\x75\x00\x74\
\x00\x69\x00\x67\x00\x65\x00\x72\x00\x20\x00\x64\x00\x65\x00\x73\
\x00\x69\x00\x67\x00\x6e\x00\x65\x00\x64\x00\x20\x00\x41\x00\x76\
\x00\x65\x00\x6e\x00\x69\x00\x72\x00\x20\x00\x69\x00\x6e\x00\x20\
\x00\x31\x00\x39\x00\x38\x00\x38\x00\x2c\x00\x20\x00\x61\x00\x66\
\x00\x74\x00\x65\x00\x72\x00\x20\x00\x79\x00\x65\x00\x61\x00\x72\
\x00\x73\x00\x20\x00\x6f\x00\x66\x00\x20\x00\x68\x00\x61\x00\x76\
\x00\x69\x00\x6e\x00\x67\x00\x20\x00\x61\x00\x6e\x00\x20\x00\x69\
\x00\x6e\x00\x74\x00\x65\x00\x72\x00\x65\x00\x73\x00\x74\x00\x20\
\x00\x69\x00\x6e\x00\x20\x00\x73\x00\x61\x00\x6e\x00\x73\x00\x20\
\x00\x73\x00\x65\x00\x72\x00\x69\x00\x66\x00\x20\x00\x74\x00\x79\
\x00\x70\x00\x65\x00\x66\x00\x61\x00\x63\x00\x65\x00\x73\x00\x2e\
\x00\x20\x00\x49\x00\x6e\x00\x20\x00\x61\x00\x6e\x00\x20\x00\x69\
\x00\x6e\x00\x74\x00\x65\x00\x72\x00\x76\x00\x69\x00\x65\x00\x77\
\x00\x20\x00\x77\x00\x69\x00\x74\x00\x68\x00\x20\x00\x4c\x00\x69\
\x00\x6e\x00\x6f\x00\x74\x00\x79\x00\x70\x00\x65\x00\x2c\x00\x20\
\x00\x68\x00\x65\x00\x20\x00\x73\x00\x61\x00\x69\x00\x64\x00\x20\
\x00\x68\x00\x65\x00\x20\x00\x66\x00\x65\x00\x6c\x00\x74\x00\x20\
\x00\x61\x00\x6e\x00\x20\x00\x6f\x00\x62\x00\x6c\x00\x69\x00\x67\
\x00\x61\x00\x74\x00\x69\x00\x6f\x00\x6e\x00\x20\x00\x74\x00\x6f\
\x00\x20\x00\x64\x00\x65\x00\x73\x00\x69\x00\x67\x00\x6e\x00\x20\
\x00\x61\x00\x20\x00\x6c\x00\x69\x00\x6e\x00\x65\x00\x61\x00\x72\
\x00\x20\x00\x73\x00\x61\x00\x6e\x00\x73\x00\x20\x00\x69\x00\x6e\
\x00\x20\x00\x74\x00\x68\x00\x65\x00\x20\x00\x74\x00\x72\x00\x61\
\x00\x64\x00\x69\x00\x74\x00\x69\x00\x6f\x00\x6e\x00\x20\x00\x6f\
\x00\x66\x00\x20\x00\x45\x00\x72\x00\x62\x00\x61\x00\x72\x00\x20\
\x00\x61\x00\x6e\x00\x64\x00\x20\x00\x46\x00\x75\x00\x74\x00\x75\
\x00\x72\x00\x61\x00\x2c\x00\x20\x00\x62\x00\x75\x00\x74\x00\x20\
\x00\x74\x00\x6f\x00\x20\x00\x61\x00\x6c\x00\x73\x00\x6f\x00\x20\
\x00\x6d\x00\x61\x00\x6b\x00\x65\x00\x20\x00\x75\x00\x73\x00\x65\
\x00\x20\x00\x6f\x00\x66\x00\x20\x00\x74\x00\x68\x00\x65\x00\x20\
\x00\x65\x00\x78\x00\x70\x00\x65\x00\x72\x00\x69\x00\x65\x00\x6e\
\x00\x63\x00\x65\x00\x20\x00\x61\x00\x6e\x00\x64\x00\x20\x00\x73\
\x00\x74\x00\x79\x00\x6c\x00\x69\x00\x73\x00\x74\x00\x69\x00\x63\
\x00\x20\x00\x64\x00\x65\x00\x76\x00\x65\x00\x6c\x00\x6f\x00\x70\
\x00\x6d\x00\x65\x00\x6e\x00\x74\x00\x73\x00\x20\x00\x6f\x00\x66\
\x00\x20\x00\x74\x00\x68\x00\x65\x00\x20\x00\x74\x00\x77\x00\x65\
\x00\x6e\x00\x74\x00\x69\x00\x65\x00\x74\x00\x68\x00\x20\x00\x63\
\x00\x65\x00\x6e\x00\x74\x00\x75\x00\x72\x00\x79\x00\x2e\x00\x20\
\x00\x54\x00\x68\x00\x65\x00\x20\x00\x77\x00\x6f\x00\x72\x00\x64\
\x00\x20\x00\x41\x00\x76\x00\x65\x00\x6e\x00\x69\x00\x72\x00\x20\
\x00\x6d\x00\x65\x00\x61\x00\x6e\x00\x73\x00\x20\x00\x27\x00\x66\
\x00\x75\x00\x74\x00\x75\x00\x72\x00\x65\x00\x27\x00\x20\x00\x69\
\x00\x6e\x00\x20\x00\x46\x00\x72\x00\x65\x00\x6e\x00\x63\x00\x68\
\x00\x20\x00\x61\x00\x6e\x00\x64\x00\x20\x00\x68\x00\x69\x00\x6e\
\x00\x74\x00\x73\x00\x20\x00\x74\x00\x68\x00\x61\x00\x74\x00\x20\
\x00\x74\x00\x68\x00\x65\x00\x20\x00\x74\x00\x79\x00\x70\x00\x65\
\x00\x66\x00\x61\x00\x63\x00\x65\x00\x20\x00\x6f\x00\x77\x00\x65\
\x00\x73\x00\x20\x00\x73\x00\x6f\x00\x6d\x00\x65\x00\x20\x00\x6f\
\x00\x66\x00\x20\x00\x69\x00\x74\x00\x73\x00\x20\x00\x69\x00\x6e\
\x00\x74\x00\x65\x00\x72\x00\x70\x00\x72\x00\x65\x00\x74\x00\x61\
\x00\x74\x00\x69\x00\x6f\x00\x6e\x00\x20\x00\x74\x00\x6f\x00\x20\
\x00\x46\x00\x75\x00\x74\x00\x75\x00\x72\x00\x61\x00\x2e\x00\x20\
\x00\x42\x00\x75\x00\x74\x00\x20\x00\x75\x00\x6e\x00\x6c\x00\x69\
\x00\x6b\x00\x65\x00\x20\x00\x46\x00\x75\x00\x74\x00\x75\x00\x72\
\x00\x61\x00\x2c\x00\x20\x00\x41\x00\x76\x00\x65\x00\x6e\x00\x69\
\x00\x72\x00\x20\x00\x69\x00\x73\x00\x20\x00\x6e\x00\x6f\x00\x74\
\x00\x20\x00\x70\x00\x75\x00\x72\x00\x65\x00\x6c\x00\x79\x00\x20\
\x00\x67\x00\x65\x00\x6f\x00\x6d\x00\x65\x00\x74\x00\x72\x00\x69\
\x00\x63\x00\x3b\x00\x20\x00\x69\x00\x74\x00\x20\x00\x68\x00\x61\
\x00\x73\x00\x20\x00\x76\x00\x65\x00\x72\x00\x74\x00\x69\x00\x63\
\x00\x61\x00\x6c\x00\x20\x00\x73\x00\x74\x00\x72\x00\x6f\x00\x6b\
\x00\x65\x00\x73\x00\x20\x00\x74\x00\x68\x00\x61\x00\x74\x00\x20\
\x00\x61\x00\x72\x00\x65\x00\x20\x00\x74\x00\x68\x00\x69\x00\x63\
\x00\x6b\x00\x65\x00\x72\x00\x20\x00\x74\x00\x68\x00\x61\x00\x6e\
\x00\x20\x00\x74\x00\x68\x00\x65\x00\x20\x00\x68\x00\x6f\x00\x72\
\x00\x69\x00\x7a\x00\x6f\x00\x6e\x00\x74\x00\x61\x00\x6c\x00\x73\
\x00\x2c\x00\x20\x00\x61\x00\x6e\x00\x20\x00\x22\x00\x6f\x00\x22\
\x00\x20\x00\x74\x00\x68\x00\x61\x00\x74\x00\x20\x00\x69\x00\x73\
\x00\x20\x00\x6e\x00\x6f\x00\x74\x00\x20\x00\x61\x00\x20\x00\x70\
\x00\x65\x00\x72\x00\x66\x00\x65\x00\x63\x00\x74\x00\x20\x00\x63\
\x00\x69\x00\x72\x00\x63\x00\x6c\x00\x65\x00\x2c\x00\x20\x00\x61\
\x00\x6e\x00\x64\x00\x20\x00\x73\x00\x68\x00\x6f\x00\x72\x00\x74\
\x00\x65\x00\x6e\x00\x65\x00\x64\x00\x20\x00\x61\x00\x73\x00\x63\
\x00\x65\x00\x6e\x00\x64\x00\x65\x00\x72\x00\x73\x00\x2e\x00\x20\
\x00\x54\x00\x68\x00\x65\x00\x73\x00\x65\x00\x20\x00\x6e\x00\x75\
\x00\x61\x00\x6e\x00\x63\x00\x65\x00\x73\x00\x20\x00\x61\x00\x69\
\x00\x64\x00\x20\x00\x69\x00\x6e\x00\x20\x00\x6c\x00\x65\x00\x67\
\x00\x69\x00\x62\x00\x69\x00\x6c\x00\x69\x00\x74\x00\x79\x00\x20\
\x00\x61\x00\x6e\x00\x64\x00\x20\x00\x67\x00\x69\x00\x76\x00\x65\
\x00\x20\x00\x41\x00\x76\x00\x65\x00\x6e\x00\x69\x00\x72\x00\x20\
\x00\x61\x00\x20\x00\x68\x00\x61\x00\x72\x00\x6d\x00\x6f\x00\x6e\
\x00\x69\x00\x6f\x00\x75\x00\x73\x00\x20\x00\x61\x00\x6e\x00\x64\
\x00\x20\x00\x73\x00\x65\x00\x6e\x00\x73\x00\x69\x00\x62\x00\x6c\
\x00\x65\x00\x20\x00\x61\x00\x70\x00\x70\x00\x65\x00\x61\x00\x72\
\x00\x61\x00\x6e\x00\x63\x00\x65\x00\x20\x00\x66\x00\x6f\x00\x72\
\x00\x20\x00\x62\x00\x6f\x00\x74\x00\x68\x00\x20\x00\x74\x00\x65\
\x00\x78\x00\x74\x00\x73\x00\x20\x00\x61\x00\x6e\x00\x64\x00\x20\
\x00\x68\x00\x65\x00\x61\x00\x64\x00\x6c\x00\x69\x00\x6e\x00\x65\
\x00\x73\x00\x2e\x00\x20\x00\x49\x00\x6e\x00\x20\x00\x32\x00\x30\
\x00\x30\x00\x34\x00\x20\x00\x41\x00\x64\x00\x72\x00\x69\x00\x61\
\x00\x6e\x00\x20\x00\x46\x00\x72\x00\x75\x00\x74\x00\x69\x00\x67\
\x00\x65\x00\x72\x00\x20\x00\x61\x00\x6e\x00\x64\x00\x20\x00\x74\
\x00\x68\x00\x65\x00\x20\x00\x74\x00\x79\x00\x70\x00\x65\x00\x20\
\x00\x64\x00\x69\x00\x72\x00\x65\x00\x63\x00\x74\x00\x6f\x00\x72\
\x00\x20\x00\x6f\x00\x66\x00\x20\x00\x4c\x00\x69\x00\x6e\x00\x6f\
\x00\x74\x00\x79\x00\x70\x00\x65\x00\x20\x00\x47\x00\x6d\x00\x62\
\x00\x48\x00\x20\x00\x41\x00\x6b\x00\x69\x00\x72\x00\x61\x00\x20\
\x00\x4b\x00\x6f\x00\x62\x00\x61\x00\x79\x00\x61\x00\x73\x00\x68\
\x00\x69\x00\x20\x00\x72\x00\x65\x00\x77\x00\x6f\x00\x72\x00\x6b\
\x00\x65\x00\x64\x00\x20\x00\x74\x00\x68\x00\x65\x00\x20\x00\x41\
\x00\x76\x00\x65\x00\x6e\x00\x69\x00\x72\x00\x20\x00\x61\x00\x6e\
\x00\x64\x00\x20\x00\x63\x00\x72\x00\x65\x00\x61\x00\x74\x00\x65\
\x00\x64\x00\x20\x00\x74\x00\x68\x00\x65\x00\x20\x00\x41\x00\x76\
\x00\x65\x00\x6e\x00\x69\x00\x72\x00\x20\x00\x4e\x00\x65\x00\x78\
\x00\x74\x00\x20\x00\x66\x00\x6f\x00\x72\x00\x20\x00\x74\x00\x68\
\x00\x65\x00\x20\x00\x50\x00\x6c\x00\x61\x00\x74\x00\x69\x00\x6e\
\x00\x75\x00\x6d\x00\x20\x00\x43\x00\x6f\x00\x6c\x00\x6c\x00\x65\
\x00\x63\x00\x74\x00\x69\x00\x6f\x00\x6e\x00\x2e\x00\x20\x00\x49\
\x00\x74\x00\x20\x00\x69\x00\x6e\x00\x63\x00\x6c\x00\x75\x00\x64\
\x00\x65\x00\x73\x00\x20\x00\x6e\x00\x65\x00\x77\x00\x20\x00\x73\
\x00\x6d\x00\x61\x00\x6c\x00\x6c\x00\x20\x00\x63\x00\x61\x00\x70\
\x00\x73\x00\x2c\x00\x20\x00\x6e\x00\x65\x00\x77\x00\x6c\x00\x79\
\x00\x20\x00\x64\x00\x65\x00\x73\x00\x69\x00\x67\x00\x6e\x00\x65\
\x00\x64\x00\x20\x00\x74\x00\x72\x00\x75\x00\x65\x00\x20\x00\x69\
\x00\x74\x00\x61\x00\x6c\x00\x69\x00\x63\x00\x73\x00\x2c\x00\x20\
\x00\x61\x00\x6e\x00\x64\x00\x20\x00\x61\x00\x20\x00\x63\x00\x6f\
\x00\x6d\x00\x70\x00\x6c\x00\x65\x00\x74\x00\x65\x00\x20\x00\x6e\
\x00\x65\x00\x77\x00\x20\x00\x72\x00\x61\x00\x6e\x00\x67\x00\x65\
\x00\x20\x00\x6f\x00\x66\x00\x20\x00\x63\x00\x6f\x00\x6e\x00\x64\
\x00\x65\x00\x6e\x00\x73\x00\x65\x00\x64\x00\x20\x00\x77\x00\x65\
\x00\x69\x00\x67\x00\x68\x00\x74\x00\x73\x00\x2e\x00\x20\x00\x41\
\x00\x76\x00\x65\x00\x6e\x00\x69\x00\x72\x00\x20\x00\x4e\x00\x65\
\x00\x78\x00\x74\x00\x20\x00\x69\x00\x73\x00\x20\x00\x61\x00\x20\
\x00\x76\x00\x65\x00\x72\x00\x73\x00\x61\x00\x74\x00\x69\x00\x6c\
\x00\x65\x00\x20\x00\x73\x00\x61\x00\x6e\x00\x73\x00\x20\x00\x73\
\x00\x65\x00\x72\x00\x69\x00\x66\x00\x20\x00\x66\x00\x61\x00\x6d\
\x00\x69\x00\x6c\x00\x79\x00\x2c\x00\x20\x00\x72\x00\x65\x00\x61\
\x00\x64\x00\x79\x00\x20\x00\x66\x00\x6f\x00\x72\x00\x20\x00\x6c\
\x00\x61\x00\x72\x00\x67\x00\x65\x00\x20\x00\x61\x00\x6e\x00\x64\
\x00\x20\x00\x63\x00\x6f\x00\x6d\x00\x70\x00\x6c\x00\x65\x00\x78\
\x00\x20\x00\x70\x00\x72\x00\x6f\x00\x6a\x00\x65\x00\x63\x00\x74\
\x00\x73\x00\x20\x00\x66\x00\x72\x00\x6f\x00\x6d\x00\x20\x00\x62\
\x00\x6f\x00\x6f\x00\x6b\x00\x73\x00\x20\x00\x74\x00\x6f\x00\x20\
\x00\x73\x00\x69\x00\x67\x00\x6e\x00\x61\x00\x67\x00\x65\x00\x20\
\x00\x74\x00\x6f\x00\x20\x00\x61\x00\x64\x00\x76\x00\x65\x00\x72\
\x00\x74\x00\x69\x00\x73\x00\x69\x00\x6e\x00\x67\x00\x2e\x00\x00\
\x41\x64\x72\x69\x61\x6e\x20\x46\x72\x75\x74\x69\x67\x65\x72\x20\
\x64\x65\x73\x69\x67\x6e\x65\x64\x20\x41\x76\x65\x6e\x69\x72\x20\
\x69\x6e\x20\x31\x39\x38\x38\x2c\x20\x61\x66\x74\x65\x72\x20\x79\
\x65\x61\x72\x73\x20\x6f\x66\x20\x68\x61\x76\x69\x6e\x67\x20\x61\
\x6e\x20\x69\x6e\x74\x65\x72\x65\x73\x74\x20\x69\x6e\x20\x73\x61\
\x6e\x73\x20\x73\x65\x72\x69\x66\x20\x74\x79\x70\x65\x66\x61\x63\
\x65\x73\x2e\x20\x49\x6e\x20\x61\x6e\x20\x69\x6e\x74\x65\x72\x76\
\x69\x65\x77\x20\x77\x69\x74\x68\x20\x4c\x69\x6e\x6f\x74\x79\x70\
\x65\x2c\x20\x68\x65\x20\x73\x61\x69\x64\x20\x68\x65\x20\x66\x65\
\x6c\x74\x20\x61\x6e\x20\x6f\x62\x6c\x69\x67\x61\x74\x69\x6f\x6e\
\x20\x74\x6f\x20\x64\x65\x73\x69\x67\x6e\x20\x61\x20\x6c\x69\x6e\
\x65\x61\x72\x20\x73\x61\x6e\x73\x20\x69\x6e\x20\x74\x68\x65\x20\
\x74\x72\x61\x64\x69\x74\x69\x6f\x6e\x20\x6f\x66\x20\x45\x72\x62\
\x61\x72\x20\x61\x6e\x64\x20\x46\x75\x74\x75\x72\x61\x2c\x20\x62\
\x75\x74\x20\x74\x6f\x20\x61\x6c\x73\x6f\x20\x6d\x61\x6b\x65\x20\
\x75\x73\x65\x20\x6f\x66\x20\x74\x68\x65\x20\x65\x78\x70\x65\x72\
\x69\x65\x6e\x63\x65\x20\x61\x6e\x64\x20\x73\x74\x79\x6c\x69\x73\
\x74\x69\x63\x20\x64\x65\x76\x65\x6c\x6f\x70\x6d\x65\x6e\x74\x73\
\x20\x6f\x66\x20\x74\x68\x65\x20\x74\x77\x65\x6e\x74\x69\x65\x74\
\x68\x20\x63\x65\x6e\x74\x75\x72\x79\x2e\x20\x54\x68\x65\x20\x77\
\x6f\x72\x64\x20\x41\x76\x65\x6e\x69\x72\x20\x6d\x65\x61\x6e\x73\
\x20\x27\x66\x75\x74\x75\x72\x65\x27\x20\x69\x6e\x20\x46\x72\x65\
\x6e\x63\x68\x20\x61\x6e\x64\x20\x68\x69\x6e\x74\x73\x20\x74\x68\
\x61\x74\x20\x74\x68\x65\x20\x74\x79\x70\x65\x66\x61\x63\x65\x20\
\x6f\x77\x65\x73\x20\x73\x6f\x6d\x65\x20\x6f\x66\x20\x69\x74\x73\
\x20\x69\x6e\x74\x65\x72\x70\x72\x65\x74\x61\x74\x69\x6f\x6e\x20\
\x74\x6f\x20\x46\x75\x74\x75\x72\x61\x2e\x20\x42\x75\x74\x20\x75\
\x6e\x6c\x69\x6b\x65\x20\x46\x75\x74\x75\x72\x61\x2c\x20\x41\x76\
\x65\x6e\x69\x72\x20\x69\x73\x20\x6e\x6f\x74\x20\x70\x75\x72\x65\
\x6c\x79\x20\x67\x65\x6f\x6d\x65\x74\x72\x69\x63\x3b\x20\x69\x74\
\x20\x68\x61\x73\x20\x76\x65\x72\x74\x69\x63\x61\x6c\x20\x73\x74\
\x72\x6f\x6b\x65\x73\x20\x74\x68\x61\x74\x20\x61\x72\x65\x20\x74\
\x68\x69\x63\x6b\x65\x72\x20\x74\x68\x61\x6e\x20\x74\x68\x65\x20\
\x68\x6f\x72\x69\x7a\x6f\x6e\x74\x61\x6c\x73\x2c\x20\x61\x6e\x20\
\x22\x6f\x22\x20\x74\x68\x61\x74\x20\x69\x73\x20\x6e\x6f\x74\x20\
\x61\x20\x70\x65\x72\x66\x65\x63\x74\x20\x63\x69\x72\x63\x6c\x65\
\x2c\x20\x61\x6e\x64\x20\x73\x68\x6f\x72\x74\x65\x6e\x65\x64\x20\
\x61\x73\x63\x65\x6e\x64\x65\x72\x73\x2e\x20\x54\x68\x65\x73\x65\
\x20\x6e\x75\x61\x6e\x63\x65\x73\x20\x61\x69\x64\x20\x69\x6e\x20\
\x6c\x65\x67\x69\x62\x69\x6c\x69\x74\x79\x20\x61\x6e\x64\x20\x67\
\x69\x76\x65\x20\x41\x76\x65\x6e\x69\x72\x20\x61\x20\x68\x61\x72\
\x6d\x6f\x6e\x69\x6f\x75\x73\x20\x61\x6e\x64\x20\x73\x65\x6e\x73\
\x69\x62\x6c\x65\x20\x61\x70\x70\x65\x61\x72\x61\x6e\x63\x65\x20\
\x66\x6f\x72\x20\x62\x6f\x74\x68\x20\x74\x65\x78\x74\x73\x20\x61\
\x6e\x64\x20\x68\x65\x61\x64\x6c\x69\x6e\x65\x73\x2e\x20\x49\x6e\
\x20\x32\x30\x30\x34\x20\x41\x64\x72\x69\x61\x6e\x20\x46\x72\x75\
\x74\x69\x67\x65\x72\x20\x61\x6e\x64\x20\x74\x68\x65\x20\x74\x79\
\x70\x65\x20\x64\x69\x72\x65\x63\x74\x6f\x72\x20\x6f\x66\x20\x4c\
\x69\x6e\x6f\x74\x79\x70\x65\x20\x47\x6d\x62\x48\x20\x41\x6b\x69\
\x72\x61\x20\x4b\x6f\x62\x61\x79\x61\x73\x68\x69\x20\x72\x65\x77\
\x6f\x72\x6b\x65\x64\x20\x74\x68\x65\x20\x41\x76\x65\x6e\x69\x72\
\x20\x61\x6e\x64\x20\x63\x72\x65\x61\x74\x65\x64\x20\x74\x68\x65\
\x20\x41\x76\x65\x6e\x69\x72\x20\x4e\x65\x78\x74\x20\x66\x6f\x72\
\x20\x74\x68\x65\x20\x50\x6c\x61\x74\x69\x6e\x75\x6d\x20\x43\x6f\
\x6c\x6c\x65\x63\x74\x69\x6f\x6e\x2e\x20\x49\x74\x20\x69\x6e\x63\
\x6c\x75\x64\x65\x73\x20\x6e\x65\x77\x20\x73\x6d\x61\x6c\x6c\x20\
\x63\x61\x70\x73\x2c\x20\x6e\x65\x77\x6c\x79\x20\x64\x65\x73\x69\
\x67\x6e\x65\x64\x20\x74\x72\x75\x65\x20\x69\x74\x61\x6c\x69\x63\
\x73\x2c\x20\x61\x6e\x64\x20\x61\x20\x63\x6f\x6d\x70\x6c\x65\x74\
\x65\x20\x6e\x65\x77\x20\x72\x61\x6e\x67\x65\x20\x6f\x66\x20\x63\
\x6f\x6e\x64\x65\x6e\x73\x65\x64\x20\x77\x65\x69\x67\x68\x74\x73\
\x2e\x20\x41\x76\x65\x6e\x69\x72\x20\x4e\x65\x78\x74\x20\x69\x73\
\x20\x61\x20\x76\x65\x72\x73\x61\x74\x69\x6c\x65\x20\x73\x61\x6e\
\x73\x20\x73\x65\x72\x69\x66\x20\x66\x61\x6d\x69\x6c\x79\x2c\x20\
\x72\x65\x61\x64\x79\x20\x66\x6f\x72\x20\x6c\x61\x72\x67\x65\x20\
\x61\x6e\x64\x20\x63\x6f\x6d\x70\x6c\x65\x78\x20\x70\x72\x6f\x6a\
\x65\x63\x74\x73\x20\x66\x72\x6f\x6d\x20\x62\x6f\x6f\x6b\x73\x20\
\x74\x6f\x20\x73\x69\x67\x6e\x61\x67\x65\x20\x74\x6f\x20\x61\x64\
\x76\x65\x72\x74\x69\x73\x69\x6e\x67\x2e\x00\x00\x68\x00\x74\x00\
\x74\x00\x70\x00\x3a\x00\x2f\x00\x2f\x00\x77\x00\x77\x00\x77\x00\
\x2e\x00\x6c\x00\x69\x00\x6e\x00\x6f\x00\x74\x00\x79\x00\x70\x00\
\x65\x00\x2e\x00\x63\x00\x6f\x00\x6d\x00\x00\x68\x74\x74\x70\x3a\
\x2f\x2f\x77\x77\x77\x2e\x6c\x69\x6e\x6f\x74\x79\x70\x65\x2e\x63\
\x6f\x6d\x00\x00\x68\x00\x74\x00\x74\x00\x70\x00\x3a\x00\x2f\x00\
\x2f\x00\x77\x00\x77\x00\x77\x00\x2e\x00\x6c\x00\x69\x00\x6e\x00\
\x6f\x00\x74\x00\x79\x00\x70\x00\x65\x00\x2e\x00\x63\x00\x6f\x00\
\x6d\x00\x2f\x00\x66\x00\x6f\x00\x6e\x00\x74\x00\x64\x00\x65\x00\
\x73\x00\x69\x00\x67\x00\x6e\x00\x65\x00\x72\x00\x73\x00\x00\x68\
\x74\x74\x70\x3a\x2f\x2f\x77\x77\x77\x2e\x6c\x69\x6e\x6f\x74\x79\
\x70\x65\x2e\x63\x6f\x6d\x2f\x66\x6f\x6e\x74\x64\x65\x73\x69\x67\
\x6e\x65\x72\x73\x00\x00\x4e\x00\x4f\x00\x54\x00\x49\x00\x46\x00\
\x49\x00\x43\x00\x41\x00\x54\x00\x49\x00\x4f\x00\x4e\x00\x20\x00\
\x4f\x00\x46\x00\x20\x00\x4c\x00\x49\x00\x43\x00\x45\x00\x4e\x00\
\x53\x00\x45\x00\x20\x00\x41\x00\x47\x00\x52\x00\x45\x00\x45\x00\
\x4d\x00\x45\x00\x4e\x00\x54\x00\x0d\x00\x0a\x00\x0d\x00\x0a\x00\
\x59\x00\x6f\x00\x75\x00\x20\x00\x68\x00\x61\x00\x76\x00\x65\x00\
\x20\x00\x6f\x00\x62\x00\x74\x00\x61\x00\x69\x00\x6e\x00\x65\x00\
\x64\x00\x20\x00\x74\x00\x68\x00\x69\x00\x73\x00\x20\x00\x66\x00\
\x6f\x00\x6e\x00\x74\x00\x20\x00\x73\x00\x6f\x00\x66\x00\x74\x00\
\x77\x00\x61\x00\x72\x00\x65\x00\x20\x00\x65\x00\x69\x00\x74\x00\
\x68\x00\x65\x00\x72\x00\x20\x00\x64\x00\x69\x00\x72\x00\x65\x00\
\x63\x00\x74\x00\x6c\x00\x79\x00\x20\x00\x66\x00\x72\x00\x6f\x00\
\x6d\x00\x20\x00\x4c\x00\x69\x00\x6e\x00\x6f\x00\x74\x00\x79\x00\
\x70\x00\x65\x00\x20\x00\x47\x00\x6d\x00\x62\x00\x48\x00\x20\x00\
\x6f\x00\x72\x00\x20\x00\x74\x00\x6f\x00\x67\x00\x65\x00\x74\x00\
\x68\x00\x65\x00\x72\x00\x20\x00\x77\x00\x69\x00\x74\x00\x68\x00\
\x20\x00\x73\x00\x6f\x00\x66\x00\x74\x00\x77\x00\x61\x00\x72\x00\
\x65\x00\x20\x00\x64\x00\x69\x00\x73\x00\x74\x00\x72\x00\x69\x00\
\x62\x00\x75\x00\x74\x00\x65\x00\x64\x00\x20\x00\x62\x00\x79\x00\
\x20\x00\x6f\x00\x6e\x00\x65\x00\x20\x00\x6f\x00\x66\x00\x20\x00\
\x4c\x00\x69\x00\x6e\x00\x6f\x00\x74\x00\x79\x00\x70\x00\x65\x00\
\x27\x00\x73\x00\x20\x00\x6c\x00\x69\x00\x63\x00\x65\x00\x6e\x00\
\x73\x00\x65\x00\x65\x00\x73\x00\x2e\x00\x0d\x00\x0a\x00\x0d\x00\
\x0a\x00\x54\x00\x68\x00\x69\x00\x73\x00\x20\x00\x66\x00\x6f\x00\
\x6e\x00\x74\x00\x20\x00\x73\x00\x6f\x00\x66\x00\x74\x00\x77\x00\
\x61\x00\x72\x00\x65\x00\x20\x00\x69\x00\x73\x00\x20\x00\x61\x00\
\x20\x00\x76\x00\x61\x00\x6c\x00\x75\x00\x61\x00\x62\x00\x6c\x00\
\x65\x00\x20\x00\x61\x00\x73\x00\x73\x00\x65\x00\x74\x00\x20\x00\
\x6f\x00\x66\x00\x20\x00\x4c\x00\x69\x00\x6e\x00\x6f\x00\x74\x00\
\x79\x00\x70\x00\x65\x00\x20\x00\x47\x00\x6d\x00\x62\x00\x48\x00\
\x2e\x00\x20\x00\x55\x00\x6e\x00\x6c\x00\x65\x00\x73\x00\x73\x00\
\x20\x00\x79\x00\x6f\x00\x75\x00\x20\x00\x68\x00\x61\x00\x76\x00\
\x65\x00\x20\x00\x65\x00\x6e\x00\x74\x00\x65\x00\x72\x00\x65\x00\
\x64\x00\x20\x00\x69\x00\x6e\x00\x74\x00\x6f\x00\x20\x00\x61\x00\
\x20\x00\x73\x00\x70\x00\x65\x00\x63\x00\x69\x00\x66\x00\x69\x00\
\x63\x00\x20\x00\x6c\x00\x69\x00\x63\x00\x65\x00\x6e\x00\x73\x00\
\x65\x00\x20\x00\x61\x00\x67\x00\x72\x00\x65\x00\x65\x00\x6d\x00\
\x65\x00\x6e\x00\x74\x00\x20\x00\x67\x00\x72\x00\x61\x00\x6e\x00\
\x74\x00\x69\x00\x6e\x00\x67\x00\x20\x00\x79\x00\x6f\x00\x75\x00\
\x20\x00\x61\x00\x64\x00\x64\x00\x69\x00\x74\x00\x69\x00\x6f\x00\
\x6e\x00\x61\x00\x6c\x00\x20\x00\x72\x00\x69\x00\x67\x00\x68\x00\
\x74\x00\x73\x00\x2c\x00\x20\x00\x79\x00\x6f\x00\x75\x00\x72\x00\
\x20\x00\x75\x00\x73\x00\x65\x00\x20\x00\x6f\x00\x66\x00\x20\x00\
\x74\x00\x68\x00\x69\x00\x73\x00\x20\x00\x66\x00\x6f\x00\x6e\x00\
\x74\x00\x20\x00\x73\x00\x6f\x00\x66\x00\x74\x00\x77\x00\x61\x00\
\x72\x00\x65\x00\x20\x00\x69\x00\x73\x00\x20\x00\x6c\x00\x69\x00\
\x6d\x00\x69\x00\x74\x00\x65\x00\x64\x00\x20\x00\x74\x00\x6f\x00\
\x20\x00\x79\x00\x6f\x00\x75\x00\x72\x00\x20\x00\x77\x00\x6f\x00\
\x72\x00\x6b\x00\x73\x00\x74\x00\x61\x00\x74\x00\x69\x00\x6f\x00\
\x6e\x00\x20\x00\x66\x00\x6f\x00\x72\x00\x20\x00\x79\x00\x6f\x00\
\x75\x00\x72\x00\x20\x00\x6f\x00\x77\x00\x6e\x00\x20\x00\x75\x00\
\x73\x00\x65\x00\x2e\x00\x20\x00\x59\x00\x6f\x00\x75\x00\x20\x00\
\x6d\x00\x61\x00\x79\x00\x20\x00\x6e\x00\x6f\x00\x74\x00\x20\x00\
\x63\x00\x6f\x00\x70\x00\x79\x00\x20\x00\x6f\x00\x72\x00\x20\x00\
\x64\x00\x69\x00\x73\x00\x74\x00\x72\x00\x69\x00\x62\x00\x75\x00\
\x74\x00\x65\x00\x20\x00\x74\x00\x68\x00\x69\x00\x73\x00\x20\x00\
\x66\x00\x6f\x00\x6e\x00\x74\x00\x20\x00\x73\x00\x6f\x00\x66\x00\
\x74\x00\x77\x00\x61\x00\x72\x00\x65\x00\x2e\x00\x20\x00\x49\x00\
\x66\x00\x20\x00\x79\x00\x6f\x00\x75\x00\x20\x00\x68\x00\x61\x00\
\x76\x00\x65\x00\x20\x00\x61\x00\x6e\x00\x79\x00\x20\x00\x71\x00\
\x75\x00\x65\x00\x73\x00\x74\x00\x69\x00\x6f\x00\x6e\x00\x73\x00\
\x20\x00\x72\x00\x65\x00\x67\x00\x61\x00\x72\x00\x64\x00\x69\x00\
\x6e\x00\x67\x00\x20\x00\x79\x00\x6f\x00\x75\x00\x72\x00\x20\x00\
\x6c\x00\x69\x00\x63\x00\x65\x00\x6e\x00\x73\x00\x65\x00\x20\x00\
\x74\x00\x65\x00\x72\x00\x6d\x00\x73\x00\x2c\x00\x20\x00\x70\x00\
\x6c\x00\x65\x00\x61\x00\x73\x00\x65\x00\x20\x00\x72\x00\x65\x00\
\x76\x00\x69\x00\x65\x00\x77\x00\x20\x00\x74\x00\x68\x00\x65\x00\
\x20\x00\x6c\x00\x69\x00\x63\x00\x65\x00\x6e\x00\x73\x00\x65\x00\
\x20\x00\x61\x00\x67\x00\x72\x00\x65\x00\x65\x00\x6d\x00\x65\x00\
\x6e\x00\x74\x00\x20\x00\x79\x00\x6f\x00\x75\x00\x20\x00\x72\x00\
\x65\x00\x63\x00\x65\x00\x69\x00\x76\x00\x65\x00\x64\x00\x20\x00\
\x77\x00\x69\x00\x74\x00\x68\x00\x20\x00\x74\x00\x68\x00\x65\x00\
\x20\x00\x73\x00\x6f\x00\x66\x00\x74\x00\x77\x00\x61\x00\x72\x00\
\x65\x00\x2e\x00\x0d\x00\x0a\x00\x0d\x00\x0a\x00\x47\x00\x65\x00\
\x6e\x00\x65\x00\x72\x00\x61\x00\x6c\x00\x20\x00\x6c\x00\x69\x00\
\x63\x00\x65\x00\x6e\x00\x73\x00\x65\x00\x20\x00\x74\x00\x65\x00\
\x72\x00\x6d\x00\x73\x00\x20\x00\x61\x00\x6e\x00\x64\x00\x20\x00\
\x75\x00\x73\x00\x61\x00\x67\x00\x65\x00\x20\x00\x72\x00\x69\x00\
\x67\x00\x68\x00\x74\x00\x73\x00\x20\x00\x63\x00\x61\x00\x6e\x00\
\x20\x00\x62\x00\x65\x00\x20\x00\x76\x00\x69\x00\x65\x00\x77\x00\
\x65\x00\x64\x00\x20\x00\x61\x00\x74\x00\x20\x00\x77\x00\x77\x00\
\x77\x00\x2e\x00\x6c\x00\x69\x00\x6e\x00\x6f\x00\x74\x00\x79\x00\
\x70\x00\x65\x00\x2e\x00\x63\x00\x6f\x00\x6d\x00\x2f\x00\x6c\x00\
\x69\x00\x63\x00\x65\x00\x6e\x00\x73\x00\x65\x00\x2e\x00\x0d\x00\
\x0a\x00\x0d\x00\x0a\x00\x47\x00\x65\x00\x6e\x00\x65\x00\x72\x00\
\x65\x00\x6c\x00\x6c\x00\x65\x00\x20\x00\x4c\x00\x69\x00\x7a\x00\
\x65\x00\x6e\x00\x7a\x00\x62\x00\x65\x00\x64\x00\x69\x00\x6e\x00\
\x67\x00\x75\x00\x6e\x00\x67\x00\x65\x00\x6e\x00\x20\x00\x75\x00\
\x6e\x00\x64\x00\x20\x00\x4e\x00\x75\x00\x74\x00\x7a\x00\x75\x00\
\x6e\x00\x67\x00\x73\x00\x72\x00\x65\x00\x63\x00\x68\x00\x74\x00\
\x65\x00\x20\x00\x66\x00\x69\x00\x6e\x00\x64\x00\x65\x00\x6e\x00\
\x20\x00\x53\x00\x69\x00\x65\x00\x20\x00\x75\x00\x6e\x00\x74\x00\
\x65\x00\x72\x00\x20\x00\x77\x00\x77\x00\x77\x00\x2e\x00\x6c\x00\
\x69\x00\x6e\x00\x6f\x00\x74\x00\x79\x00\x70\x00\x65\x00\x2e\x00\
\x63\x00\x6f\x00\x6d\x00\x2f\x00\x6c\x00\x69\x00\x63\x00\x65\x00\
\x6e\x00\x73\x00\x65\x00\x2e\x00\x0d\x00\x0a\x00\x0d\x00\x0a\x00\
\x50\x00\x6f\x00\x75\x00\x72\x00\x20\x00\x70\x00\x6c\x00\x75\x00\
\x73\x00\x20\x00\x64\x00\x27\x00\x69\x00\x6e\x00\x66\x00\x6f\x00\
\x72\x00\x6d\x00\x61\x00\x74\x00\x69\x00\x6f\x00\x6e\x00\x73\x00\
\x20\x00\x63\x00\x6f\x00\x6e\x00\x63\x00\x65\x00\x72\x00\x6e\x00\
\x61\x00\x6e\x00\x74\x00\x20\x00\x6c\x00\x65\x00\x20\x00\x63\x00\
\x6f\x00\x6e\x00\x74\x00\x72\x00\x61\x00\x74\x00\x20\x00\x64\x00\
\x27\x00\x75\x00\x74\x00\x69\x00\x6c\x00\x69\x00\x73\x00\x61\x00\
\x74\x00\x69\x00\x6f\x00\x6e\x00\x20\x00\x64\x00\x75\x00\x20\x00\
\x6c\x00\x6f\x00\x67\x00\x69\x00\x63\x00\x69\x00\x65\x00\x6c\x00\
\x20\x00\x64\x00\x65\x00\x20\x00\x70\x00\x6f\x00\x6c\x00\x69\x00\
\x63\x00\x65\x00\x73\x00\x2c\x00\x20\x00\x76\x00\x65\x00\x75\x00\
\x69\x00\x6c\x00\x6c\x00\x65\x00\x7a\x00\x20\x00\x63\x00\x6f\x00\
\x6e\x00\x73\x00\x75\x00\x6c\x00\x74\x00\x65\x00\x72\x00\x20\x00\
\x6e\x00\x6f\x00\x74\x00\x72\x00\x65\x00\x20\x00\x73\x00\x69\x00\
\x74\x00\x65\x00\x20\x00\x77\x00\x65\x00\x62\x00\x20\x00\x77\x00\
\x77\x00\x77\x00\x2e\x00\x6c\x00\x69\x00\x6e\x00\x6f\x00\x74\x00\
\x79\x00\x70\x00\x65\x00\x2e\x00\x63\x00\x6f\x00\x6d\x00\x2f\x00\
\x6c\x00\x69\x00\x63\x00\x65\x00\x6e\x00\x73\x00\x65\x00\x2e\x00\
\x0d\x00\x0a\x00\x0d\x00\x0a\x00\x4c\x00\x69\x00\x6e\x00\x6f\x00\
\x74\x00\x79\x00\x70\x00\x65\x00\x20\x00\x47\x00\x6d\x00\x62\x00\
\x48\x00\x20\x00\x63\x00\x61\x00\x6e\x00\x20\x00\x62\x00\x65\x00\
\x20\x00\x63\x00\x6f\x00\x6e\x00\x74\x00\x61\x00\x63\x00\x74\x00\
\x65\x00\x64\x00\x20\x00\x61\x00\x74\x00\x3a\x00\x0d\x00\x0a\x00\
\x0d\x00\x0a\x00\x54\x00\x65\x00\x6c\x00\x2e\x00\x3a\x00\x20\x00\
\x2b\x00\x34\x00\x39\x00\x28\x00\x30\x00\x29\x00\x36\x00\x31\x00\
\x37\x00\x32\x00\x20\x00\x34\x00\x38\x00\x34\x00\x2d\x00\x34\x00\
\x31\x00\x38\x00\x00\x4e\x4f\x54\x49\x46\x49\x43\x41\x54\x49\x4f\
\x4e\x20\x4f\x46\x20\x4c\x49\x43\x45\x4e\x53\x45\x20\x41\x47\x52\
\x45\x45\x4d\x45\x4e\x54\x0d\x0a\x0d\x0a\x59\x6f\x75\x20\x68\x61\
\x76\x65\x20\x6f\x62\x74\x61\x69\x6e\x65\x64\x20\x74\x68\x69\x73\
\x20\x66\x6f\x6e\x74\x20\x73\x6f\x66\x74\x77\x61\x72\x65\x20\x65\
\x69\x74\x68\x65\x72\x20\x64\x69\x72\x65\x63\x74\x6c\x79\x20\x66\
\x72\x6f\x6d\x20\x4c\x69\x6e\x6f\x74\x79\x70\x65\x20\x47\x6d\x62\
\x48\x20\x6f\x72\x20\x74\x6f\x67\x65\x74\x68\x65\x72\x20\x77\x69\
\x74\x68\x20\x73\x6f\x66\x74\x77\x61\x72\x65\x20\x64\x69\x73\x74\
\x72\x69\x62\x75\x74\x65\x64\x20\x62\x79\x20\x6f\x6e\x65\x20\x6f\
\x66\x20\x4c\x69\x6e\x6f\x74\x79\x70\x65\x27\x73\x20\x6c\x69\x63\
\x65\x6e\x73\x65\x65\x73\x2e\x0d\x0a\x0d\x0a\x54\x68\x69\x73\x20\
\x66\x6f\x6e\x74\x20\x73\x6f\x66\x74\x77\x61\x72\x65\x20\x69\x73\
\x20\x61\x20\x76\x61\x6c\x75\x61\x62\x6c\x65\x20\x61\x73\x73\x65\
\x74\x20\x6f\x66\x20\x4c\x69\x6e\x6f\x74\x79\x70\x65\x20\x47\x6d\
\x62\x48\x2e\x20\x55\x6e\x6c\x65\x73\x73\x20\x79\x6f\x75\x20\x68\
\x61\x76\x65\x20\x65\x6e\x74\x65\x72\x65\x64\x20\x69\x6e\x74\x6f\
\x20\x61\x20\x73\x70\x65\x63\x69\x66\x69\x63\x20\x6c\x69\x63\x65\
\x6e\x73\x65\x20\x61\x67\x72\x65\x65\x6d\x65\x6e\x74\x20\x67\x72\
\x61\x6e\x74\x69\x6e\x67\x20\x79\x6f\x75\x20\x61\x64\x64\x69\x74\
\x69\x6f\x6e\x61\x6c\x20\x72\x69\x67\x68\x74\x73\x2c\x20\x79\x6f\
\x75\x72\x20\x75\x73\x65\x20\x6f\x66\x20\x74\x68\x69\x73\x20\x66\
\x6f\x6e\x74\x20\x73\x6f\x66\x74\x77\x61\x72\x65\x20\x69\x73\x20\
\x6c\x69\x6d\x69\x74\x65\x64\x20\x74\x6f\x20\x79\x6f\x75\x72\x20\
\x77\x6f\x72\x6b\x73\x74\x61\x74\x69\x6f\x6e\x20\x66\x6f\x72\x20\
\x79\x6f\x75\x72\x20\x6f\x77\x6e\x20\x75\x73\x65\x2e\x20\x59\x6f\
\x75\x20\x6d\x61\x79\x20\x6e\x6f\x74\x20\x63\x6f\x70\x79\x20\x6f\
\x72\x20\x64\x69\x73\x74\x72\x69\x62\x75\x74\x65\x20\x74\x68\x69\
\x73\x20\x66\x6f\x6e\x74\x20\x73\x6f\x66\x74\x77\x61\x72\x65\x2e\
\x20\x49\x66\x20\x79\x6f\x75\x20\x68\x61\x76\x65\x20\x61\x6e\x79\
\x20\x71\x75\x65\x73\x74\x69\x6f\x6e\x73\x20\x72\x65\x67\x61\x72\
\x64\x69\x6e\x67\x20\x79\x6f\x75\x72\x20\x6c\x69\x63\x65\x6e\x73\
\x65\x20\x74\x65\x72\x6d\x73\x2c\x20\x70\x6c\x65\x61\x73\x65\x20\
\x72\x65\x76\x69\x65\x77\x20\x74\x68\x65\x20\x6c\x69\x63\x65\x6e\
\x73\x65\x20\x61\x67\x72\x65\x65\x6d\x65\x6e\x74\x20\x79\x6f\x75\
\x20\x72\x65\x63\x65\x69\x76\x65\x64\x20\x77\x69\x74\x68\x20\x74\
\x68\x65\x20\x73\x6f\x66\x74\x77\x61\x72\x65\x2e\x0d\x0a\x0d\x0a\
\x47\x65\x6e\x65\x72\x61\x6c\x20\x6c\x69\x63\x65\x6e\x73\x65\x20\
\x74\x65\x72\x6d\x73\x20\x61\x6e\x64\x20\x75\x73\x61\x67\x65\x20\
\x72\x69\x67\x68\x74\x73\x20\x63\x61\x6e\x20\x62\x65\x20\x76\x69\
\x65\x77\x65\x64\x20\x61\x74\x20\x77\x77\x77\x2e\x6c\x69\x6e\x6f\
\x74\x79\x70\x65\x2e\x63\x6f\x6d\x2f\x6c\x69\x63\x65\x6e\x73\x65\
\x2e\x0d\x0a\x0d\x0a\x47\x65\x6e\x65\x72\x65\x6c\x6c\x65\x20\x4c\
\x69\x7a\x65\x6e\x7a\x62\x65\x64\x69\x6e\x67\x75\x6e\x67\x65\x6e\
\x20\x75\x6e\x64\x20\x4e\x75\x74\x7a\x75\x6e\x67\x73\x72\x65\x63\
\x68\x74\x65\x20\x66\x69\x6e\x64\x65\x6e\x20\x53\x69\x65\x20\x75\
\x6e\x74\x65\x72\x20\x77\x77\x77\x2e\x6c\x69\x6e\x6f\x74\x79\x70\
\x65\x2e\x63\x6f\x6d\x2f\x6c\x69\x63\x65\x6e\x73\x65\x2e\x0d\x0a\
\x0d\x0a\x50\x6f\x75\x72\x20\x70\x6c\x75\x73\x20\x64\x27\x69\x6e\
\x66\x6f\x72\x6d\x61\x74\x69\x6f\x6e\x73\x20\x63\x6f\x6e\x63\x65\
\x72\x6e\x61\x6e\x74\x20\x6c\x65\x20\x63\x6f\x6e\x74\x72\x61\x74\
\x20\x64\x27\x75\x74\x69\x6c\x69\x73\x61\x74\x69\x6f\x6e\x20\x64\
\x75\x20\x6c\x6f\x67\x69\x63\x69\x65\x6c\x20\x64\x65\x20\x70\x6f\
\x6c\x69\x63\x65\x73\x2c\x20\x76\x65\x75\x69\x6c\x6c\x65\x7a\x20\
\x63\x6f\x6e\x73\x75\x6c\x74\x65\x72\x20\x6e\x6f\x74\x72\x65\x20\
\x73\x69\x74\x65\x20\x77\x65\x62\x20\x77\x77\x77\x2e\x6c\x69\x6e\
\x6f\x74\x79\x70\x65\x2e\x63\x6f\x6d\x2f\x6c\x69\x63\x65\x6e\x73\
\x65\x2e\x0d\x0a\x0d\x0a\x4c\x69\x6e\x6f\x74\x79\x70\x65\x20\x47\
\x6d\x62\x48\x20\x63\x61\x6e\x20\x62\x65\x20\x63\x6f\x6e\x74\x61\
\x63\x74\x65\x64\x20\x61\x74\x3a\x0d\x0a\x0d\x0a\x54\x65\x6c\x2e\
\x3a\x20\x2b\x34\x39\x28\x30\x29\x36\x31\x37\x32\x20\x34\x38\x34\
\x2d\x34\x31\x38\x00\x00\x68\x00\x74\x00\x74\x00\x70\x00\x3a\x00\
\x2f\x00\x2f\x00\x77\x00\x77\x00\x77\x00\x2e\x00\x6c\x00\x69\x00\
\x6e\x00\x6f\x00\x74\x00\x79\x00\x70\x00\x65\x00\x2e\x00\x63\x00\
\x6f\x00\x6d\x00\x2f\x00\x6c\x00\x69\x00\x63\x00\x65\x00\x6e\x00\
\x73\x00\x65\x00\x00\x68\x74\x74\x70\x3a\x2f\x2f\x77\x77\x77\x2e\
\x6c\x69\x6e\x6f\x74\x79\x70\x65\x2e\x63\x6f\x6d\x2f\x6c\x69\x63\
\x65\x6e\x73\x65\x00\x00\x41\x00\x76\x00\x65\x00\x6e\x00\x69\x00\
\x72\x00\x20\x00\x4e\x00\x65\x00\x78\x00\x74\x00\x20\x00\x43\x00\
\x79\x00\x72\x00\x00\x41\x76\x65\x6e\x69\x72\x20\x4e\x65\x78\x74\
\x20\x43\x79\x72\x00\x00\x00\x00\x02\x00\x00\x00\x00\x00\x00\xff\
\x51\x00\x32\x00\x00\x00\x00\x00\x00\x00\x00\x00\x00\x00\x00\x00\
\x00\x00\x00\x00\x00\x00\x00\x02\xdb\x00\x00\x00\x01\x00\x02\x01\
\x02\x00\x03\x00\x04\x00\x05\x00\x06\x00\x07\x00\x08\x00\x09\x00\
\x0a\x00\x0b\x00\x0c\x00\x0d\x00\x0e\x00\x0f\x00\x10\x00\x11\x00\
\x12\x00\x13\x00\x14\x00\x15\x00\x16\x00\x17\x00\x18\x00\x19\x00\
\x1a\x00\x1b\x00\x1c\x00\x1d\x00\x1e\x00\x1f\x00\x20\x00\x21\x00\
\x22\x00\x23\x00\x24\x00\x25\x00\x26\x00\x27\x00\x28\x00\x29\x00\
\x2a\x00\x2b\x00\x2c\x00\x2d\x00\x2e\x00\x2f\x00\x30\x00\x31\x00\
\x32\x00\x33\x00\x34\x00\x35\x00\x36\x00\x37\x00\x38\x00\x39\x00\
\x3a\x00\x3b\x00\x3c\x00\x3d\x00\x3e\x00\x3f\x00\x40\x00\x41\x00\
\x42\x00\x43\x00\x44\x00\x45\x00\x46\x00\x47\x00\x48\x00\x49\x00\
\x4a\x00\x4b\x00\x4c\x00\x4d\x00\x4e\x00\x4f\x00\x50\x00\x51\x00\
\x52\x00\x53\x00\x54\x00\x55\x00\x56\x00\x57\x00\x58\x00\x59\x00\
\x5a\x00\x5b\x00\x5c\x00\x5d\x00\x5e\x00\x5f\x00\x60\x00\x61\x01\
\x03\x00\xa3\x00\x84\x00\x85\x00\xbd\x00\x96\x00\xe8\x00\x86\x00\
\x8e\x00\x8b\x00\x9d\x00\xa9\x00\xa4\x01\x04\x00\x8a\x00\xda\x00\
\x83\x00\x93\x00\xf2\x00\xf3\x00\x8d\x00\x97\x00\x88\x00\xc3\x00\
\xde\x00\xf1\x00\x9e\x00\xaa\x00\xf5\x00\xf4\x00\xf6\x00\xa2\x00\
\xad\x00\xc9\x00\xc7\x00\xae\x00\x62\x00\x63\x00\x90\x00\x64\x00\
\xcb\x00\x65\x00\xc8\x00\xca\x00\xcf\x00\xcc\x00\xcd\x00\xce\x00\
\xe9\x00\x66\x00\xd3\x00\xd0\x00\xd1\x00\xaf\x00\x67\x00\xf0\x00\
\x91\x00\xd6\x00\xd4\x00\xd5\x00\x68\x00\xeb\x00\xed\x00\x89\x00\
\x6a\x00\x69\x00\x6b\x00\x6d\x00\x6c\x00\x6e\x00\xa0\x00\x6f\x00\
\x71\x00\x70\x00\x72\x00\x73\x00\x75\x00\x74\x00\x76\x00\x77\x00\
\xea\x00\x78\x00\x7a\x00\x79\x00\x7b\x00\x7d\x00\x7c\x00\xb8\x00\
\xa1\x00\x7f\x00\x7e\x00\x80\x00\x81\x00\xec\x00\xee\x00\xba\x01\
\x05\x01\x06\x01\x07\x01\x08\x01\x09\x01\x0a\x00\xfd\x00\xfe\x01\
\x0b\x01\x0c\x01\x0d\x01\x0e\x00\xff\x01\x00\x01\x0f\x01\x10\x01\
\x11\x01\x01\x01\x12\x01\x13\x01\x14\x01\x15\x01\x16\x01\x17\x01\
\x18\x01\x19\x01\x1a\x01\x1b\x01\x1c\x01\x1d\x00\xf8\x00\xf9\x01\
\x1e\x01\x1f\x01\x20\x01\x21\x01\x22\x01\x23\x01\x24\x01\x25\x01\
\x26\x01\x27\x01\x28\x01\x29\x01\x2a\x01\x2b\x01\x2c\x01\x2d\x00\
\xfa\x00\xd7\x01\x2e\x01\x2f\x01\x30\x01\x31\x01\x32\x01\x33\x01\
\x34\x01\x35\x01\x36\x01\x37\x01\x38\x01\x39\x01\x3a\x01\x3b\x01\
\x3c\x00\xe2\x00\xe3\x01\x3d\x01\x3e\x01\x3f\x01\x40\x01\x41\x01\
\x42\x01\x43\x01\x44\x01\x45\x01\x46\x01\x47\x01\x48\x01\x49\x01\
\x4a\x01\x4b\x00\xb0\x00\xb1\x01\x4c\x01\x4d\x01\x4e\x01\x4f\x01\
\x50\x01\x51\x01\x52\x01\x53\x01\x54\x01\x55\x00\xfb\x00\xfc\x00\
\xe4\x00\xe5\x01\x56\x01\x57\x01\x58\x01\x59\x01\x5a\x01\x5b\x01\
\x5c\x01\x5d\x01\x5e\x01\x5f\x01\x60\x01\x61\x01\x62\x01\x63\x01\
\x64\x01\x65\x01\x66\x01\x67\x01\x68\x01\x69\x01\x6a\x01\x6b\x00\
\xbb\x01\x6c\x01\x6d\x01\x6e\x01\x6f\x00\xe6\x00\xe7\x00\xa6\x01\
\x70\x01\x71\x01\x72\x01\x73\x01\x74\x00\xd8\x00\xe1\x01\x75\x00\
\xdb\x00\xdc\x00\xdd\x00\xe0\x00\xd9\x00\xdf\x01\x76\x01\x77\x01\
\x78\x00\x9b\x01\x79\x01\x7a\x01\x7b\x01\x7c\x01\x7d\x01\x7e\x01\
\x7f\x01\x80\x01\x81\x01\x82\x01\x83\x01\x84\x01\x85\x01\x86\x01\
\x87\x01\x88\x01\x89\x01\x8a\x01\x8b\x01\x8c\x01\x8d\x01\x8e\x01\
\x8f\x01\x90\x01\x91\x01\x92\x01\x93\x01\x94\x01\x95\x01\x96\x01\
\x97\x01\x98\x01\x99\x01\x9a\x01\x9b\x01\x9c\x01\x9d\x01\x9e\x01\
\x9f\x01\xa0\x01\xa1\x01\xa2\x01\xa3\x01\xa4\x01\xa5\x01\xa6\x01\
\xa7\x01\xa8\x01\xa9\x01\xaa\x01\xab\x01\xac\x01\xad\x01\xae\x01\
\xaf\x01\xb0\x01\xb1\x01\xb2\x01\xb3\x01\xb4\x01\xb5\x01\xb6\x01\
\xb7\x01\xb8\x01\xb9\x01\xba\x01\xbb\x01\xbc\x01\xbd\x01\xbe\x01\
\xbf\x01\xc0\x01\xc1\x01\xc2\x01\xc3\x01\xc4\x01\xc5\x01\xc6\x01\
\xc7\x01\xc8\x01\xc9\x01\xca\x01\xcb\x01\xcc\x01\xcd\x01\xce\x01\
\xcf\x01\xd0\x01\xd1\x01\xd2\x01\xd3\x01\xd4\x01\xd5\x01\xd6\x01\
\xd7\x01\xd8\x01\xd9\x01\xda\x01\xdb\x01\xdc\x01\xdd\x01\xde\x01\
\xdf\x01\xe0\x01\xe1\x01\xe2\x01\xe3\x00\xb2\x00\xb3\x00\xb6\x00\
\xb7\x00\xc4\x00\xb4\x00\xb5\x00\xc5\x00\x82\x00\xc2\x00\x87\x00\
\xab\x00\xc6\x00\xbe\x00\xbf\x01\xe4\x00\xbc\x01\xe5\x01\xe6\x01\
\xe7\x01\xe8\x01\xe9\x01\xea\x01\xeb\x01\xec\x01\xed\x01\xee\x01\
\xef\x01\xf0\x01\xf1\x01\xf2\x01\xf3\x01\xf4\x01\xf5\x01\xf6\x01\
\xf7\x01\xf8\x01\xf9\x01\xfa\x00\x8c\x00\x9f\x01\xfb\x00\x98\x00\
\xa8\x00\x9a\x00\x99\x00\xef\x01\xfc\x01\xfd\x00\xa5\x00\x92\x00\
\x9c\x00\xa7\x00\x8f\x00\x94\x00\x95\x00\xb9\x01\xfe\x01\xff\x02\
\x00\x02\x01\x00\xc0\x00\xc1\x02\x02\x02\x03\x02\x04\x02\x05\x02\
\x06\x02\x07\x02\x08\x02\x09\x02\x0a\x02\x0b\x02\x0c\x02\x0d\x02\
\x0e\x02\x0f\x02\x10\x02\x11\x02\x12\x02\x13\x02\x14\x02\x15\x02\
\x16\x02\x17\x02\x18\x02\x19\x02\x1a\x02\x1b\x02\x1c\x02\x1d\x02\
\x1e\x02\x1f\x02\x20\x02\x21\x02\x22\x02\x23\x02\x24\x02\x25\x02\
\x26\x02\x27\x02\x28\x02\x29\x02\x2a\x02\x2b\x02\x2c\x02\x2d\x02\
\x2e\x02\x2f\x02\x30\x02\x31\x02\x32\x02\x33\x02\x34\x02\x35\x02\
\x36\x02\x37\x02\x38\x02\x39\x02\x3a\x02\x3b\x02\x3c\x02\x3d\x02\
\x3e\x02\x3f\x02\x40\x02\x41\x02\x42\x02\x43\x02\x44\x02\x45\x02\
\x46\x02\x47\x02\x48\x02\x49\x02\x4a\x02\x4b\x02\x4c\x02\x4d\x02\
\x4e\x02\x4f\x02\x50\x02\x51\x02\x52\x02\x53\x02\x54\x02\x55\x02\
\x56\x02\x57\x02\x58\x02\x59\x02\x5a\x02\x5b\x02\x5c\x02\x5d\x02\
\x5e\x02\x5f\x02\x60\x02\x61\x02\x62\x02\x63\x02\x64\x02\x65\x02\
\x66\x02\x67\x02\x68\x02\x69\x02\x6a\x02\x6b\x02\x6c\x02\x6d\x02\
\x6e\x02\x6f\x02\x70\x02\x71\x02\x72\x02\x73\x02\x74\x02\x75\x02\
\x76\x02\x77\x02\x78\x02\x79\x02\x7a\x02\x7b\x02\x7c\x02\x7d\x02\
\x7e\x02\x7f\x02\x80\x02\x81\x02\x82\x02\x83\x02\x84\x02\x85\x02\
\x86\x02\x87\x02\x88\x02\x89\x02\x8a\x02\x8b\x02\x8c\x02\x8d\x02\
\x8e\x02\x8f\x02\x90\x02\x91\x02\x92\x02\x93\x02\x94\x02\x95\x02\
\x96\x02\x97\x02\x98\x02\x99\x02\x9a\x02\x9b\x02\x9c\x02\x9d\x02\
\x9e\x02\x9f\x02\xa0\x02\xa1\x02\xa2\x02\xa3\x02\xa4\x02\xa5\x02\
\xa6\x02\xa7\x02\xa8\x02\xa9\x02\xaa\x02\xab\x02\xac\x02\xad\x02\
\xae\x02\xaf\x02\xb0\x02\xb1\x02\xb2\x02\xb3\x02\xb4\x02\xb5\x02\
\xb6\x02\xb7\x02\xb8\x02\xb9\x02\xba\x02\xbb\x02\xbc\x02\xbd\x02\
\xbe\x02\xbf\x02\xc0\x02\xc1\x02\xc2\x02\xc3\x02\xc4\x02\xc5\x02\
\xc6\x02\xc7\x02\xc8\x02\xc9\x02\xca\x02\xcb\x02\xcc\x02\xcd\x02\
\xce\x02\xcf\x02\xd0\x02\xd1\x02\xd2\x02\xd3\x02\xd4\x02\xd5\x02\
\xd6\x02\xd7\x02\xd8\x02\xd9\x02\xda\x02\xdb\x02\xdc\x02\xdd\x02\
\x43\x52\x07\x75\x6e\x69\x30\x30\x41\x30\x07\x75\x6e\x69\x30\x30\
\x41\x44\x07\x41\x6d\x61\x63\x72\x6f\x6e\x07\x61\x6d\x61\x63\x72\
\x6f\x6e\x06\x41\x62\x72\x65\x76\x65\x06\x61\x62\x72\x65\x76\x65\
\x07\x41\x6f\x67\x6f\x6e\x65\x6b\x07\x61\x6f\x67\x6f\x6e\x65\x6b\
\x0b\x43\x63\x69\x72\x63\x75\x6d\x66\x6c\x65\x78\x0b\x63\x63\x69\
\x72\x63\x75\x6d\x66\x6c\x65\x78\x0a\x43\x64\x6f\x74\x61\x63\x63\
\x65\x6e\x74\x0a\x63\x64\x6f\x74\x61\x63\x63\x65\x6e\x74\x06\x44\
\x63\x61\x72\x6f\x6e\x06\x64\x63\x61\x72\x6f\x6e\x06\x44\x63\x72\
\x6f\x61\x74\x07\x45\x6d\x61\x63\x72\x6f\x6e\x07\x65\x6d\x61\x63\
\x72\x6f\x6e\x06\x45\x62\x72\x65\x76\x65\x06\x65\x62\x72\x65\x76\
\x65\x0a\x45\x64\x6f\x74\x61\x63\x63\x65\x6e\x74\x0a\x65\x64\x6f\
\x74\x61\x63\x63\x65\x6e\x74\x07\x45\x6f\x67\x6f\x6e\x65\x6b\x07\
\x65\x6f\x67\x6f\x6e\x65\x6b\x06\x45\x63\x61\x72\x6f\x6e\x06\x65\
\x63\x61\x72\x6f\x6e\x0b\x47\x63\x69\x72\x63\x75\x6d\x66\x6c\x65\
\x78\x0b\x67\x63\x69\x72\x63\x75\x6d\x66\x6c\x65\x78\x0a\x47\x64\
\x6f\x74\x61\x63\x63\x65\x6e\x74\x0a\x67\x64\x6f\x74\x61\x63\x63\
\x65\x6e\x74\x0c\x47\x63\x6f\x6d\x6d\x61\x61\x63\x63\x65\x6e\x74\
\x0c\x67\x63\x6f\x6d\x6d\x61\x61\x63\x63\x65\x6e\x74\x0b\x48\x63\
\x69\x72\x63\x75\x6d\x66\x6c\x65\x78\x0b\x68\x63\x69\x72\x63\x75\
\x6d\x66\x6c\x65\x78\x04\x48\x62\x61\x72\x04\x68\x62\x61\x72\x06\
\x49\x74\x69\x6c\x64\x65\x06\x69\x74\x69\x6c\x64\x65\x07\x49\x6d\
\x61\x63\x72\x6f\x6e\x07\x69\x6d\x61\x63\x72\x6f\x6e\x06\x49\x62\
\x72\x65\x76\x65\x06\x69\x62\x72\x65\x76\x65\x07\x49\x6f\x67\x6f\
\x6e\x65\x6b\x07\x69\x6f\x67\x6f\x6e\x65\x6b\x02\x49\x4a\x02\x69\
\x6a\x0b\x4a\x63\x69\x72\x63\x75\x6d\x66\x6c\x65\x78\x0b\x6a\x63\
\x69\x72\x63\x75\x6d\x66\x6c\x65\x78\x0c\x4b\x63\x6f\x6d\x6d\x61\
\x61\x63\x63\x65\x6e\x74\x0c\x6b\x63\x6f\x6d\x6d\x61\x61\x63\x63\
\x65\x6e\x74\x0c\x6b\x67\x72\x65\x65\x6e\x6c\x61\x6e\x64\x69\x63\
\x06\x4c\x61\x63\x75\x74\x65\x06\x6c\x61\x63\x75\x74\x65\x0c\x4c\
\x63\x6f\x6d\x6d\x61\x61\x63\x63\x65\x6e\x74\x0c\x6c\x63\x6f\x6d\
\x6d\x61\x61\x63\x63\x65\x6e\x74\x06\x4c\x63\x61\x72\x6f\x6e\x06\
\x6c\x63\x61\x72\x6f\x6e\x04\x4c\x64\x6f\x74\x04\x6c\x64\x6f\x74\
\x06\x4e\x61\x63\x75\x74\x65\x06\x6e\x61\x63\x75\x74\x65\x0c\x4e\
\x63\x6f\x6d\x6d\x61\x61\x63\x63\x65\x6e\x74\x0c\x6e\x63\x6f\x6d\
\x6d\x61\x61\x63\x63\x65\x6e\x74\x06\x4e\x63\x61\x72\x6f\x6e\x06\
\x6e\x63\x61\x72\x6f\x6e\x0b\x6e\x61\x70\x6f\x73\x74\x72\x6f\x70\
\x68\x65\x03\x45\x6e\x67\x03\x65\x6e\x67\x07\x4f\x6d\x61\x63\x72\
\x6f\x6e\x07\x6f\x6d\x61\x63\x72\x6f\x6e\x06\x4f\x62\x72\x65\x76\
\x65\x06\x6f\x62\x72\x65\x76\x65\x0d\x4f\x68\x75\x6e\x67\x61\x72\
\x75\x6d\x6c\x61\x75\x74\x0d\x6f\x68\x75\x6e\x67\x61\x72\x75\x6d\
\x6c\x61\x75\x74\x06\x52\x61\x63\x75\x74\x65\x06\x72\x61\x63\x75\
\x74\x65\x0c\x52\x63\x6f\x6d\x6d\x61\x61\x63\x63\x65\x6e\x74\x0c\
\x72\x63\x6f\x6d\x6d\x61\x61\x63\x63\x65\x6e\x74\x06\x52\x63\x61\
\x72\x6f\x6e\x06\x72\x63\x61\x72\x6f\x6e\x06\x53\x61\x63\x75\x74\
\x65\x06\x73\x61\x63\x75\x74\x65\x0b\x53\x63\x69\x72\x63\x75\x6d\
\x66\x6c\x65\x78\x0b\x73\x63\x69\x72\x63\x75\x6d\x66\x6c\x65\x78\
\x07\x75\x6e\x69\x30\x31\x36\x32\x07\x75\x6e\x69\x30\x31\x36\x33\
\x06\x54\x63\x61\x72\x6f\x6e\x06\x74\x63\x61\x72\x6f\x6e\x04\x54\
\x62\x61\x72\x04\x74\x62\x61\x72\x06\x55\x74\x69\x6c\x64\x65\x06\
\x75\x74\x69\x6c\x64\x65\x07\x55\x6d\x61\x63\x72\x6f\x6e\x07\x75\
\x6d\x61\x63\x72\x6f\x6e\x06\x55\x62\x72\x65\x76\x65\x06\x75\x62\
\x72\x65\x76\x65\x05\x55\x72\x69\x6e\x67\x05\x75\x72\x69\x6e\x67\
\x0d\x55\x68\x75\x6e\x67\x61\x72\x75\x6d\x6c\x61\x75\x74\x0d\x75\
\x68\x75\x6e\x67\x61\x72\x75\x6d\x6c\x61\x75\x74\x07\x55\x6f\x67\
\x6f\x6e\x65\x6b\x07\x75\x6f\x67\x6f\x6e\x65\x6b\x0b\x57\x63\x69\
\x72\x63\x75\x6d\x66\x6c\x65\x78\x0b\x77\x63\x69\x72\x63\x75\x6d\
\x66\x6c\x65\x78\x0b\x59\x63\x69\x72\x63\x75\x6d\x66\x6c\x65\x78\
\x0b\x79\x63\x69\x72\x63\x75\x6d\x66\x6c\x65\x78\x06\x5a\x61\x63\
\x75\x74\x65\x06\x7a\x61\x63\x75\x74\x65\x0a\x5a\x64\x6f\x74\x61\
\x63\x63\x65\x6e\x74\x0a\x7a\x64\x6f\x74\x61\x63\x63\x65\x6e\x74\
\x0c\x53\x63\x6f\x6d\x6d\x61\x61\x63\x63\x65\x6e\x74\x0c\x73\x63\
\x6f\x6d\x6d\x61\x61\x63\x63\x65\x6e\x74\x07\x75\x6e\x69\x30\x32\
\x31\x41\x07\x75\x6e\x69\x30\x32\x31\x42\x08\x64\x6f\x74\x6c\x65\
\x73\x73\x6a\x07\x75\x6e\x69\x30\x32\x43\x39\x07\x75\x6e\x69\x30\
\x33\x39\x34\x07\x75\x6e\x69\x30\x33\x41\x39\x07\x75\x6e\x69\x30\
\x33\x42\x43\x07\x75\x6e\x69\x30\x34\x30\x30\x07\x75\x6e\x69\x30\
\x34\x30\x31\x07\x75\x6e\x69\x30\x34\x30\x32\x07\x75\x6e\x69\x30\
\x34\x30\x33\x07\x75\x6e\x69\x30\x34\x30\x34\x07\x75\x6e\x69\x30\
\x34\x30\x35\x07\x75\x6e\x69\x30\x34\x30\x36\x07\x75\x6e\x69\x30\
\x34\x30\x37\x07\x75\x6e\x69\x30\x34\x30\x38\x07\x75\x6e\x69\x30\
\x34\x30\x39\x07\x75\x6e\x69\x30\x34\x30\x41\x07\x75\x6e\x69\x30\
\x34\x30\x42\x07\x75\x6e\x69\x30\x34\x30\x43\x07\x75\x6e\x69\x30\
\x34\x30\x44\x07\x75\x6e\x69\x30\x34\x30\x45\x07\x75\x6e\x69\x30\
\x34\x30\x46\x07\x75\x6e\x69\x30\x34\x31\x30\x07\x75\x6e\x69\x30\
\x34\x31\x31\x07\x75\x6e\x69\x30\x34\x31\x32\x07\x75\x6e\x69\x30\
\x34\x31\x33\x07\x75\x6e\x69\x30\x34\x31\x34\x07\x75\x6e\x69\x30\
\x34\x31\x35\x07\x75\x6e\x69\x30\x34\x31\x36\x07\x75\x6e\x69\x30\
\x34\x31\x37\x07\x75\x6e\x69\x30\x34\x31\x38\x07\x75\x6e\x69\x30\
\x34\x31\x39\x07\x75\x6e\x69\x30\x34\x31\x41\x07\x75\x6e\x69\x30\
\x34\x31\x42\x07\x75\x6e\x69\x30\x34\x31\x43\x07\x75\x6e\x69\x30\
\x34\x31\x44\x07\x75\x6e\x69\x30\x34\x31\x45\x07\x75\x6e\x69\x30\
\x34\x31\x46\x07\x75\x6e\x69\x30\x34\x32\x30\x07\x75\x6e\x69\x30\
\x34\x32\x31\x07\x75\x6e\x69\x30\x34\x32\x32\x07\x75\x6e\x69\x30\
\x34\x32\x33\x07\x75\x6e\x69\x30\x34\x32\x34\x07\x75\x6e\x69\x30\
\x34\x32\x35\x07\x75\x6e\x69\x30\x34\x32\x36\x07\x75\x6e\x69\x30\
\x34\x32\x37\x07\x75\x6e\x69\x30\x34\x32\x38\x07\x75\x6e\x69\x30\
\x34\x32\x39\x07\x75\x6e\x69\x30\x34\x32\x41\x07\x75\x6e\x69\x30\
\x34\x32\x42\x07\x75\x6e\x69\x30\x34\x32\x43\x07\x75\x6e\x69\x30\
\x34\x32\x44\x07\x75\x6e\x69\x30\x34\x32\x45\x07\x75\x6e\x69\x30\
\x34\x32\x46\x07\x75\x6e\x69\x30\x34\x33\x30\x07\x75\x6e\x69\x30\
\x34\x33\x31\x07\x75\x6e\x69\x30\x34\x33\x32\x07\x75\x6e\x69\x30\
\x34\x33\x33\x07\x75\x6e\x69\x30\x34\x33\x34\x07\x75\x6e\x69\x30\
\x34\x33\x35\x07\x75\x6e\x69\x30\x34\x33\x36\x07\x75\x6e\x69\x30\
\x34\x33\x37\x07\x75\x6e\x69\x30\x34\x33\x38\x07\x75\x6e\x69\x30\
\x34\x33\x39\x07\x75\x6e\x69\x30\x34\x33\x41\x07\x75\x6e\x69\x30\
\x34\x33\x42\x07\x75\x6e\x69\x30\x34\x33\x43\x07\x75\x6e\x69\x30\
\x34\x33\x44\x07\x75\x6e\x69\x30\x34\x33\x45\x07\x75\x6e\x69\x30\
\x34\x33\x46\x07\x75\x6e\x69\x30\x34\x34\x30\x07\x75\x6e\x69\x30\
\x34\x34\x31\x07\x75\x6e\x69\x30\x34\x34\x32\x07\x75\x6e\x69\x30\
\x34\x34\x33\x07\x75\x6e\x69\x30\x34\x34\x34\x07\x75\x6e\x69\x30\
\x34\x34\x35\x07\x75\x6e\x69\x30\x34\x34\x36\x07\x75\x6e\x69\x30\
\x34\x34\x37\x07\x75\x6e\x69\x30\x34\x34\x38\x07\x75\x6e\x69\x30\
\x34\x34\x39\x07\x75\x6e\x69\x30\x34\x34\x41\x07\x75\x6e\x69\x30\
\x34\x34\x42\x07\x75\x6e\x69\x30\x34\x34\x43\x07\x75\x6e\x69\x30\
\x34\x34\x44\x07\x75\x6e\x69\x30\x34\x34\x45\x07\x75\x6e\x69\x30\
\x34\x34\x46\x07\x75\x6e\x69\x30\x34\x35\x30\x07\x75\x6e\x69\x30\
\x34\x35\x31\x07\x75\x6e\x69\x30\x34\x35\x32\x07\x75\x6e\x69\x30\
\x34\x35\x33\x07\x75\x6e\x69\x30\x34\x35\x34\x07\x75\x6e\x69\x30\
\x34\x35\x35\x07\x75\x6e\x69\x30\x34\x35\x36\x07\x75\x6e\x69\x30\
\x34\x35\x37\x07\x75\x6e\x69\x30\x34\x35\x38\x07\x75\x6e\x69\x30\
\x34\x35\x39\x07\x75\x6e\x69\x30\x34\x35\x41\x07\x75\x6e\x69\x30\
\x34\x35\x42\x07\x75\x6e\x69\x30\x34\x35\x43\x07\x75\x6e\x69\x30\
\x34\x35\x44\x07\x75\x6e\x69\x30\x34\x35\x45\x07\x75\x6e\x69\x30\
\x34\x35\x46\x07\x75\x6e\x69\x30\x34\x39\x30\x07\x75\x6e\x69\x30\
\x34\x39\x31\x06\x57\x67\x72\x61\x76\x65\x06\x77\x67\x72\x61\x76\
\x65\x06\x57\x61\x63\x75\x74\x65\x06\x77\x61\x63\x75\x74\x65\x09\
\x57\x64\x69\x65\x72\x65\x73\x69\x73\x09\x77\x64\x69\x65\x72\x65\
\x73\x69\x73\x06\x59\x67\x72\x61\x76\x65\x06\x79\x67\x72\x61\x76\
\x65\x07\x75\x6e\x69\x32\x30\x31\x30\x0b\x69\x6e\x74\x65\x72\x72\
\x6f\x62\x61\x6e\x67\x0d\x7a\x65\x72\x6f\x2e\x73\x75\x70\x65\x72\
\x69\x6f\x72\x0d\x66\x6f\x75\x72\x2e\x73\x75\x70\x65\x72\x69\x6f\
\x72\x0d\x66\x69\x76\x65\x2e\x73\x75\x70\x65\x72\x69\x6f\x72\x0c\
\x73\x69\x78\x2e\x73\x75\x70\x65\x72\x69\x6f\x72\x0e\x73\x65\x76\
\x65\x6e\x2e\x73\x75\x70\x65\x72\x69\x6f\x72\x0e\x65\x69\x67\x68\
\x74\x2e\x73\x75\x70\x65\x72\x69\x6f\x72\x0d\x6e\x69\x6e\x65\x2e\
\x73\x75\x70\x65\x72\x69\x6f\x72\x0d\x7a\x65\x72\x6f\x2e\x69\x6e\
\x66\x65\x72\x69\x6f\x72\x0c\x6f\x6e\x65\x2e\x69\x6e\x66\x65\x72\
\x69\x6f\x72\x0c\x74\x77\x6f\x2e\x69\x6e\x66\x65\x72\x69\x6f\x72\
\x0e\x74\x68\x72\x65\x65\x2e\x69\x6e\x66\x65\x72\x69\x6f\x72\x0d\
\x66\x6f\x75\x72\x2e\x69\x6e\x66\x65\x72\x69\x6f\x72\x0d\x66\x69\
\x76\x65\x2e\x69\x6e\x66\x65\x72\x69\x6f\x72\x0c\x73\x69\x78\x2e\
\x69\x6e\x66\x65\x72\x69\x6f\x72\x0e\x73\x65\x76\x65\x6e\x2e\x69\
\x6e\x66\x65\x72\x69\x6f\x72\x0e\x65\x69\x67\x68\x74\x2e\x69\x6e\
\x66\x65\x72\x69\x6f\x72\x0d\x6e\x69\x6e\x65\x2e\x69\x6e\x66\x65\
\x72\x69\x6f\x72\x04\x45\x75\x72\x6f\x09\x61\x66\x69\x69\x36\x31\
\x32\x34\x38\x09\x61\x66\x69\x69\x36\x31\x32\x38\x39\x07\x75\x6e\
\x69\x32\x31\x31\x36\x09\x70\x75\x62\x6c\x69\x73\x68\x65\x64\x09\
\x65\x73\x74\x69\x6d\x61\x74\x65\x64\x07\x75\x6e\x69\x32\x32\x31\
\x35\x07\x75\x6e\x69\x32\x32\x31\x39\x03\x66\x5f\x69\x03\x66\x5f\
\x6c\x07\x75\x6e\x69\x46\x38\x46\x46\x03\x66\x5f\x66\x05\x66\x5f\
\x66\x5f\x69\x05\x66\x5f\x66\x5f\x6c\x09\x67\x72\x61\x76\x65\x2e\
\x63\x61\x70\x09\x61\x63\x75\x74\x65\x2e\x63\x61\x70\x0e\x63\x69\
\x72\x63\x75\x6d\x66\x6c\x65\x78\x2e\x63\x61\x70\x09\x63\x61\x72\
\x6f\x6e\x2e\x63\x61\x70\x09\x63\x61\x72\x6f\x6e\x2e\x61\x6c\x74\
\x09\x74\x69\x6c\x64\x65\x2e\x63\x61\x70\x0c\x64\x69\x65\x72\x65\
\x73\x69\x73\x2e\x63\x61\x70\x0a\x6d\x61\x63\x72\x6f\x6e\x2e\x63\
\x61\x70\x09\x62\x72\x65\x76\x65\x2e\x63\x61\x70\x08\x72\x69\x6e\
\x67\x2e\x63\x61\x70\x10\x68\x75\x6e\x67\x61\x72\x75\x6d\x6c\x61\
\x75\x74\x2e\x63\x61\x70\x0d\x64\x6f\x74\x61\x63\x63\x65\x6e\x74\
\x2e\x63\x61\x70\x0b\x63\x6f\x6d\x6d\x61\x61\x63\x63\x65\x6e\x74\
\x0f\x63\x6f\x6d\x6d\x61\x61\x63\x63\x65\x6e\x74\x2e\x61\x6c\x74\
\x10\x7a\x65\x72\x6f\x2e\x64\x65\x6e\x6f\x6d\x69\x6e\x61\x74\x6f\
\x72\x0f\x6f\x6e\x65\x2e\x64\x65\x6e\x6f\x6d\x69\x6e\x61\x74\x6f\
\x72\x0f\x74\x77\x6f\x2e\x64\x65\x6e\x6f\x6d\x69\x6e\x61\x74\x6f\
\x72\x11\x74\x68\x72\x65\x65\x2e\x64\x65\x6e\x6f\x6d\x69\x6e\x61\
\x74\x6f\x72\x10\x66\x6f\x75\x72\x2e\x64\x65\x6e\x6f\x6d\x69\x6e\
\x61\x74\x6f\x72\x10\x66\x69\x76\x65\x2e\x64\x65\x6e\x6f\x6d\x69\
\x6e\x61\x74\x6f\x72\x0f\x73\x69\x78\x2e\x64\x65\x6e\x6f\x6d\x69\
\x6e\x61\x74\x6f\x72\x11\x73\x65\x76\x65\x6e\x2e\x64\x65\x6e\x6f\
\x6d\x69\x6e\x61\x74\x6f\x72\x11\x65\x69\x67\x68\x74\x2e\x64\x65\
\x6e\x6f\x6d\x69\x6e\x61\x74\x6f\x72\x10\x6e\x69\x6e\x65\x2e\x64\
\x65\x6e\x6f\x6d\x69\x6e\x61\x74\x6f\x72\x0e\x7a\x65\x72\x6f\x2e\
\x6e\x75\x6d\x65\x72\x61\x74\x6f\x72\x0d\x6f\x6e\x65\x2e\x6e\x75\
\x6d\x65\x72\x61\x74\x6f\x72\x0d\x74\x77\x6f\x2e\x6e\x75\x6d\x65\
\x72\x61\x74\x6f\x72\x0f\x74\x68\x72\x65\x65\x2e\x6e\x75\x6d\x65\
\x72\x61\x74\x6f\x72\x0e\x66\x6f\x75\x72\x2e\x6e\x75\x6d\x65\x72\
\x61\x74\x6f\x72\x0e\x66\x69\x76\x65\x2e\x6e\x75\x6d\x65\x72\x61\
\x74\x6f\x72\x0d\x73\x69\x78\x2e\x6e\x75\x6d\x65\x72\x61\x74\x6f\
\x72\x0f\x73\x65\x76\x65\x6e\x2e\x6e\x75\x6d\x65\x72\x61\x74\x6f\
\x72\x0f\x65\x69\x67\x68\x74\x2e\x6e\x75\x6d\x65\x72\x61\x74\x6f\
\x72\x0e\x6e\x69\x6e\x65\x2e\x6e\x75\x6d\x65\x72\x61\x74\x6f\x72\
\x08\x63\x79\x72\x62\x72\x65\x76\x65\x0c\x63\x79\x72\x62\x72\x65\
\x76\x65\x2e\x63\x61\x70\x09\x65\x78\x63\x6c\x61\x6d\x2e\x73\x63\
\x09\x64\x6f\x6c\x6c\x61\x72\x2e\x73\x63\x0a\x70\x65\x72\x63\x65\
\x6e\x74\x2e\x73\x63\x0c\x61\x6d\x70\x65\x72\x73\x61\x6e\x64\x2e\
\x73\x63\x0c\x70\x61\x72\x65\x6e\x6c\x65\x66\x74\x2e\x73\x63\x0d\
\x70\x61\x72\x65\x6e\x72\x69\x67\x68\x74\x2e\x73\x63\x0e\x62\x72\
\x61\x63\x6b\x65\x74\x6c\x65\x66\x74\x2e\x73\x63\x0c\x62\x61\x63\
\x6b\x73\x6c\x61\x73\x68\x2e\x73\x63\x0f\x62\x72\x61\x63\x6b\x65\
\x74\x72\x69\x67\x68\x74\x2e\x73\x63\x0c\x62\x72\x61\x63\x65\x6c\
\x65\x66\x74\x2e\x73\x63\x08\x73\x6c\x61\x73\x68\x2e\x73\x63\x0d\
\x62\x72\x61\x63\x65\x72\x69\x67\x68\x74\x2e\x73\x63\x07\x7a\x65\
\x72\x6f\x2e\x73\x63\x06\x6f\x6e\x65\x2e\x73\x63\x06\x74\x77\x6f\
\x2e\x73\x63\x08\x74\x68\x72\x65\x65\x2e\x73\x63\x07\x66\x6f\x75\
\x72\x2e\x73\x63\x07\x66\x69\x76\x65\x2e\x73\x63\x06\x73\x69\x78\
\x2e\x73\x63\x08\x73\x65\x76\x65\x6e\x2e\x73\x63\x08\x65\x69\x67\
\x68\x74\x2e\x73\x63\x07\x6e\x69\x6e\x65\x2e\x73\x63\x0b\x71\x75\
\x65\x73\x74\x69\x6f\x6e\x2e\x73\x63\x04\x61\x2e\x73\x63\x04\x62\
\x2e\x73\x63\x04\x63\x2e\x73\x63\x04\x64\x2e\x73\x63\x04\x65\x2e\
\x73\x63\x04\x66\x2e\x73\x63\x04\x67\x2e\x73\x63\x04\x68\x2e\x73\
\x63\x04\x69\x2e\x73\x63\x04\x6a\x2e\x73\x63\x04\x6b\x2e\x73\x63\
\x04\x6c\x2e\x73\x63\x04\x6d\x2e\x73\x63\x04\x6e\x2e\x73\x63\x04\
\x6f\x2e\x73\x63\x04\x70\x2e\x73\x63\x04\x71\x2e\x73\x63\x04\x72\
\x2e\x73\x63\x04\x73\x2e\x73\x63\x04\x74\x2e\x73\x63\x04\x75\x2e\
\x73\x63\x04\x76\x2e\x73\x63\x04\x77\x2e\x73\x63\x04\x78\x2e\x73\
\x63\x04\x79\x2e\x73\x63\x04\x7a\x2e\x73\x63\x09\x61\x67\x72\x61\
\x76\x65\x2e\x73\x63\x09\x61\x61\x63\x75\x74\x65\x2e\x73\x63\x0e\
\x61\x63\x69\x72\x63\x75\x6d\x66\x6c\x65\x78\x2e\x73\x63\x09\x61\
\x74\x69\x6c\x64\x65\x2e\x73\x63\x0c\x61\x64\x69\x65\x72\x65\x73\
\x69\x73\x2e\x73\x63\x0a\x61\x6d\x61\x63\x72\x6f\x6e\x2e\x73\x63\
\x09\x61\x62\x72\x65\x76\x65\x2e\x73\x63\x08\x61\x72\x69\x6e\x67\
\x2e\x73\x63\x0a\x61\x6f\x67\x6f\x6e\x65\x6b\x2e\x73\x63\x05\x61\
\x65\x2e\x73\x63\x09\x63\x61\x63\x75\x74\x65\x2e\x73\x63\x0e\x63\
\x63\x69\x72\x63\x75\x6d\x66\x6c\x65\x78\x2e\x73\x63\x09\x63\x63\
\x61\x72\x6f\x6e\x2e\x73\x63\x0d\x63\x64\x6f\x74\x61\x63\x63\x65\
\x6e\x74\x2e\x73\x63\x0b\x63\x63\x65\x64\x69\x6c\x6c\x61\x2e\x73\
\x63\x09\x64\x63\x61\x72\x6f\x6e\x2e\x73\x63\x09\x64\x63\x72\x6f\
\x61\x74\x2e\x73\x63\x06\x65\x74\x68\x2e\x73\x63\x09\x65\x67\x72\
\x61\x76\x65\x2e\x73\x63\x09\x65\x61\x63\x75\x74\x65\x2e\x73\x63\
\x0e\x65\x63\x69\x72\x63\x75\x6d\x66\x6c\x65\x78\x2e\x73\x63\x09\
\x65\x63\x61\x72\x6f\x6e\x2e\x73\x63\x0c\x65\x64\x69\x65\x72\x65\
\x73\x69\x73\x2e\x73\x63\x0a\x65\x6d\x61\x63\x72\x6f\x6e\x2e\x73\
\x63\x09\x65\x62\x72\x65\x76\x65\x2e\x73\x63\x0d\x65\x64\x6f\x74\
\x61\x63\x63\x65\x6e\x74\x2e\x73\x63\x0a\x65\x6f\x67\x6f\x6e\x65\
\x6b\x2e\x73\x63\x0e\x67\x63\x69\x72\x63\x75\x6d\x66\x6c\x65\x78\
\x2e\x73\x63\x09\x67\x62\x72\x65\x76\x65\x2e\x73\x63\x0d\x67\x64\
\x6f\x74\x61\x63\x63\x65\x6e\x74\x2e\x73\x63\x0f\x67\x63\x6f\x6d\
\x6d\x61\x61\x63\x63\x65\x6e\x74\x2e\x73\x63\x0f\x6b\x67\x72\x65\
\x65\x6e\x6c\x61\x6e\x64\x69\x63\x2e\x73\x63\x0e\x68\x63\x69\x72\
\x63\x75\x6d\x66\x6c\x65\x78\x2e\x73\x63\x07\x68\x62\x61\x72\x2e\
\x73\x63\x09\x69\x67\x72\x61\x76\x65\x2e\x73\x63\x09\x69\x61\x63\
\x75\x74\x65\x2e\x73\x63\x09\x69\x62\x72\x65\x76\x65\x2e\x73\x63\
\x0e\x69\x63\x69\x72\x63\x75\x6d\x66\x6c\x65\x78\x2e\x73\x63\x09\
\x69\x74\x69\x6c\x64\x65\x2e\x73\x63\x0c\x69\x64\x69\x65\x72\x65\
\x73\x69\x73\x2e\x73\x63\x0a\x69\x6d\x61\x63\x72\x6f\x6e\x2e\x73\
\x63\x0d\x69\x64\x6f\x74\x61\x63\x63\x65\x6e\x74\x2e\x73\x63\x0a\
\x69\x6f\x67\x6f\x6e\x65\x6b\x2e\x73\x63\x0e\x6a\x63\x69\x72\x63\
\x75\x6d\x66\x6c\x65\x78\x2e\x73\x63\x0f\x6b\x63\x6f\x6d\x6d\x61\
\x61\x63\x63\x65\x6e\x74\x2e\x73\x63\x09\x6c\x61\x63\x75\x74\x65\
\x2e\x73\x63\x09\x6c\x63\x61\x72\x6f\x6e\x2e\x73\x63\x0f\x6c\x63\
\x6f\x6d\x6d\x61\x61\x63\x63\x65\x6e\x74\x2e\x73\x63\x09\x6c\x73\
\x6c\x61\x73\x68\x2e\x73\x63\x07\x6c\x64\x6f\x74\x2e\x73\x63\x09\
\x6e\x61\x63\x75\x74\x65\x2e\x73\x63\x09\x6e\x63\x61\x72\x6f\x6e\
\x2e\x73\x63\x09\x6e\x74\x69\x6c\x64\x65\x2e\x73\x63\x0f\x6e\x63\
\x6f\x6d\x6d\x61\x61\x63\x63\x65\x6e\x74\x2e\x73\x63\x09\x6f\x67\
\x72\x61\x76\x65\x2e\x73\x63\x09\x6f\x61\x63\x75\x74\x65\x2e\x73\
\x63\x0e\x6f\x63\x69\x72\x63\x75\x6d\x66\x6c\x65\x78\x2e\x73\x63\
\x09\x6f\x74\x69\x6c\x64\x65\x2e\x73\x63\x0c\x6f\x64\x69\x65\x72\
\x65\x73\x69\x73\x2e\x73\x63\x0a\x6f\x6d\x61\x63\x72\x6f\x6e\x2e\
\x73\x63\x09\x6f\x62\x72\x65\x76\x65\x2e\x73\x63\x10\x6f\x68\x75\
\x6e\x67\x61\x72\x75\x6d\x6c\x61\x75\x74\x2e\x73\x63\x09\x6f\x73\
\x6c\x61\x73\x68\x2e\x73\x63\x05\x6f\x65\x2e\x73\x63\x09\x72\x61\
\x63\x75\x74\x65\x2e\x73\x63\x09\x72\x63\x61\x72\x6f\x6e\x2e\x73\
\x63\x0f\x72\x63\x6f\x6d\x6d\x61\x61\x63\x63\x65\x6e\x74\x2e\x73\
\x63\x09\x73\x61\x63\x75\x74\x65\x2e\x73\x63\x0e\x73\x63\x69\x72\
\x63\x75\x6d\x66\x6c\x65\x78\x2e\x73\x63\x09\x73\x63\x61\x72\x6f\
\x6e\x2e\x73\x63\x0b\x73\x63\x65\x64\x69\x6c\x6c\x61\x2e\x73\x63\
\x0f\x73\x63\x6f\x6d\x6d\x61\x61\x63\x63\x65\x6e\x74\x2e\x73\x63\
\x09\x74\x63\x61\x72\x6f\x6e\x2e\x73\x63\x0f\x74\x63\x6f\x6d\x6d\
\x61\x61\x63\x63\x65\x6e\x74\x2e\x73\x63\x07\x74\x62\x61\x72\x2e\
\x73\x63\x08\x74\x68\x6f\x72\x6e\x2e\x73\x63\x09\x75\x67\x72\x61\
\x76\x65\x2e\x73\x63\x09\x75\x61\x63\x75\x74\x65\x2e\x73\x63\x0e\
\x75\x63\x69\x72\x63\x75\x6d\x66\x6c\x65\x78\x2e\x73\x63\x09\x75\
\x74\x69\x6c\x64\x65\x2e\x73\x63\x0c\x75\x64\x69\x65\x72\x65\x73\
\x69\x73\x2e\x73\x63\x0a\x75\x6d\x61\x63\x72\x6f\x6e\x2e\x73\x63\
\x09\x75\x62\x72\x65\x76\x65\x2e\x73\x63\x08\x75\x72\x69\x6e\x67\
\x2e\x73\x63\x10\x75\x68\x75\x6e\x67\x61\x72\x75\x6d\x6c\x61\x75\
\x74\x2e\x73\x63\x0a\x75\x6f\x67\x6f\x6e\x65\x6b\x2e\x73\x63\x09\
\x77\x61\x63\x75\x74\x65\x2e\x73\x63\x0e\x77\x63\x69\x72\x63\x75\
\x6d\x66\x6c\x65\x78\x2e\x73\x63\x0c\x77\x64\x69\x65\x72\x65\x73\
\x69\x73\x2e\x73\x63\x09\x77\x67\x72\x61\x76\x65\x2e\x73\x63\x09\
\x79\x61\x63\x75\x74\x65\x2e\x73\x63\x0e\x79\x63\x69\x72\x63\x75\
\x6d\x66\x6c\x65\x78\x2e\x73\x63\x0c\x79\x64\x69\x65\x72\x65\x73\
\x69\x73\x2e\x73\x63\x09\x79\x67\x72\x61\x76\x65\x2e\x73\x63\x09\
\x7a\x61\x63\x75\x74\x65\x2e\x73\x63\x09\x7a\x63\x61\x72\x6f\x6e\
\x2e\x73\x63\x0d\x7a\x64\x6f\x74\x61\x63\x63\x65\x6e\x74\x2e\x73\
\x63\x05\x69\x6a\x2e\x73\x63\x0d\x67\x65\x72\x6d\x61\x6e\x64\x62\
\x6c\x73\x2e\x73\x63\x06\x65\x6e\x67\x2e\x73\x63\x08\x67\x72\x61\
\x76\x65\x2e\x73\x63\x08\x61\x63\x75\x74\x65\x2e\x73\x63\x0d\x63\
\x69\x72\x63\x75\x6d\x66\x6c\x65\x78\x2e\x73\x63\x08\x63\x61\x72\
\x6f\x6e\x2e\x73\x63\x08\x74\x69\x6c\x64\x65\x2e\x73\x63\x0b\x64\
\x69\x65\x72\x65\x73\x69\x73\x2e\x73\x63\x09\x6d\x61\x63\x72\x6f\
\x6e\x2e\x73\x63\x08\x62\x72\x65\x76\x65\x2e\x73\x63\x07\x72\x69\
\x6e\x67\x2e\x73\x63\x0f\x68\x75\x6e\x67\x61\x72\x75\x6d\x6c\x61\
\x75\x74\x2e\x73\x63\x0c\x64\x6f\x74\x61\x63\x63\x65\x6e\x74\x2e\
\x73\x63\x0d\x65\x78\x63\x6c\x61\x6d\x64\x6f\x77\x6e\x2e\x73\x63\
\x0f\x71\x75\x65\x73\x74\x69\x6f\x6e\x64\x6f\x77\x6e\x2e\x73\x63\
\x07\x45\x75\x72\x6f\x2e\x73\x63\x07\x63\x65\x6e\x74\x2e\x73\x63\
\x0b\x73\x74\x65\x72\x6c\x69\x6e\x67\x2e\x73\x63\x09\x66\x6c\x6f\
\x72\x69\x6e\x2e\x73\x63\x06\x79\x65\x6e\x2e\x73\x63\x0e\x70\x65\
\x72\x74\x68\x6f\x75\x73\x61\x6e\x64\x2e\x73\x63\x09\x7a\x65\x72\
\x6f\x2e\x6f\x6e\x75\x6d\x08\x6f\x6e\x65\x2e\x6f\x6e\x75\x6d\x08\
\x74\x77\x6f\x2e\x6f\x6e\x75\x6d\x0a\x74\x68\x72\x65\x65\x2e\x6f\
\x6e\x75\x6d\x09\x66\x6f\x75\x72\x2e\x6f\x6e\x75\x6d\x09\x66\x69\
\x76\x65\x2e\x6f\x6e\x75\x6d\x08\x73\x69\x78\x2e\x6f\x6e\x75\x6d\
\x0a\x73\x65\x76\x65\x6e\x2e\x6f\x6e\x75\x6d\x0a\x65\x69\x67\x68\
\x74\x2e\x6f\x6e\x75\x6d\x09\x6e\x69\x6e\x65\x2e\x6f\x6e\x75\x6d\
\x0e\x6e\x61\x70\x6f\x73\x74\x72\x6f\x70\x68\x65\x2e\x73\x63\x0e\
\x6f\x72\x64\x66\x65\x6d\x69\x6e\x69\x6e\x65\x2e\x73\x63\x05\x66\
\x69\x2e\x73\x63\x05\x66\x6c\x2e\x73\x63\x00\x00\x00\x00\x01\xff\
\xff\x00\x02\x00\x01\x00\x00\x00\x0c\x00\x00\x00\x52\x00\x00\x00\
\x02\x00\x0b\x00\x01\x00\x08\x00\x01\x00\x09\x00\x09\x00\x02\x00\
\x0a\x00\x7e\x00\x01\x00\x7f\x00\x80\x00\x02\x00\x81\x01\x0b\x00\
\x01\x01\x0c\x01\x0c\x00\x02\x01\x0d\x01\xcb\x00\x01\x01\xcc\x01\
\xcc\x00\x02\x01\xcd\x01\xfb\x00\x01\x01\xfc\x02\x00\x00\x02\x02\
\x01\x02\xda\x00\x01\x00\x04\x00\x00\x00\x02\x00\x00\x00\x00\x00\
\x01\x00\x00\x00\x0a\x01\x06\x02\x00\x00\x02\x63\x79\x72\x6c\x00\
\x0e\x6c\x61\x74\x6e\x00\x30\x00\x04\x00\x00\x00\x00\xff\xff\x00\
\x0c\x00\x01\x00\x03\x00\x04\x00\x05\x00\x08\x00\x09\x00\x0a\x00\
\x0b\x00\x0c\x00\x0d\x00\x0f\x00\x10\x00\x22\x00\x05\x41\x46\x4b\
\x20\x00\x40\x4d\x4f\x4c\x20\x00\x5c\x4e\x4c\x44\x20\x00\x76\x52\
\x4f\x4d\x20\x00\x92\x54\x52\x4b\x20\x00\xb0\x00\x00\xff\xff\x00\
\x0c\x00\x00\x00\x02\x00\x03\x00\x04\x00\x06\x00\x08\x00\x0a\x00\
\x0b\x00\x0c\x00\x0e\x00\x0f\x00\x10\x00\x00\xff\xff\x00\x0b\x00\
\x02\x00\x03\x00\x04\x00\x05\x00\x08\x00\x0a\x00\x0b\x00\x0c\x00\
\x0e\x00\x0f\x00\x10\x00\x00\xff\xff\x00\x0a\x00\x03\x00\x04\x00\
\x06\x00\x08\x00\x09\x00\x0a\x00\x0b\x00\x0c\x00\x0f\x00\x10\x00\
\x00\xff\xff\x00\x0b\x00\x02\x00\x03\x00\x04\x00\x06\x00\x08\x00\
\x0a\x00\x0b\x00\x0c\x00\x0e\x00\x0f\x00\x10\x00\x00\xff\xff\x00\
\x0c\x00\x02\x00\x03\x00\x04\x00\x06\x00\x08\x00\x09\x00\x0a\x00\
\x0b\x00\x0c\x00\x0e\x00\x0f\x00\x10\x00\x00\xff\xff\x00\x0b\x00\
\x01\x00\x03\x00\x04\x00\x07\x00\x08\x00\x0a\x00\x0b\x00\x0c\x00\
\x0d\x00\x0f\x00\x10\x00\x11\x61\x61\x6c\x74\x00\x68\x63\x32\x73\
\x63\x00\x70\x63\x32\x73\x63\x00\x7a\x64\x6e\x6f\x6d\x00\x84\x66\
\x72\x61\x63\x00\x8a\x6c\x69\x67\x61\x00\x98\x6c\x69\x67\x61\x00\
\xa2\x6c\x69\x67\x61\x00\xaa\x6c\x6e\x75\x6d\x00\xb0\x6c\x6f\x63\
\x6c\x00\xb6\x6e\x75\x6d\x72\x00\xbc\x6f\x6e\x75\x6d\x00\xc2\x73\
\x69\x6e\x66\x00\xc8\x73\x6d\x63\x70\x00\xce\x73\x6d\x63\x70\x00\
\xdc\x73\x75\x62\x73\x00\xea\x73\x75\x70\x73\x00\xf0\x00\x00\x00\
\x02\x00\x00\x00\x01\x00\x00\x00\x03\x00\x06\x00\x0a\x00\x0c\x00\
\x00\x00\x03\x00\x06\x00\x0a\x00\x0b\x00\x00\x00\x01\x00\x19\x00\
\x00\x00\x05\x00\x0d\x00\x0e\x00\x0f\x00\x10\x00\x11\x00\x00\x00\
\x03\x00\x15\x00\x16\x00\x17\x00\x00\x00\x02\x00\x15\x00\x16\x00\
\x00\x00\x01\x00\x16\x00\x00\x00\x01\x00\x1a\x00\x00\x00\x01\x00\
\x02\x00\x00\x00\x01\x00\x18\x00\x00\x00\x01\x00\x09\x00\x00\x00\
\x01\x00\x1c\x00\x00\x00\x05\x00\x03\x00\x04\x00\x05\x00\x06\x00\
\x08\x00\x00\x00\x05\x00\x03\x00\x04\x00\x05\x00\x06\x00\x07\x00\
\x00\x00\x01\x00\x1b\x00\x00\x00\x03\x00\x12\x00\x13\x00\x14\x00\
\x20\x00\x42\x00\x4a\x00\x52\x00\x5a\x00\x62\x00\x6a\x00\x72\x00\
\x7a\x00\x82\x00\x8a\x00\x92\x00\x9a\x00\xa2\x00\xaa\x00\xb2\x00\
\xcc\x00\xd4\x00\xdc\x00\xe6\x00\xee\x00\xf6\x00\xfe\x01\x06\x01\
\x0e\x01\x16\x01\x1e\x01\x26\x01\x2e\x01\x36\x01\x3e\x01\x46\x01\
\x4e\x00\x01\x00\x00\x00\x01\x01\x14\x00\x03\x00\x00\x00\x01\x03\
\x9a\x00\x01\x00\x00\x00\x01\x05\x90\x00\x01\x00\x00\x00\x01\x05\
\x96\x00\x01\x00\x00\x00\x01\x07\x88\x00\x01\x00\x00\x00\x01\x07\
\xde\x00\x01\x00\x00\x00\x01\x07\xec\x00\x01\x00\x00\x00\x01\x07\
\xf4\x00\x01\x00\x00\x00\x01\x07\xf8\x00\x01\x00\x00\x00\x01\x08\
\x02\x00\x01\x00\x00\x00\x01\x08\x38\x00\x01\x00\x00\x00\x01\x0a\
\x2a\x00\x01\x00\x00\x00\x01\x0a\x2e\x00\x01\x00\x00\x00\x01\x0a\
\x38\x00\x06\x00\x00\x00\x0a\x0a\x46\x0a\x70\x0a\x9a\x0a\xc4\x0a\
\xee\x0b\x18\x0b\x42\x0b\x74\x0b\x9a\x0b\xc0\x00\x01\x00\x00\x00\
\x01\x0b\xce\x00\x01\x00\x00\x00\x01\x0b\xdc\x00\x06\x00\x00\x00\
\x02\x0b\xe4\x0c\x0a\x00\x01\x00\x00\x00\x01\x0c\x26\x00\x01\x00\
\x00\x00\x01\x0c\x88\x00\x01\x00\x00\x00\x01\x0c\xa4\x00\x04\x00\
\x00\x00\x01\x0c\xb6\x00\x04\x00\x00\x00\x01\x0c\xd0\x00\x04\x00\
\x00\x00\x01\x0c\xf2\x00\x01\x00\x00\x00\x01\x0d\x9c\x00\x01\x00\
\x00\x00\x01\x0d\xa4\x00\x01\x00\x00\x00\x01\x0d\xac\x00\x01\x00\
\x00\x00\x01\x0d\xb4\x00\x01\x00\x00\x00\x01\x0d\xbc\x00\x04\x00\
\x00\x00\x01\x0d\xc4\x00\x04\x00\x00\x00\x01\x0e\x14\x00\x01\x00\
\x00\x00\x01\x0e\x26\x00\x02\x01\x48\x00\xa1\x02\x25\x02\x26\x02\
\x27\x02\x28\x02\x29\x02\x2a\x02\x3b\x00\x6d\x00\x7d\x02\x2b\x02\
\x2c\x02\x2d\x02\x3d\x02\x3e\x02\x3f\x02\x40\x02\x41\x02\x42\x02\
\x43\x02\x45\x02\x46\x02\x47\x02\x48\x02\x49\x02\x4b\x02\x4c\x02\
\x4d\x02\x4e\x02\x4f\x02\x50\x02\x51\x02\x52\x02\x53\x02\x54\x02\
\x55\x02\x2e\x02\x30\x02\xc5\x02\xc8\x02\xc9\x02\xcb\x01\xee\x02\
\xc6\x02\xb8\x02\x56\x02\x57\x02\x58\x02\x59\x02\x5a\x02\x5d\x02\
\x5f\x02\x64\x02\x68\x02\x69\x02\x6a\x02\x6c\x02\x78\x02\x79\x02\
\x7b\x02\x7d\x02\x67\x02\x8a\x02\x8c\x02\x8d\x02\x8e\x02\x8f\x02\
\x90\x02\x94\x02\xa2\x02\xa3\x02\xa4\x02\xa6\x02\xb0\x02\xa1\x02\
\xb2\x02\x5b\x02\x5c\x02\x5e\x02\x60\x02\x61\x02\x63\x02\x62\x02\
\x65\x02\x66\x02\x6d\x02\x6e\x02\x6f\x02\x70\x02\x6b\x02\x71\x02\
\x72\x02\x73\x02\x74\x02\x76\x02\x77\x02\x7c\x02\x7e\x02\x7a\x02\
\x80\x02\x44\x02\xb7\x02\x81\x02\x82\x02\x75\x02\x83\x02\x85\x02\
\x84\x02\x87\x02\x86\x02\x88\x02\x8b\x02\x89\x02\xb9\x02\x91\x02\
\x92\x02\x93\x02\x95\x02\x96\x02\x98\x02\x97\x02\x99\x02\x9a\x01\
\x43\x02\x9b\x02\x9f\x02\x9e\x02\xa0\x02\xa5\x02\xa7\x02\xa8\x02\
\xa9\x02\xaa\x02\xab\x02\xae\x02\xb1\x02\xb4\x02\xb6\x02\xb5\x02\
\xca\x02\x9d\x02\x9f\x02\x45\x02\xaf\x02\xac\x02\xad\x02\xb3\x01\
\xee\x02\xcc\x01\xd0\x02\xc7\x01\xd0\x02\x0f\x02\x10\x02\x11\x02\
\x12\x02\x13\x02\x14\x02\x15\x02\x16\x02\x17\x02\x18\x00\x01\x00\
\xa1\x00\x05\x00\x08\x00\x09\x00\x0a\x00\x0c\x00\x0d\x00\x23\x00\
\x25\x00\x33\x00\x3f\x00\x40\x00\x41\x00\x46\x00\x47\x00\x48\x00\
\x49\x00\x4a\x00\x4b\x00\x4c\x00\x4e\x00\x4f\x00\x50\x00\x51\x00\
\x52\x00\x54\x00\x55\x00\x56\x00\x57\x00\x58\x00\x59\x00\x5a\x00\
\x5b\x00\x5c\x00\x5d\x00\x5e\x00\x5f\x00\x61\x00\x64\x00\x65\x00\
\x66\x00\x68\x00\x70\x00\x82\x00\xa2\x00\xa3\x00\xa4\x00\xa5\x00\
\xa6\x00\xa7\x00\xa8\x00\xa9\x00\xaa\x00\xab\x00\xac\x00\xad\x00\
\xae\x00\xaf\x00\xb0\x00\xb1\x00\xb2\x00\xb3\x00\xb4\x00\xb5\x00\
\xb6\x00\xb7\x00\xb8\x00\xb9\x00\xbb\x00\xbc\x00\xbd\x00\xbe\x00\
\xbf\x00\xc0\x00\xc1\x00\xc2\x00\xc4\x00\xc6\x00\xc8\x00\xca\x00\
\xcc\x00\xce\x00\xd0\x00\xd2\x00\xd4\x00\xd6\x00\xd8\x00\xda\x00\
\xdc\x00\xde\x00\xe0\x00\xe2\x00\xe4\x00\xe6\x00\xe8\x00\xea\x00\
\xec\x00\xee\x00\xf0\x00\xf2\x00\xf4\x00\xf6\x00\xf8\x00\xfa\x00\
\xfb\x00\xfd\x00\xff\x01\x01\x01\x03\x01\x05\x01\x07\x01\x09\x01\
\x0b\x01\x0e\x01\x10\x01\x12\x01\x14\x01\x16\x01\x18\x01\x1a\x01\
\x1c\x01\x1e\x01\x20\x01\x21\x01\x24\x01\x26\x01\x28\x01\x2a\x01\
\x2c\x01\x2e\x01\x30\x01\x32\x01\x34\x01\x36\x01\x38\x01\x3a\x01\
\x3d\x01\x3f\x01\x41\x01\x42\x01\x44\x01\x46\x01\x47\x01\xb8\x01\
\xba\x01\xbc\x01\xbe\x01\xc0\x01\xcc\x01\xd0\x01\xe2\x01\xef\x02\
\x19\x02\x1a\x02\x1b\x02\x1c\x02\x1d\x02\x1e\x02\x1f\x02\x20\x02\
\x21\x02\x22\x00\x01\x01\xb2\x00\x29\x00\x58\x00\x72\x00\x8c\x00\
\x98\x00\x9e\x00\xac\x00\xba\x00\xc8\x00\xd6\x00\xe4\x00\xf2\x01\
\x00\x01\x0e\x01\x1c\x01\x2a\x01\x30\x01\x36\x01\x3c\x01\x40\x01\
\x44\x01\x48\x01\x4e\x01\x54\x01\x5a\x01\x60\x01\x66\x01\x6c\x01\
\x72\x01\x78\x01\x7e\x01\x84\x01\x8a\x01\x8e\x01\x92\x01\x96\x01\
\x9a\x01\x9e\x01\xa2\x01\xa6\x01\xaa\x01\xae\x00\x0c\x00\x06\x00\
\x0b\x01\xc2\x01\xc3\x01\xc5\x01\xc6\x01\xc4\x01\xc7\x01\xcd\x01\
\xce\x00\x6e\x00\x7e\x00\x0c\x00\x06\x00\x0b\x01\xc2\x01\xc3\x01\
\xc5\x01\xc6\x01\xc4\x01\xc7\x01\xcd\x01\xce\x00\x6e\x00\x7e\x00\
\x05\x00\x11\x00\x70\x01\xc0\x01\xc1\x01\xee\x00\x02\x02\x2f\x01\
\xd0\x00\x06\x02\x31\x02\xcd\x02\x19\x00\x14\x01\xd1\x01\xd8\x00\
\x06\x02\x32\x02\xce\x02\x1a\x00\x15\x00\x7c\x01\xd9\x00\x06\x02\
\x33\x02\xcf\x02\x1b\x00\x16\x00\x75\x01\xda\x00\x06\x02\x34\x02\
\xd0\x02\x1c\x00\x17\x00\x76\x01\xdb\x00\x06\x02\x35\x02\xd1\x02\
\x1d\x00\x18\x01\xd2\x01\xdc\x00\x06\x02\x36\x02\xd2\x02\x1e\x00\
\x19\x01\xd3\x01\xdd\x00\x06\x02\x37\x02\xd3\x02\x1f\x00\x1a\x01\
\xd4\x01\xde\x00\x06\x02\x38\x02\xd4\x02\x20\x00\x1b\x01\xd5\x01\
\xdf\x00\x06\x02\x39\x02\xd5\x02\x21\x00\x1c\x01\xd6\x01\xe0\x00\
\x06\x02\x3a\x02\xd6\x02\x22\x00\x1d\x01\xd7\x01\xe1\x00\x02\x02\
\x3c\x00\x6d\x00\x02\x02\x44\x02\x7f\x00\x02\x02\x4a\x00\x7d\x00\
\x01\x00\x16\x00\x01\x00\x17\x00\x01\x00\x15\x00\x02\x01\x44\x02\
\x9c\x00\x02\x02\xcd\x00\x14\x00\x02\x02\xce\x00\x15\x00\x02\x02\
\xcf\x00\x16\x00\x02\x02\xd0\x00\x17\x00\x02\x02\xd1\x00\x18\x00\
\x02\x02\xd2\x00\x19\x00\x02\x02\xd3\x00\x1a\x00\x02\x02\xd4\x00\
\x1b\x00\x02\x02\xd5\x00\x1c\x00\x02\x02\xd6\x00\x1d\x00\x01\x00\
\x14\x00\x01\x00\x15\x00\x01\x00\x16\x00\x01\x00\x17\x00\x01\x00\
\x18\x00\x01\x00\x19\x00\x01\x00\x1a\x00\x01\x00\x1b\x00\x01\x00\
\x1c\x00\x01\x00\x1d\x00\x02\x00\x0c\x00\x06\x00\x06\x00\x00\x00\
\x0b\x00\x0b\x00\x01\x00\x11\x00\x11\x00\x02\x00\x13\x00\x1d\x00\
\x03\x00\x45\x00\x45\x00\x0e\x00\x4d\x00\x4d\x00\x0f\x00\x53\x00\
\x53\x00\x10\x00\x75\x00\x76\x00\x11\x00\x7c\x00\x7c\x00\x13\x01\
\x22\x01\x22\x00\x14\x02\x31\x02\x3a\x00\x15\x02\xcd\x02\xd6\x00\
\x1f\x00\x01\x00\x06\x00\x22\x00\x01\x00\x02\x01\x21\x01\x22\x00\
\x02\x00\xfe\x00\x7c\x02\x3c\x02\x3d\x02\x3e\x02\x3f\x02\x40\x02\
\x41\x02\x42\x02\x43\x02\x44\x02\x45\x02\x46\x02\x47\x02\x48\x02\
\x49\x02\x4a\x02\x4b\x02\x4c\x02\x4d\x02\x4e\x02\x4f\x02\x50\x02\
\x51\x02\x52\x02\x53\x02\x54\x02\x55\x02\x56\x02\x57\x02\x58\x02\
\x59\x02\x5a\x02\x5d\x02\x5f\x02\x64\x02\x68\x02\x69\x02\x6a\x02\
\x6c\x02\x78\x02\x79\x02\x7b\x02\x7d\x02\x67\x02\x8a\x02\x8c\x02\
\x8d\x02\x8e\x02\x8f\x02\x90\x02\x94\x02\xa2\x02\xa3\x02\xa4\x02\
\xa6\x02\xb0\x02\xa1\x02\xb2\x02\x5b\x02\x5c\x02\x5e\x02\x60\x02\
\x61\x02\x63\x02\x62\x02\x65\x02\x66\x02\x6d\x02\x6e\x02\x6f\x02\
\x70\x02\x6b\x02\x71\x02\x72\x02\x73\x02\x74\x02\x76\x02\x77\x02\
\x7c\x02\x7e\x02\x7a\x02\x80\x02\xb7\x02\x81\x02\x82\x02\x83\x02\
\x85\x02\x84\x02\x87\x02\x86\x02\x88\x02\x8b\x02\x89\x02\xb9\x02\
\x91\x02\x92\x02\x93\x02\x95\x02\x96\x02\x98\x02\x97\x02\x99\x02\
\x9a\x02\x9c\x02\x9b\x02\x9f\x02\x9e\x02\xa0\x02\xa5\x02\xa7\x02\
\xa8\x02\xa9\x02\xaa\x02\xab\x02\xae\x02\xb1\x02\xb4\x02\xb6\x02\
\xb5\x02\x9d\x02\x9f\x02\xaf\x02\xac\x02\xad\x02\xb3\x00\x01\x00\
\x7c\x00\x45\x00\x46\x00\x47\x00\x48\x00\x49\x00\x4a\x00\x4b\x00\
\x4c\x00\x4d\x00\x4e\x00\x4f\x00\x50\x00\x51\x00\x52\x00\x53\x00\
\x54\x00\x55\x00\x56\x00\x57\x00\x58\x00\x59\x00\x5a\x00\x5b\x00\
\x5c\x00\x5d\x00\x5e\x00\xa3\x00\xa4\x00\xa5\x00\xa6\x00\xa7\x00\
\xa8\x00\xa9\x00\xaa\x00\xab\x00\xac\x00\xad\x00\xae\x00\xaf\x00\
\xb0\x00\xb1\x00\xb2\x00\xb3\x00\xb4\x00\xb5\x00\xb6\x00\xb7\x00\
\xb8\x00\xb9\x00\xbb\x00\xbc\x00\xbd\x00\xbe\x00\xbf\x00\xc0\x00\
\xc1\x00\xc2\x00\xc4\x00\xc6\x00\xc8\x00\xca\x00\xcc\x00\xce\x00\
\xd0\x00\xd2\x00\xd4\x00\xd6\x00\xd8\x00\xda\x00\xdc\x00\xde\x00\
\xe0\x00\xe2\x00\xe4\x00\xe6\x00\xe8\x00\xea\x00\xec\x00\xee\x00\
\xf0\x00\xf2\x00\xf6\x00\xf8\x00\xfa\x00\xfd\x00\xff\x01\x01\x01\
\x03\x01\x05\x01\x07\x01\x09\x01\x0b\x01\x0e\x01\x10\x01\x12\x01\
\x14\x01\x16\x01\x18\x01\x1a\x01\x1c\x01\x1e\x01\x20\x01\x22\x01\
\x24\x01\x26\x01\x28\x01\x2a\x01\x2c\x01\x2e\x01\x30\x01\x32\x01\
\x34\x01\x36\x01\x38\x01\x3a\x01\x3d\x01\x3f\x01\x41\x01\x44\x01\
\x46\x01\xb8\x01\xba\x01\xbc\x01\xbe\x00\x02\x00\x30\x00\x15\x02\
\x25\x02\x26\x02\x27\x02\x28\x02\x29\x02\x2a\x02\x2f\x02\x3b\x02\
\x2b\x02\x2c\x02\x2d\x02\x2e\x02\x30\x02\xc5\x02\xc8\x02\xc9\x02\
\xcb\x02\xc6\x02\xca\x02\xcc\x02\xc7\x00\x01\x00\x15\x00\x05\x00\
\x08\x00\x09\x00\x0a\x00\x0c\x00\x0d\x00\x13\x00\x23\x00\x3f\x00\
\x40\x00\x41\x00\x5f\x00\x61\x00\x64\x00\x65\x00\x66\x00\x68\x00\
\x82\x01\x42\x01\xcc\x01\xe2\x00\x02\x00\x0c\x00\x03\x02\xb8\x02\
\x75\x02\x45\x00\x01\x00\x03\x00\xa2\x00\xfb\x01\x47\x00\x01\x00\
\x06\x02\x1d\x00\x02\x00\x01\x00\x14\x00\x1d\x00\x00\x00\x01\x00\
\x06\x01\xf7\x00\x01\x00\x01\x00\x4d\x00\x02\x00\x0a\x00\x02\x02\
\x7f\x02\x44\x00\x01\x00\x02\x00\x4d\x00\xf4\x00\x02\x00\x2e\x00\
\x14\x02\xcd\x02\xce\x02\xcf\x02\xd0\x02\xd1\x02\xd2\x02\xd3\x02\
\xd4\x02\xd5\x02\xd6\x02\xcd\x02\xce\x02\xcf\x02\xd0\x02\xd1\x02\
\xd2\x02\xd3\x02\xd4\x02\xd5\x02\xd6\x00\x02\x00\x02\x00\x14\x00\
\x1d\x00\x00\x02\x31\x02\x3a\x00\x0a\x00\x02\x00\xfe\x00\x7c\x02\
\x3c\x02\x3d\x02\x3e\x02\x3f\x02\x40\x02\x41\x02\x42\x02\x43\x02\
\x44\x02\x45\x02\x46\x02\x47\x02\x48\x02\x49\x02\x4a\x02\x4b\x02\
\x4c\x02\x4d\x02\x4e\x02\x4f\x02\x50\x02\x51\x02\x52\x02\x53\x02\
\x54\x02\x55\x02\x56\x02\x57\x02\x58\x02\x59\x02\x5a\x02\x5d\x02\
\x5f\x02\x64\x02\x68\x02\x69\x02\x6a\x02\x6c\x02\x78\x02\x79\x02\
\x7b\x02\x7d\x02\x67\x02\x8a\x02\x8c\x02\x8d\x02\x8e\x02\x8f\x02\
\x90\x02\x94\x02\xa2\x02\xa3\x02\xa4\x02\xa6\x02\xb0\x02\xa1\x02\
\x5b\x02\x5c\x02\x5e\x02\x60\x02\x61\x02\x63\x02\x62\x02\x65\x02\
\x66\x02\x6d\x02\x6e\x02\x6f\x02\x70\x02\x6b\x02\x71\x02\x72\x02\
\x73\x02\x74\x02\x76\x02\x77\x02\x7c\x02\x7e\x02\x7a\x02\x80\x02\
\xb7\x02\x81\x02\x82\x02\x83\x02\x85\x02\x84\x02\x87\x02\x86\x02\
\x88\x02\x8b\x02\x89\x02\xb9\x02\x91\x02\x92\x02\x93\x02\x95\x02\
\x96\x02\x97\x02\x98\x02\x99\x02\x9a\x02\x9c\x02\x9b\x02\x9f\x02\
\x9e\x02\xa0\x02\xa5\x02\xa7\x02\xa8\x02\xa9\x02\xaa\x02\xab\x02\
\xad\x02\xb1\x02\xb2\x02\xb4\x02\xb6\x02\xb5\x02\x9d\x02\x9f\x02\
\xaf\x02\xac\x02\xae\x02\xb3\x00\x01\x00\x7c\x00\x25\x00\x26\x00\
\x27\x00\x28\x00\x29\x00\x2a\x00\x2b\x00\x2c\x00\x2d\x00\x2e\x00\
\x2f\x00\x30\x00\x31\x00\x32\x00\x33\x00\x34\x00\x35\x00\x36\x00\
\x37\x00\x38\x00\x39\x00\x3a\x00\x3b\x00\x3c\x00\x3d\x00\x3e\x00\
\x83\x00\x84\x00\x85\x00\x86\x00\x87\x00\x88\x00\x89\x00\x8a\x00\
\x8b\x00\x8c\x00\x8d\x00\x8e\x00\x8f\x00\x90\x00\x91\x00\x92\x00\
\x93\x00\x94\x00\x95\x00\x96\x00\x97\x00\x98\x00\x99\x00\x9b\x00\
\x9c\x00\x9d\x00\x9e\x00\x9f\x00\xa0\x00\xa1\x00\xc3\x00\xc5\x00\
\xc7\x00\xc9\x00\xcb\x00\xcd\x00\xcf\x00\xd1\x00\xd3\x00\xd5\x00\
\xd7\x00\xd9\x00\xdb\x00\xdd\x00\xdf\x00\xe1\x00\xe3\x00\xe5\x00\
\xe7\x00\xe9\x00\xeb\x00\xed\x00\xef\x00\xf1\x00\xf5\x00\xf7\x00\
\xf9\x00\xfc\x00\xfe\x01\x00\x01\x02\x01\x04\x01\x06\x01\x08\x01\
\x0a\x01\x0d\x01\x0f\x01\x11\x01\x13\x01\x15\x01\x17\x01\x19\x01\
\x1b\x01\x1d\x01\x1f\x01\x21\x01\x23\x01\x25\x01\x27\x01\x29\x01\
\x2b\x01\x2d\x01\x2f\x01\x31\x01\x33\x01\x35\x01\x37\x01\x39\x01\
\x3b\x01\x3c\x01\x3e\x01\x40\x01\x43\x01\x45\x01\xb7\x01\xb9\x01\
\xbb\x01\xbd\x00\x01\x00\x06\x02\x17\x00\x01\x00\x01\x00\x2d\x00\
\x02\x00\x0a\x00\x02\x02\x44\x02\x7f\x00\x01\x00\x02\x00\x2d\x00\
\xf3\x00\x02\x00\x0c\x00\x03\x01\xee\x01\xee\x01\xee\x00\x01\x00\
\x03\x00\x11\x00\x70\x01\xc0\x00\x03\x00\x01\x00\x16\x00\x01\x00\
\x10\x00\x01\x00\x20\x00\x00\x00\x01\x00\x01\x00\x14\x00\x02\x00\
\x01\x00\x14\x00\x1d\x00\x00\x00\x01\x00\x03\x00\x13\x01\xd0\x01\
\xef\x00\x03\x00\x01\x00\x16\x00\x01\x00\x10\x00\x01\x00\x20\x00\
\x00\x00\x01\x00\x01\x00\x15\x00\x02\x00\x01\x00\x14\x00\x1d\x00\
\x00\x00\x01\x00\x03\x00\x13\x01\xd0\x01\xef\x00\x03\x00\x01\x00\
\x16\x00\x01\x00\x10\x00\x01\x00\x20\x00\x00\x00\x01\x00\x01\x00\
\x16\x00\x02\x00\x01\x00\x14\x00\x1d\x00\x00\x00\x01\x00\x03\x00\
\x13\x01\xd0\x01\xef\x00\x03\x00\x01\x00\x16\x00\x01\x00\x10\x00\
\x01\x00\x20\x00\x00\x00\x01\x00\x01\x00\x17\x00\x02\x00\x01\x00\
\x14\x00\x1d\x00\x00\x00\x01\x00\x03\x00\x13\x01\xd0\x01\xef\x00\
\x03\x00\x01\x00\x16\x00\x01\x00\x10\x00\x01\x00\x20\x00\x00\x00\
\x01\x00\x01\x00\x19\x00\x02\x00\x01\x00\x14\x00\x1d\x00\x00\x00\
\x01\x00\x03\x00\x13\x01\xd0\x01\xef\x00\x03\x00\x01\x00\x16\x00\
\x01\x00\x10\x00\x01\x00\x20\x00\x00\x00\x01\x00\x01\x00\x1b\x00\
\x02\x00\x01\x00\x14\x00\x1d\x00\x00\x00\x01\x00\x03\x00\x13\x01\
\xd0\x01\xef\x00\x03\x00\x00\x00\x04\x00\x16\x00\x1c\x00\x26\x00\
\x2c\x00\x00\x00\x01\x00\x00\x00\x1d\x00\x01\x00\x01\x00\x14\x00\
\x01\x00\x03\x00\x13\x01\xd0\x01\xef\x00\x01\x00\x01\x00\x14\x00\
\x01\x00\x01\x00\x14\x00\x03\x00\x00\x00\x03\x00\x14\x00\x1a\x00\
\x20\x00\x00\x00\x01\x00\x00\x00\x1e\x00\x01\x00\x01\x00\x14\x00\
\x01\x00\x01\x01\xd0\x00\x01\x00\x01\x00\x14\x00\x03\x00\x00\x00\
\x03\x00\x14\x00\x1a\x00\x20\x00\x00\x00\x01\x00\x00\x00\x1d\x00\
\x01\x00\x01\x00\x15\x00\x01\x00\x01\x01\xd0\x00\x01\x00\x01\x00\
\x18\x00\x03\x00\x00\x00\x03\x00\x14\x00\x1a\x00\x20\x00\x00\x00\
\x01\x00\x00\x00\x1d\x00\x01\x00\x01\x00\x15\x00\x01\x00\x01\x01\
\xd0\x00\x01\x00\x02\x00\x16\x00\x75\x00\x02\x00\x0c\x00\x03\x01\
\xd0\x01\xd0\x01\xd0\x00\x01\x00\x03\x00\x13\x01\xd0\x01\xef\x00\
\x01\x00\x06\x02\x05\x00\x02\x00\x01\x00\x14\x00\x1d\x00\x00\x00\
\x03\x00\x01\x00\x1c\x00\x01\x00\x12\x00\x00\x00\x01\x00\x00\x00\
\x1f\x00\x02\x00\x01\x02\x19\x02\x22\x00\x00\x00\x01\x00\x03\x00\
\x13\x01\xd0\x01\xef\x00\x03\x00\x01\x00\x1c\x00\x01\x00\x12\x00\
\x00\x00\x01\x00\x00\x00\x1f\x00\x02\x00\x01\x02\x19\x02\x22\x00\
\x00\x00\x02\x00\x01\x02\x0f\x02\x18\x00\x00\x00\x02\x00\x48\x00\
\x21\x00\x14\x00\x15\x00\x16\x00\x17\x00\x18\x00\x19\x00\x1a\x00\
\x1b\x00\x1c\x00\x1d\x00\x16\x00\x17\x00\x15\x00\x14\x00\x15\x00\
\x16\x00\x17\x00\x18\x00\x19\x00\x1a\x00\x1b\x00\x1c\x00\x1d\x00\
\x14\x00\x15\x00\x16\x00\x17\x00\x18\x00\x19\x00\x1a\x00\x1b\x00\
\x1c\x00\x1d\x00\x02\x00\x05\x00\x14\x00\x1d\x00\x00\x00\x75\x00\
\x76\x00\x0a\x00\x7c\x00\x7c\x00\x0c\x02\x31\x02\x3a\x00\x0d\x02\
\xcd\x02\xd6\x00\x17\x00\x02\x00\x1a\x00\x0a\x01\xd1\x00\x7c\x00\
\x75\x00\x76\x01\xd2\x01\xd3\x01\xd4\x01\xd5\x01\xd6\x01\xd7\x00\
\x02\x00\x01\x00\x14\x00\x1d\x00\x00\x00\x02\x00\x0e\x00\x04\x00\
\x6d\x00\x7d\x00\x6d\x00\x7d\x00\x01\x00\x04\x00\x25\x00\x33\x00\
\x45\x00\x53\x00\x01\x00\x1c\x00\x01\x00\x08\x00\x02\x00\x06\x00\
\x0e\x01\xff\x00\x03\x00\x4a\x00\x4d\x01\xfd\x00\x02\x00\x4d\x00\
\x01\x00\x01\x00\x4a\x00\x01\x00\x24\x00\x01\x00\x08\x00\x03\x00\
\x08\x00\x10\x00\x16\x02\x00\x00\x03\x00\x4a\x00\x50\x01\xfe\x00\
\x02\x00\x50\x01\xfc\x00\x02\x00\x4a\x00\x01\x00\x01\x00\x4a\x00\
\x01\x00\x96\x00\x0c\x00\x1e\x00\x28\x00\x32\x00\x3c\x00\x46\x00\
\x50\x00\x5a\x00\x64\x00\x6e\x00\x78\x00\x82\x00\x8c\x00\x01\x00\
\x04\x01\x0c\x00\x02\x00\x52\x00\x01\x00\x04\x01\x0c\x00\x02\x00\
\x52\x00\x01\x00\x04\x01\x0c\x00\x02\x00\x52\x00\x01\x00\x04\x01\
\x0c\x00\x02\x00\x52\x00\x01\x00\x04\x01\x0c\x00\x02\x00\x52\x00\
\x01\x00\x04\x01\x0c\x00\x02\x00\x52\x00\x01\x00\x04\x01\x0c\x00\
\x02\x00\x52\x00\x01\x00\x04\x01\x0c\x00\x02\x00\x52\x00\x01\x00\
\x04\x01\x0c\x00\x02\x00\x52\x00\x01\x00\x04\x01\x0c\x00\x02\x00\
\x52\x00\x01\x00\x04\x01\x0c\x00\x02\x00\x52\x00\x01\x00\x04\x01\
\x0c\x00\x02\x00\x52\x00\x01\x00\x0c\x00\x06\x00\x0b\x00\x6e\x00\
\x7e\x01\xc2\x01\xc3\x01\xc4\x01\xc5\x01\xc6\x01\xc7\x01\xcd\x01\
\xce\x00\x01\x00\x06\x02\x05\x00\x02\x00\x01\x00\x14\x00\x1d\x00\
\x00\x00\x01\x00\x06\x01\xfb\x00\x02\x00\x01\x00\x14\x00\x1d\x00\
\x00\x00\x01\x00\x06\xfd\x47\x00\x02\x00\x01\x02\xcd\x02\xd6\x00\
\x00\x00\x01\x00\x06\x01\xc4\x00\x02\x00\x01\x00\x14\x00\x1d\x00\
\x00\x00\x01\x00\x06\x01\xc4\x00\x02\x00\x01\x00\x14\x00\x1d\x00\
\x00\x00\x01\x00\x50\x00\x02\x00\x0a\x00\x30\x00\x03\x00\x08\x00\
\x12\x00\x1c\x01\xcc\x00\x04\x00\x13\x00\x14\x00\x14\x01\xcc\x00\
\x04\x01\xd0\x00\x14\x00\x14\x01\xcc\x00\x04\x01\xef\x00\x14\x00\
\x14\x00\x03\x00\x08\x00\x10\x00\x18\x00\x80\x00\x03\x01\xd0\x00\
\x16\x00\x80\x00\x03\x01\xd0\x00\x75\x00\x7f\x00\x03\x01\xd0\x00\
\x18\x00\x01\x00\x02\x00\x14\x00\x15\x00\x01\x00\x14\x00\x01\x00\
\x08\x00\x01\x00\x04\x00\x09\x00\x03\x01\xd0\x00\x14\x00\x01\x00\
\x01\x00\x14\x00\x01\x00\x06\xff\xf6\x00\x02\x00\x01\x02\x19\x02\
\x22\x00\x00\x00\x01\x00\x00\x00\x0a\x00\x4e\x00\x5c\x00\x02\x63\
\x79\x72\x6c\x00\x0e\x6c\x61\x74\x6e\x00\x1a\x00\x04\x00\x00\x00\
\x00\xff\xff\x00\x01\x00\x00\x00\x22\x00\x05\x41\x46\x4b\x20\x00\
\x22\x4d\x4f\x4c\x20\x00\x22\x4e\x4c\x44\x20\x00\x22\x52\x4f\x4d\
\x20\x00\x22\x54\x52\x4b\x20\x00\x22\x00\x00\xff\xff\x00\x01\x00\
\x00\x00\x01\x6b\x65\x72\x6e\x00\x08\x00\x00\x00\x01\x00\x00\x00\
\x01\x00\x04\x00\x02\x00\x00\x00\x01\x00\x08\x00\x01\x18\x9a\x00\
\x04\x00\x00\x00\x8a\x01\x1e\x01\x4c\x01\x5a\x01\x94\x01\xea\x02\
\x2c\x02\x8e\x02\xd4\x03\x06\x03\x14\x03\x72\x03\x8c\x03\x9a\x04\
\x04\x04\x76\x04\xa8\x05\x0e\x05\x14\x05\x52\x05\x68\x06\x1e\x06\
\x30\x06\xb2\x07\x28\x07\x6e\x08\x08\x01\x4c\x08\x36\x08\x44\x08\
\x4e\x08\x58\x08\x96\x08\x9c\x08\xba\x08\xc8\x09\x06\x09\x1c\x09\
\x26\x09\x30\x09\x26\x01\x4c\x09\x42\x09\x48\x09\x6a\x09\x42\x09\
\x84\x09\x8a\x09\xa8\x09\xc2\x09\xcc\x0a\x6a\x0a\x6a\x09\xc2\x0a\
\x7c\x0a\xb2\x0b\x58\x0b\x9e\x0b\xd0\x0b\xde\x0c\x98\x0c\xba\x0b\
\xd0\x0d\x0c\x0d\x5a\x0d\x88\x0d\xea\x0e\x18\x0e\xd6\x0f\xa4\x0f\
\xca\x10\x08\x10\x22\x10\x38\x10\x38\x10\x52\x0d\x5a\x10\x80\x10\
\xa6\x10\xf8\x11\x26\x11\x34\x11\x62\x11\x8c\x11\xa6\x11\xd8\x12\
\x02\x12\x54\x12\x86\x12\xa0\x12\xca\x10\x22\x12\xe4\x12\xfe\x13\
\x18\x11\x8c\x11\x26\x11\x26\x13\x32\x13\x74\x13\x74\x13\x8a\x13\
\xa8\x09\xcc\x13\xd6\x14\x1c\x14\x1c\x14\x42\x14\xbc\x14\xf6\x15\
\x34\x15\xae\x15\xbc\x15\xfa\x16\x20\x16\x42\x16\x64\x16\x9a\x16\
\xac\x16\xca\x16\xf0\x17\x0a\x17\x30\x17\x72\x17\x98\x17\xaa\x17\
\xb8\x17\xc2\x17\xf0\x17\xfa\x18\x18\x18\x2e\x18\x3c\x18\x6a\x18\
\x70\x18\x76\x18\x7c\x18\x82\x18\x94\x00\x0b\x00\x25\xff\xee\x00\
\x2e\xff\xf4\x00\x38\xff\xe8\x00\x3a\xff\xee\x00\x3b\xff\xf4\x00\
\x3c\xff\xf4\x00\x3d\xff\xe8\x00\x6e\xff\xe2\x00\x7e\xff\xe2\x01\
\xcd\xff\xe2\x01\xce\xff\xe2\x00\x03\x00\x2e\xff\xe2\x00\x4e\x00\
\x3c\x02\x45\xff\xec\x00\x0e\x00\x04\xff\xe2\x00\x11\xff\xdc\x00\
\x6e\xff\xd0\x01\x69\x00\x14\x01\x89\x00\x14\x01\xc0\xff\xdc\x01\
\xc1\xff\xdc\x01\xc2\xff\xb8\x01\xc3\xff\xb8\x01\xc5\xff\xb8\x01\
\xc6\xff\xb8\x01\xcd\xff\xd0\x02\xce\xff\xec\x02\xd4\xff\xec\x00\
\x15\x00\x2e\xff\xf4\x00\x37\xff\xf4\x00\x38\xff\xa6\x00\x3a\xff\
\xe8\x00\x3b\xff\xf4\x00\x3c\xff\xe8\x00\x3d\xff\xa6\x00\x5c\xff\
\xf4\x01\x54\xff\xec\x01\x57\xff\xa6\x01\x60\xff\xa6\x01\x6b\xff\
\xe8\x01\x77\xff\xa6\x01\x7a\xff\xe8\x01\x8b\xff\xec\x01\x97\xff\
\xe2\x01\x9a\xff\xf4\x02\x4f\xff\xe2\x02\x53\xff\xf4\x02\x54\xff\
\xdc\x02\xd4\xff\xc4\x00\x10\x00\x04\xff\xe2\x00\x11\xff\xdc\x00\
\x38\xff\xa0\x00\x3a\xff\xbe\x00\x3b\xff\xca\x00\x3d\xff\xb8\x00\
\x6e\xff\xd5\x01\xc0\xff\xdc\x01\xc1\xff\xdc\x01\xc2\xff\xb8\x01\
\xc3\xff\xb8\x01\xc5\xff\xb8\x01\xc6\xff\xb8\x01\xcd\xff\xd0\x02\
\xce\xff\xec\x02\xd4\xff\xec\x00\x18\x00\x04\xff\xee\x00\x27\xff\
\xee\x00\x2b\xff\xee\x00\x33\xff\xee\x00\x35\xff\xee\x00\x38\xff\
\xc4\x00\x39\xff\xee\x00\x3a\xff\xe2\x00\x3b\xff\xf4\x00\x3d\xff\
\xc4\x00\x5a\xff\xfa\x00\x5b\xff\xfa\x00\x5d\xff\xfa\x00\x71\xff\
\xb2\x01\xc2\xff\xd0\x01\xc3\xff\xc4\x01\xc5\xff\xd0\x01\xc6\xff\
\xc4\x01\xe7\xff\xce\x02\x4f\xff\xe8\x02\x50\xff\xf4\x02\x51\xff\
\xfa\x02\x52\xff\xfa\x02\x54\xff\xdc\x00\x11\x00\x27\xff\xf4\x00\
\x33\xff\xf4\x00\x35\xff\xf4\x00\x38\xff\xfa\x00\x3d\xff\xf4\x00\
\x45\xff\xee\x00\x49\xff\xf4\x00\x53\xff\xf4\x00\x5a\xff\xee\x00\
\x5b\xff\xee\x00\x5d\xff\xee\x00\x89\xff\xf4\x01\x15\xff\xf4\x02\
\x3c\xff\xee\x02\x4a\xff\xf4\x02\x54\xff\xfa\x02\x5f\xff\xee\x00\
\x0c\x00\x10\xff\xd0\x00\x12\xff\xd0\x00\x25\xff\xe8\x00\x2e\xff\
\xc4\x00\x38\xff\xe7\x00\x3a\xff\xf4\x00\x3c\xff\xe2\x00\x3d\xff\
\xdc\x00\x3e\xff\xf4\x00\x89\xff\xd6\x02\x3c\xff\xee\x02\x5f\xff\
\xe8\x00\x03\x00\x5a\xff\xf4\x00\x5b\xff\xf4\x00\x5d\xff\xf4\x00\
\x17\x00\x10\xff\x94\x00\x11\xff\xf4\x00\x12\xff\xa0\x00\x1e\xff\
\xe8\x00\x1f\xff\xe8\x00\x25\xff\xca\x00\x2e\xff\x70\x00\x45\xff\
\xd0\x00\x49\xff\xd0\x00\x4d\xff\xee\x00\x53\xff\xd0\x00\x56\xff\
\xd6\x00\x59\xff\xd6\x00\x5d\xff\xee\x00\x6e\xff\xee\x00\x89\xff\
\x88\x01\xcd\xff\xee\x02\x3c\xff\xc4\x02\x44\xff\xf4\x02\x45\xff\
\x88\x02\x4a\xff\xd6\x02\x50\xff\xf4\x02\x5f\xff\xb8\x00\x06\x00\
\x38\xff\xd0\x00\x3a\xff\xfa\x00\x3b\xff\xf4\x00\x3d\xff\xd0\x00\
\x5b\xff\xe8\x00\x5d\xff\xe8\x00\x03\x00\x25\xff\xf4\x00\x45\xff\
\xfa\x02\x3c\xff\xf4\x00\x1a\x00\x04\xff\xf4\x00\x11\xff\xe8\x00\
\x25\xff\xf4\x00\x27\xff\xd8\x00\x2b\xff\xd8\x00\x33\xff\xd8\x00\
\x35\xff\xd8\x00\x38\xff\xf4\x00\x3d\xff\xfa\x00\x45\xff\xf4\x00\
\x49\xff\xe2\x00\x53\xff\xe2\x00\x59\xff\xe2\x00\x5a\xff\xe2\x00\
\x5b\xff\xe2\x00\x5d\xff\xe8\x01\x15\xff\xd8\x02\x3c\xff\xf4\x02\
\x3e\xff\xdc\x02\x44\xff\xf4\x02\x4a\xff\xdc\x02\x50\xff\xdc\x02\
\x51\xff\xdc\x02\x52\xff\xdc\x02\x54\xff\xca\x02\x5f\xff\xf4\x00\
\x1c\x00\x04\xff\xe8\x00\x11\xff\xdc\x00\x27\xff\xe2\x00\x2b\xff\
\xe2\x00\x33\xff\xe2\x00\x35\xff\xe2\x00\x38\xff\xb1\x00\x39\xff\
\xe8\x00\x3a\xff\xca\x00\x3b\xff\xd0\x00\x3d\xff\xb3\x00\x49\xff\
\xee\x00\x53\xff\xee\x00\x59\xff\xf4\x00\x5a\xff\xf4\x00\x5d\xff\
\xdc\x00\x71\xff\x88\x01\xc2\xff\xb8\x01\xc3\xff\xb8\x01\xc5\xff\
\xac\x01\xc6\xff\xac\x01\xe7\xff\xba\x02\x4a\xff\xee\x02\x4f\xff\
\xd0\x02\x50\xff\xf4\x02\x51\xff\xf4\x02\x52\xff\xf4\x02\x54\xff\
\xd6\x00\x0c\x00\x10\xff\xd0\x00\x12\xff\xd0\x00\x25\xff\xee\x00\
\x2e\xff\xdc\x00\x38\xff\xe2\x00\x3a\xff\xf4\x00\x3c\xff\xe2\x00\
\x3d\xff\xe0\x00\x3e\xff\xe8\x00\x89\xff\xd0\x02\x3c\xff\xe2\x02\
\x45\xff\xc4\x00\x19\x00\x10\xff\x70\x00\x11\xff\xdc\x00\x12\xff\
\x70\x00\x1e\xff\xdc\x00\x1f\xff\xdc\x00\x25\xff\xc4\x00\x38\xff\
\xfa\x00\x3d\xff\xee\x00\x45\xff\xd1\x00\x49\xff\xce\x00\x4d\xff\
\xe8\x00\x53\xff\xce\x00\x56\xff\xd5\x00\x57\xff\xd0\x00\x59\xff\
\xd5\x00\x5d\xff\xd6\x00\x89\xff\x88\x02\x3c\xff\xa0\x02\x44\xff\
\xee\x02\x45\xff\xa6\x02\x4a\xff\xe2\x02\x4e\xff\xe2\x02\x50\xff\
\xe8\x02\x54\xff\xe8\x02\x5f\xff\x82\x00\x01\x00\x3a\xff\xf4\x00\
\x0f\x00\x38\xff\xf4\x00\x3a\xff\xf4\x00\x3d\xff\xf6\x00\x45\xff\
\xf4\x00\x49\xff\xf4\x00\x53\xff\xf4\x00\x59\xff\xf4\x00\x5b\xff\
\xfa\x00\x5d\xff\xfa\x02\x3c\xff\xee\x02\x3e\xff\xf4\x02\x4a\xff\
\xf4\x02\x50\xff\xfa\x02\x52\xff\xfa\x02\x54\xff\xfa\x00\x05\x00\
\x38\xff\xf3\x00\x3a\xff\xf9\x00\x3d\xff\xf1\x00\x58\xff\xfa\x00\
\x5d\xff\xf4\x00\x2d\x00\x04\xff\xe8\x00\x10\xff\xb2\x00\x11\xff\
\xa6\x00\x12\xff\xb2\x00\x1e\xff\xb8\x00\x1f\xff\xb8\x00\x25\xff\
\xc4\x00\x27\xff\xe2\x00\x2b\xff\xe2\x00\x2e\xff\x94\x00\x33\xff\
\xe2\x00\x35\xff\xe2\x00\x3d\xff\xf4\x00\x3e\xff\xf4\x00\x45\xff\
\xa0\x00\x47\xff\xa0\x00\x49\xff\xa0\x00\x4c\xff\xee\x00\x4d\xff\
\xf4\x00\x53\xff\xa0\x00\x56\xff\xa6\x00\x57\xff\xa0\x00\x59\xff\
\xa6\x00\x5a\xff\xa0\x00\x5b\xff\xa0\x00\x5d\xff\xa0\x00\x5e\xff\
\xb2\x00\x6e\xff\xc4\x00\x7e\xff\xd0\x00\x89\xff\x88\x01\x15\xff\
\xe2\x01\xcd\xff\xc4\x01\xce\xff\xdc\x02\x3c\xff\xb0\x02\x3e\xff\
\xaa\x02\x44\xff\xd0\x02\x45\xff\x94\x02\x4a\xff\xaa\x02\x4e\xff\
\xc4\x02\x50\xff\xc4\x02\x51\xff\xe8\x02\x52\xff\xe8\x02\x54\xff\
\xe8\x02\x55\xff\xec\x02\x5f\xff\xa0\x00\x04\x00\x10\xff\xe8\x00\
\x12\xff\xe8\x00\x25\xff\xee\x00\x89\xff\xda\x00\x20\x00\x04\xff\
\xee\x00\x10\xff\xac\x00\x11\xff\xe8\x00\x12\xff\xac\x00\x1e\xff\
\xd0\x00\x1f\xff\xd0\x00\x25\xff\xe2\x00\x27\xff\xf4\x00\x2b\xff\
\xf4\x00\x33\xff\xf4\x00\x45\xff\xd6\x00\x49\xff\xd6\x00\x4d\xff\
\xee\x00\x53\xff\xd6\x00\x59\xff\xd6\x00\x5d\xff\xe8\x00\x6e\xff\
\xd6\x00\x7e\xff\xe8\x00\x89\xff\xc4\x01\x15\xff\xf4\x01\xc2\x00\
\x0c\x01\xc3\x00\x0c\x01\xc5\x00\x0c\x01\xc6\x00\x0c\x01\xcd\xff\
\xee\x01\xce\xff\xee\x02\x3c\xff\xd0\x02\x44\xff\xd6\x02\x4a\xff\
\xd6\x02\x50\xff\xd6\x02\x54\xff\xe8\x02\x5f\xff\xa0\x00\x1d\x00\
\x04\xff\xf4\x00\x10\xff\xbe\x00\x11\xff\xf4\x00\x12\xff\xbe\x00\
\x1e\xff\xe8\x00\x1f\xff\xe8\x00\x25\xff\xf4\x00\x33\xff\xf4\x00\
\x45\xff\xdc\x00\x49\xff\xdc\x00\x53\xff\xdc\x00\x56\xff\xe8\x00\
\x59\xff\xe8\x00\x5d\xff\xe8\x00\x6e\xff\xe8\x00\x7e\xff\xee\x00\
\x89\xff\xc4\x01\xc2\x00\x12\x01\xc3\x00\x12\x01\xc5\x00\x12\x01\
\xc6\x00\x12\x01\xcd\xff\xee\x01\xce\xff\xee\x02\x3c\xff\xdc\x02\
\x44\xff\xe2\x02\x4a\xff\xe2\x02\x50\xff\xe8\x02\x54\xff\xe8\x02\
\x5f\xff\xd6\x00\x11\x00\x04\xff\xf4\x00\x11\xff\xe8\x00\x27\xff\
\xe2\x00\x2b\xff\xe2\x00\x33\xff\xe2\x00\x45\xff\xf4\x00\x49\xff\
\xe4\x00\x53\xff\xe4\x00\x59\xff\xe8\x00\x5d\xff\xe4\x01\x15\xff\
\xee\x02\x3c\xff\xf4\x02\x44\xff\xf4\x02\x4a\xff\xe8\x02\x50\xff\
\xe8\x02\x54\xff\xd6\x02\x5f\xff\xf4\x00\x26\x00\x04\xff\xe8\x00\
\x10\xff\xb2\x00\x11\xff\xa6\x00\x12\xff\xb2\x00\x1e\xff\xc4\x00\
\x1f\xff\xc4\x00\x25\xff\xc4\x00\x27\xff\xe0\x00\x2b\xff\xe0\x00\
\x2e\xff\x88\x00\x33\xff\xe0\x00\x35\xff\xe0\x00\x45\xff\x9a\x00\
\x47\xff\x9a\x00\x48\xff\x9a\x00\x49\xff\x9a\x00\x4d\xff\xe8\x00\
\x53\xff\x9a\x00\x55\xff\x9a\x00\x56\xff\xb2\x00\x57\xff\xa6\x00\
\x59\xff\xaa\x00\x5a\xff\xb8\x00\x6e\xff\xc4\x00\x7e\xff\xe8\x00\
\x89\xff\xbe\x01\x15\xff\xe8\x01\xcd\xff\xdc\x01\xce\xff\xe8\x02\
\x3c\xff\x9a\x02\x3e\xff\xa6\x02\x44\xff\xb8\x02\x4a\xff\x9a\x02\
\x4c\xff\x9a\x02\x4e\xff\xa6\x02\x50\xff\xa6\x02\x51\xff\xb8\x02\
\x5f\xff\xa3\x00\x0b\x00\x11\xff\xdc\x00\x33\xff\xe8\x00\x45\xff\
\xf4\x00\x49\xff\xf4\x00\x53\xff\xf4\x00\x59\xff\xfa\x00\x5b\xff\
\xee\x00\x5d\xff\xee\x00\x6e\xff\xd0\x01\xcd\xff\xd0\x02\x4a\xff\
\xf4\x00\x03\x00\x58\xff\xf6\x01\xc3\xff\xe8\x01\xc6\xff\xe8\x00\
\x02\x00\x10\xff\xf4\x00\x12\xff\xf4\x00\x02\x00\x45\xff\xfa\x00\
\x5c\xff\xea\x00\x0f\x00\x04\x00\x18\x00\x05\x00\x1b\x00\x0d\x00\
\x1f\x00\x0e\x00\x24\x00\x23\x00\x30\x00\x41\x00\x1f\x00\x4a\xff\
\xe2\x00\x58\xff\xe8\x00\x61\x00\x1f\x01\xc2\x00\x30\x01\xc3\x00\
\x30\x01\xc5\x00\x30\x01\xc6\x00\x30\x01\xd1\x00\x2a\x01\xe7\x00\
\x2a\x00\x01\x00\x4e\x00\x0c\x00\x07\x00\x11\xff\xe8\x00\x45\xff\
\xfa\x00\x49\xff\xee\x00\x53\xff\xe6\x00\x57\xff\xfa\x00\x59\xff\
\xf4\x00\x5d\xff\xf4\x00\x03\x00\x10\xff\xf4\x00\x12\xff\xf4\x00\
\x5c\xff\xea\x00\x0f\x00\x10\xff\xd0\x00\x11\xff\xf5\x00\x12\xff\
\xd0\x00\x45\xff\xf0\x00\x47\xff\xee\x00\x48\xff\xee\x00\x49\xff\
\xee\x00\x4b\xff\xee\x00\x53\xff\xee\x00\x55\xff\xee\x00\x58\xff\
\xf4\x01\xc2\x00\x18\x01\xc3\x00\x18\x01\xc5\x00\x18\x01\xc6\x00\
\x18\x00\x05\x00\x58\xff\xe8\x01\xc2\x00\x18\x01\xc3\x00\x18\x01\
\xc5\x00\x18\x01\xc6\x00\x18\x00\x02\x00\x10\xff\xd0\x00\x12\xff\
\xd0\x00\x02\x00\x10\xff\xdc\x00\x12\xff\xdc\x00\x04\x00\x11\xff\
\xf4\x00\x47\xff\xea\x00\x49\xff\xea\x00\x53\xff\xea\x00\x01\x00\
\x4e\x00\x30\x00\x08\x00\x04\xff\xe2\x00\x38\xff\xd0\x00\x3a\xff\
\xe8\x00\x3b\xff\xee\x00\x3d\xff\xe8\x01\x57\xff\xc4\x01\x60\xff\
\xc4\x01\x77\xff\xc4\x00\x06\x00\x04\xff\xe2\x00\x10\xff\xdc\x00\
\x38\xff\xc4\x00\x3a\xff\xd6\x00\x3b\xff\xe8\x00\x3d\xff\xc4\x00\
\x01\x01\x54\xff\xf6\x00\x07\x00\x11\xff\xec\x01\x54\xff\xf6\x01\
\xc0\xff\xec\x01\xc1\xff\xec\x01\xc2\x00\x18\x01\xc5\x00\x18\x01\
\xc6\x00\x18\x00\x06\x00\x11\xff\xec\x01\xc0\xff\xec\x01\xc1\xff\
\xec\x01\xc2\x00\x18\x01\xc5\x00\x18\x01\xc6\x00\x18\x00\x02\x01\
\xc3\xff\xce\x01\xc6\xff\xce\x00\x27\x00\x10\xff\x88\x00\x11\xff\
\x92\x00\x12\xff\x88\x00\x1e\xff\xa6\x00\x1f\xff\xa6\x00\x7e\xff\
\xb0\x01\x65\xff\xb0\x01\x69\xff\xd8\x01\x70\xff\xce\x01\x73\xff\
\xe2\x01\x76\xff\xe2\x01\x77\x00\x1e\x01\x85\xff\x88\x01\x87\xff\
\x92\x01\x89\xff\x88\x01\x8a\xff\x88\x01\x8b\xff\x9c\x01\x8c\xff\
\x88\x01\x8d\xff\x92\x01\x90\xff\x88\x01\x91\xff\x92\x01\x92\xff\
\x92\x01\x93\xff\x88\x01\x95\xff\x92\x01\x96\xff\x88\x01\x98\xff\
\x9c\x01\x99\xff\x88\x01\x9a\xff\x9c\x01\x9b\xff\x92\x01\xa0\xff\
\x92\x01\xa1\xff\x92\x01\xa3\xff\x92\x01\xa4\xff\x88\x01\xc0\xff\
\x92\x01\xc1\xff\x92\x01\xc4\xff\x88\x01\xc7\xff\x88\x01\xcb\xff\
\x88\x01\xce\xff\xb0\x00\x04\x01\x77\xff\xc4\x01\x7c\xff\xe2\x01\
\xc3\xff\xce\x01\xc6\xff\xce\x00\x0d\x00\x11\xff\xe8\x01\x70\x00\
\x0c\x01\x73\xff\xd8\x01\x76\xff\xd8\x01\x79\xff\xce\x01\x8a\xff\
\xe2\x01\x93\xff\xe2\x01\x96\xff\xe2\x01\x97\xff\xd8\x01\x98\xff\
\xe8\x01\x99\xff\xe2\x01\xc0\xff\xe8\x01\xc1\xff\xe8\x00\x29\x00\
\x10\xff\x70\x00\x12\xff\x70\x00\x1e\xff\xce\x00\x1f\xff\xce\x01\
\x65\xff\xb0\x01\x69\xff\xc4\x01\x70\xff\xc4\x01\x73\xff\xec\x01\
\x76\xff\xec\x01\x77\x00\x14\x01\x79\xff\xe2\x01\x85\xff\xba\x01\
\x86\xff\xce\x01\x87\xff\xc4\x01\x88\xff\xc4\x01\x89\xff\xb0\x01\
\x8a\xff\xba\x01\x8b\xff\xc4\x01\x8c\xff\xba\x01\x8d\xff\xc4\x01\
\x8f\xff\xc4\x01\x90\xff\xb0\x01\x91\xff\xc4\x01\x92\xff\xc4\x01\
\x93\xff\xba\x01\x94\xff\xc4\x01\x95\xff\xc4\x01\x96\xff\xba\x01\
\x97\xff\xc4\x01\x99\xff\xba\x01\x9a\xff\xc4\x01\x9b\xff\xc4\x01\
\x9c\xff\xba\x01\x9d\xff\xc4\x01\x9e\xff\xc4\x01\xa2\xff\xc4\x01\
\xa3\xff\xc4\x01\xa4\xff\xba\x01\xc4\xff\x70\x01\xc7\xff\x70\x01\
\xcb\xff\x70\x00\x11\x01\x57\xff\xc4\x01\x59\xff\xee\x01\x5e\x00\
\x0c\x01\x60\xff\xc4\x01\x69\x00\x14\x01\x70\x00\x0c\x01\x73\xff\
\xee\x01\x76\xff\xee\x01\x77\xff\xc4\x01\x79\xff\xe8\x01\x7c\xff\
\xd0\x01\x97\xff\xe8\x01\x98\xff\xfa\x01\x9c\xff\xe8\x01\xb3\xff\
\xfa\x01\xc3\xff\xc4\x01\xc6\xff\xc4\x00\x0c\x01\x57\xff\xec\x01\
\x5e\xff\xec\x01\x60\xff\xec\x01\x69\xff\xec\x01\x70\xff\xec\x01\
\x77\xff\xec\x01\x7a\xff\xec\x01\x7c\xff\xec\x01\x7f\xff\xe8\x01\
\x84\xff\xec\x01\x98\xff\xec\x01\xb3\xff\xec\x00\x03\x01\x5e\xff\
\xec\x01\x69\xff\xec\x01\x70\xff\xec\x00\x2e\x00\x10\xff\x88\x00\
\x11\xff\x92\x00\x12\xff\x88\x00\x1e\xff\xa6\x00\x1f\xff\xa6\x00\
\x7e\xff\xb0\x01\x57\x00\x1e\x01\x59\xff\xe2\x01\x5e\xff\xce\x01\
\x60\x00\x1e\x01\x65\xff\xb0\x01\x69\xff\xd8\x01\x70\xff\xce\x01\
\x73\xff\xe2\x01\x76\xff\xe2\x01\x77\x00\x1e\x01\x78\x00\x14\x01\
\x85\xff\x88\x01\x87\xff\x92\x01\x89\xff\x88\x01\x8a\xff\x88\x01\
\x8b\xff\x9c\x01\x8c\xff\x88\x01\x8d\xff\x92\x01\x90\xff\x88\x01\
\x91\xff\x92\x01\x92\xff\x92\x01\x93\xff\x88\x01\x95\xff\x92\x01\
\x96\xff\x88\x01\x98\xff\x9c\x01\x99\xff\x88\x01\x9a\xff\x9c\x01\
\x9b\xff\x92\x01\xa0\xff\x92\x01\xa1\xff\x92\x01\xa3\xff\x92\x01\
\xa4\xff\x88\x01\xa9\xff\x88\x01\xae\xff\x88\x01\xc0\xff\x92\x01\
\xc1\xff\x92\x01\xc4\xff\x88\x01\xc7\xff\x88\x01\xcb\xff\x88\x01\
\xce\xff\xb0\x00\x08\x00\x10\x00\x1e\x00\x12\x00\x1e\x01\x5e\x00\
\x0c\x01\x69\x00\x14\x01\x70\x00\x0c\x01\xc4\x00\x1e\x01\xc7\x00\
\x1e\x01\xcb\x00\x1e\x00\x14\x00\x11\xff\xe8\x01\x59\xff\xd8\x01\
\x5e\x00\x0c\x01\x70\x00\x0c\x01\x73\xff\xd8\x01\x76\xff\xd8\x01\
\x79\xff\xe2\x01\x86\xff\xec\x01\x8a\xff\xe2\x01\x93\xff\xe2\x01\
\x96\xff\xe2\x01\x97\xff\xd8\x01\x98\xff\xe8\x01\x99\xff\xe2\x01\
\xa5\xff\xe2\x01\xa6\xff\xe2\x01\xa9\xff\xe2\x01\xb3\xff\xe8\x01\
\xc0\xff\xe8\x01\xc1\xff\xe8\x00\x13\x00\x11\xff\xe8\x01\x59\xff\
\xd8\x01\x5e\x00\x0c\x01\x70\x00\x0c\x01\x73\xff\xd8\x01\x76\xff\
\xd8\x01\x79\xff\xce\x01\x8a\xff\xe2\x01\x93\xff\xe2\x01\x96\xff\
\xe2\x01\x97\xff\xd8\x01\x98\xff\xe8\x01\x99\xff\xe2\x01\xa5\xff\
\xe2\x01\xa6\xff\xe2\x01\xa9\xff\xe2\x01\xb3\xff\xe8\x01\xc0\xff\
\xe8\x01\xc1\xff\xe8\x00\x0b\x01\x57\xff\xe2\x01\x5e\xff\xec\x01\
\x60\xff\xe2\x01\x63\xff\xec\x01\x65\xff\xee\x01\x69\xff\xec\x01\
\x6b\xff\xd8\x01\x70\xff\xec\x01\x77\xff\xe2\x01\x78\xff\xec\x01\
\x7a\xff\xe2\x00\x18\x00\x10\xff\x70\x00\x12\xff\x70\x00\x1e\xff\
\xdc\x00\x1f\xff\xdc\x01\x5e\xff\xba\x01\x65\xff\xc4\x01\x69\xff\
\xc4\x01\x6b\xff\xec\x01\x6c\xff\xee\x01\x70\xff\xba\x01\x7a\xff\
\xec\x01\x85\xff\xd8\x01\x89\xff\xba\x01\x8a\xff\xce\x01\x93\xff\
\xce\x01\x96\xff\xce\x01\x99\xff\xce\x01\xa4\xff\xce\x01\xa5\xff\
\xce\x01\xa6\xff\xce\x01\xa9\xff\xce\x01\xc4\xff\x70\x01\xc7\xff\
\x70\x01\xcb\xff\x70\x00\x0b\x01\x57\x00\x14\x01\x59\xff\xf4\x01\
\x60\x00\x14\x01\x73\xff\xf4\x01\x76\xff\xf4\x01\x77\x00\x14\x01\
\x79\xff\xf4\x01\x97\xff\xec\x01\x98\xff\xee\x01\x9c\xff\xec\x01\
\xb3\xff\xee\x00\x2f\x00\x10\xff\xb2\x00\x11\xff\xa6\x00\x12\xff\
\xb2\x00\x1e\xff\xb8\x00\x1f\xff\xb8\x00\x7e\xff\xc4\x01\x59\xff\
\xe2\x01\x5e\xff\xe2\x01\x63\x00\x0c\x01\x65\xff\xc4\x01\x69\xff\
\xe2\x01\x70\xff\xe2\x01\x73\xff\xe2\x01\x76\xff\xe2\x01\x77\x00\
\x1e\x01\x78\x00\x0c\x01\x79\xff\xe2\x01\x7f\x00\x12\x01\x85\xff\
\xa0\x01\x87\xff\xa6\x01\x8a\xff\xa0\x01\x8d\xff\xa6\x01\x8f\xff\
\xa6\x01\x90\xff\xa0\x01\x91\xff\xa6\x01\x93\xff\xa0\x01\x95\xff\
\xa6\x01\x96\xff\xa0\x01\x98\xff\xa0\x01\x99\xff\xa0\x01\x9a\xff\
\xa6\x01\x9d\xff\xa6\x01\x9e\xff\xa6\x01\x9f\xff\xa6\x01\xa0\xff\
\xa6\x01\xa1\xff\xa6\x01\xa2\xff\xb0\x01\xa3\xff\xa6\x01\xa4\xff\
\xa0\x01\xa9\xff\xa0\x01\xae\xff\xa0\x01\xc0\xff\xa6\x01\xc1\xff\
\xa6\x01\xc4\xff\xb2\x01\xc7\xff\xb2\x01\xcb\xff\xb2\x01\xce\xff\
\xc4\x00\x33\x00\x10\xff\x70\x00\x12\xff\x70\x00\x1e\xff\xce\x00\
\x1f\xff\xce\x01\x57\x00\x14\x01\x59\xff\xec\x01\x5d\xff\x88\x01\
\x5e\xff\xc4\x01\x60\x00\x14\x01\x65\xff\xb0\x01\x69\xff\xc4\x01\
\x70\xff\xc4\x01\x73\xff\xec\x01\x76\xff\xec\x01\x77\x00\x14\x01\
\x79\xff\xe2\x01\x85\xff\xba\x01\x86\xff\xce\x01\x87\xff\xc4\x01\
\x88\xff\xc4\x01\x89\xff\xb0\x01\x8a\xff\xba\x01\x8b\xff\xc4\x01\
\x8c\xff\xba\x01\x8d\xff\xc4\x01\x8e\xff\xc4\x01\x8f\xff\xc4\x01\
\x90\xff\xb0\x01\x91\xff\xc4\x01\x92\xff\xc4\x01\x93\xff\xba\x01\
\x94\xff\xc4\x01\x95\xff\xc4\x01\x96\xff\xba\x01\x97\xff\xc4\x01\
\x99\xff\xba\x01\x9a\xff\xc4\x01\x9b\xff\xc4\x01\x9c\xff\xba\x01\
\x9d\xff\xc4\x01\x9e\xff\xc4\x01\xa2\xff\xc4\x01\xa3\xff\xc4\x01\
\xa4\xff\xba\x01\xa5\xff\xba\x01\xa6\xff\xba\x01\xa9\xff\xba\x01\
\xae\xff\xb0\x01\xc4\xff\x70\x01\xc7\xff\x70\x01\xcb\xff\x70\x00\
\x09\x01\x57\xff\xe2\x01\x5e\xff\xe2\x01\x60\xff\xe2\x01\x63\xff\
\xe2\x01\x65\xff\xe8\x01\x70\xff\xe2\x01\x77\xff\xe2\x01\x78\xff\
\xe2\x01\x7a\xff\xe2\x00\x0f\x00\x11\xff\xe8\x01\x59\xff\xe2\x01\
\x73\xff\xe2\x01\x76\xff\xe2\x01\x8a\xff\xe8\x01\x93\xff\xe4\x01\
\x96\xff\xe8\x01\x98\xff\xe4\x01\x99\xff\xe8\x01\xa5\xff\xe8\x01\
\xa6\xff\xe8\x01\xa9\xff\xe4\x01\xb3\xff\xe4\x01\xc0\xff\xe8\x01\
\xc1\xff\xe8\x00\x06\x00\x10\x00\x1e\x00\x12\x00\x1e\x01\x69\x00\
\x14\x01\xc4\x00\x1e\x01\xc7\x00\x1e\x01\xcb\x00\x1e\x00\x05\x00\
\x10\x00\x1e\x00\x12\x00\x1e\x01\xc4\x00\x1e\x01\xc7\x00\x1e\x01\
\xcb\x00\x1e\x00\x06\x01\x57\xff\xc4\x01\x60\xff\xc4\x01\x77\xff\
\xc4\x01\x7c\xff\xe2\x01\xc3\xff\xce\x01\xc6\xff\xce\x00\x0b\x01\
\x57\xff\xe2\x01\x5e\xff\xec\x01\x60\xff\xe2\x01\x63\xff\xec\x01\
\x65\xff\xee\x01\x69\xff\xf4\x01\x6b\xff\xe8\x01\x70\xff\xec\x01\
\x77\xff\xe2\x01\x78\xff\xec\x01\x7a\xff\xe2\x00\x09\x01\x89\xff\
\xf4\x01\x8b\xff\xe6\x01\x90\xff\xf4\x01\x97\xff\xec\x01\x98\xff\
\xec\x01\x9a\xff\xec\x01\x9f\xff\xec\x01\xae\xff\xf4\x01\xb3\xff\
\xec\x00\x14\x00\x10\xff\xba\x00\x11\xff\xce\x00\x12\xff\xba\x01\
\x85\xff\xf4\x01\x89\xff\xf4\x01\x8a\xff\xf4\x01\x90\xff\xec\x01\
\x93\xff\xec\x01\x96\xff\xf4\x01\x97\x00\x0a\x01\x99\xff\xf4\x01\
\xa5\xff\xf4\x01\xa6\xff\xf4\x01\xa9\xff\xf4\x01\xae\xff\xec\x01\
\xc0\xff\xce\x01\xc1\xff\xce\x01\xc4\xff\xba\x01\xc7\xff\xba\x01\
\xcb\xff\xba\x00\x0b\x00\x10\x00\x1e\x00\x12\x00\x1e\x01\x89\x00\
\x1e\x01\x8b\x00\x0a\x01\x90\x00\x14\x01\x9a\x00\x0a\x01\x9c\xff\
\xf4\x01\xae\x00\x14\x01\xc4\x00\x1e\x01\xc7\x00\x1e\x01\xcb\x00\
\x1e\x00\x03\x01\x8b\xff\xe6\x01\x97\xff\xf4\x01\x9a\xff\xea\x00\
\x0b\x00\x11\xff\xec\x01\x89\x00\x0a\x01\x8a\xff\xe6\x01\x93\xff\
\xe6\x01\x96\xff\xee\x01\x99\xff\xee\x01\xa5\xff\xe6\x01\xa6\xff\
\xe6\x01\xa9\xff\xe6\x01\xc0\xff\xec\x01\xc1\xff\xec\x00\x0a\x00\
\x11\xff\xec\x01\x8a\xff\xe6\x01\x93\xff\xe6\x01\x96\xff\xe6\x01\
\x99\xff\xee\x01\xa5\xff\xe6\x01\xa6\xff\xe6\x01\xa9\xff\xe6\x01\
\xc0\xff\xec\x01\xc1\xff\xec\x00\x06\x01\x89\xff\xf4\x01\x8b\xff\
\xe6\x01\x90\xff\xf4\x01\x97\xff\xec\x01\x9a\xff\xea\x01\xae\xff\
\xf4\x00\x0c\x00\x10\xff\xf4\x00\x12\xff\xf4\x01\x89\xff\xf4\x01\
\x8b\xff\xe6\x01\x90\xff\xf4\x01\x97\xff\xec\x01\x9a\xff\xea\x01\
\x9f\xff\xec\x01\xae\xff\xf4\x01\xc4\xff\xf4\x01\xc7\xff\xf4\x01\
\xcb\xff\xf4\x00\x0a\x01\x86\x00\x12\x01\x89\x00\x0c\x01\x8c\x00\
\x0c\x01\x90\x00\x0a\x01\x97\x00\x12\x01\x98\x00\x12\x01\x9a\x00\
\x0a\x01\xa2\x00\x1e\x01\xae\x00\x0a\x01\xb3\x00\x12\x00\x14\x00\
\x10\xff\xce\x00\x11\xff\xe2\x00\x12\xff\xce\x01\x85\xff\xf4\x01\
\x89\xff\xf4\x01\x8a\xff\xec\x01\x90\xff\xec\x01\x93\xff\xec\x01\
\x96\xff\xec\x01\x97\x00\x0c\x01\x99\xff\xec\x01\xa5\xff\xec\x01\
\xa6\xff\xec\x01\xa9\xff\xf4\x01\xae\xff\xec\x01\xc0\xff\xe2\x01\
\xc1\xff\xe2\x01\xc4\xff\xce\x01\xc7\xff\xce\x01\xcb\xff\xce\x00\
\x0c\x00\x10\xff\xdc\x00\x12\xff\xdc\x01\x86\x00\x0c\x01\x89\xff\
\xee\x01\x90\xff\xe8\x01\x97\x00\x0c\x01\x99\xff\xf4\x01\xa2\x00\
\x12\x01\xae\xff\xe8\x01\xc4\xff\xdc\x01\xc7\xff\xdc\x01\xcb\xff\
\xdc\x00\x06\x01\x90\xff\xf4\x01\x97\xff\xec\x01\x98\xff\xf4\x01\
\x9a\xff\xec\x01\xae\xff\xf4\x01\xb3\xff\xf4\x00\x0a\x00\x11\xff\
\xf4\x01\x8a\xff\xea\x01\x93\xff\xea\x01\x96\xff\xea\x01\x99\xff\
\xfa\x01\xa5\xff\xea\x01\xa6\xff\xea\x01\xa9\xff\xea\x01\xc0\xff\
\xf4\x01\xc1\xff\xf4\x00\x06\x00\x10\x00\x1e\x00\x12\x00\x1e\x01\
\x89\x00\x1e\x01\xc4\x00\x1e\x01\xc7\x00\x1e\x01\xcb\x00\x1e\x00\
\x06\x01\x97\xff\xe2\x01\x98\xff\xec\x01\x9c\xff\xf4\x01\xb3\xff\
\xec\x01\xc3\xff\xe2\x01\xc6\xff\xe2\x00\x06\x01\x97\xff\xe2\x01\
\x98\xff\xe2\x01\x9c\xff\xf4\x01\xb3\xff\xe2\x01\xc3\xff\xe2\x01\
\xc6\xff\xe2\x00\x06\x01\x89\xff\xf4\x01\x8b\xff\xee\x01\x90\xff\
\xf4\x01\x97\xff\xec\x01\x9a\xff\xea\x01\xae\xff\xf4\x00\x10\x00\
\x10\xff\xba\x00\x11\xff\xce\x00\x12\xff\xba\x01\x85\xff\xf4\x01\
\x89\xff\xf4\x01\x8a\xff\xf4\x01\x90\xff\xec\x01\x93\xff\xec\x01\
\x96\xff\xf4\x01\x97\x00\x0a\x01\x99\xff\xf4\x01\xc0\xff\xce\x01\
\xc1\xff\xce\x01\xc4\xff\xba\x01\xc7\xff\xba\x01\xcb\xff\xba\x00\
\x05\x01\x97\xff\xe2\x01\x98\xff\xe2\x01\x9c\xff\xf4\x01\xc3\xff\
\xe2\x01\xc6\xff\xe2\x00\x07\x00\x11\xff\xec\x01\x8a\xff\xe6\x01\
\x93\xff\xe6\x01\x96\xff\xe6\x01\x99\xff\xee\x01\xc0\xff\xec\x01\
\xc1\xff\xec\x00\x0b\x00\x10\xff\xdc\x00\x12\xff\xdc\x01\x86\x00\
\x0c\x01\x89\xff\xee\x01\x90\xff\xe8\x01\x97\x00\x0c\x01\x99\xff\
\xf4\x01\xa2\x00\x12\x01\xc4\xff\xdc\x01\xc7\xff\xdc\x01\xcb\xff\
\xdc\x00\x11\x00\x10\xff\xba\x00\x11\xff\xce\x00\x12\xff\xba\x01\
\x85\xff\xf4\x01\x89\xff\xf4\x01\x8a\xff\xf4\x01\x90\xff\xec\x01\
\x93\xff\xec\x01\x96\xff\xf4\x01\x97\x00\x0a\x01\x99\xff\xf4\x01\
\xa6\xff\xf4\x01\xc0\xff\xce\x01\xc1\xff\xce\x01\xc4\xff\xba\x01\
\xc7\xff\xba\x01\xcb\xff\xba\x00\x09\x01\x54\xff\xec\x01\x57\xff\
\xa6\x01\x60\xff\xa6\x01\x6b\xff\xe8\x01\x77\xff\xa6\x01\x7a\xff\
\xe8\x01\x8b\xff\xec\x01\x97\xff\xe2\x01\x9a\xff\xf4\x00\x1e\x00\
\x10\xff\xa6\x00\x12\xff\xa6\x00\x25\xff\xb8\x00\x2e\xff\x94\x00\
\x38\x00\x12\x00\x3a\x00\x12\x00\x3b\x00\x12\x00\x3d\x00\x12\x00\
\x45\xff\xe2\x00\x47\xff\xd6\x00\x48\xff\xd6\x00\x49\xff\xd6\x00\
\x4b\xff\xd6\x00\x53\xff\xd6\x00\x55\xff\xd6\x00\x89\xff\xa6\x01\
\x5e\xff\xc4\x01\x65\xff\xb8\x01\x69\xff\xc4\x01\x70\xff\xc4\x01\
\x85\xff\xe2\x01\x89\xff\xd8\x01\x90\xff\xd8\x01\xae\xff\xd8\x01\
\xcb\xff\xa6\x02\x3c\xff\xbe\x02\x3e\xff\xd6\x02\x42\xff\xd6\x02\
\x4a\xff\xd6\x02\x4c\xff\xd6\x00\x0e\x00\x10\xff\xa6\x00\x12\xff\
\xa6\x00\x25\xff\xd0\x00\x45\xff\xc4\x00\x47\xff\xc4\x00\x49\xff\
\xc4\x00\x53\xff\xc4\x00\x57\xff\xd0\x01\x15\xff\xf4\x02\x3c\xff\
\xb2\x02\x3e\xff\xc4\x02\x4a\xff\xc4\x02\x4e\xff\xd0\x02\x5f\xff\
\xc4\x00\x0f\x00\x2e\x00\x18\x00\x38\xff\xb8\x00\x39\xff\xe8\x00\
\x3a\xff\xd0\x00\x3b\xff\xe8\x00\x3d\xff\xc4\x00\x4e\x00\x3c\x00\
\x5a\xff\xf4\x00\x5b\xff\xf4\x00\x5d\xff\xf4\x02\x45\x00\x0a\x02\
\x4f\xff\xe2\x02\x51\xff\xf4\x02\x52\xff\xf4\x02\x54\xff\xdc\x00\
\x1e\x00\x10\xff\xa6\x00\x12\xff\xa6\x00\x25\xff\xb8\x00\x2e\xff\
\x88\x00\x38\x00\x12\x00\x3a\x00\x12\x00\x3b\x00\x12\x00\x3d\x00\
\x12\x00\x45\xff\xe2\x00\x47\xff\xd6\x00\x48\xff\xd6\x00\x49\xff\
\xd6\x00\x4b\xff\xd6\x00\x53\xff\xd6\x00\x55\xff\xd6\x00\x89\xff\
\x88\x01\x5e\xff\xc4\x01\x65\xff\xb8\x01\x69\xff\xc4\x01\x70\xff\
\xc4\x01\x85\xff\xe2\x01\x89\xff\xd8\x01\x90\xff\xd8\x01\xae\xff\
\xd8\x01\xcb\xff\xa6\x02\x3c\xff\xb2\x02\x3e\xff\xd6\x02\x42\xff\
\xd6\x02\x4a\xff\xd6\x02\x4c\xff\xd6\x00\x03\x00\x10\xff\x88\x00\
\x12\xff\x88\x01\xcb\xff\x88\x00\x0f\x00\x2e\x00\x0c\x00\x38\xff\
\xb8\x00\x39\xff\xe8\x00\x3a\xff\xd0\x00\x3b\xff\xdc\x00\x3d\xff\
\xc4\x00\x4e\x00\x3c\x00\x5a\xff\xf4\x00\x5b\xff\xf4\x00\x5d\xff\
\xf4\x02\x45\x00\x0a\x02\x4f\xff\xe2\x02\x51\xff\xf4\x02\x52\xff\
\xf4\x02\x54\xff\xdc\x00\x09\x00\x04\xff\xe2\x00\x11\xff\xdc\x00\
\x6e\xff\xd5\x01\xc0\xff\xdc\x01\xc1\xff\xdc\x01\xc2\xff\xb8\x01\
\xc5\xff\xb8\x01\xc6\xff\xb8\x01\xcd\xff\xd0\x00\x08\x00\x04\xff\
\xe2\x00\x38\xff\xdc\x00\x3a\xff\xee\x00\x3b\xff\xee\x00\x3d\xff\
\xe8\x01\x57\xff\xc4\x01\x60\xff\xc4\x01\x77\xff\xc4\x00\x08\x00\
\x04\xff\xe2\x00\x10\xff\xdc\x00\x12\xff\xdc\x00\x38\xff\xc4\x00\
\x3a\xff\xe8\x00\x3b\xff\xee\x00\x3d\xff\xdc\x01\xcb\xff\xdc\x00\
\x0d\x00\x71\xff\xe2\x01\xc3\xff\xd6\x01\xc6\xff\xd0\x01\xe7\xff\
\xc4\x02\x3e\xff\xfa\x02\x42\xff\xfa\x02\x4a\xff\xfa\x02\x4c\xff\
\xfa\x02\x4f\xff\xe8\x02\x50\xff\xf4\x02\x51\xff\xee\x02\x52\xff\
\xf4\x02\x54\xff\xe2\x00\x04\x00\x10\xff\xf4\x00\x12\xff\xf4\x02\
\x3c\xff\xfa\x02\x54\xff\xfa\x00\x07\x00\x11\xff\xe8\x02\x3c\xff\
\xfa\x02\x3e\xff\xf4\x02\x4a\xff\xf4\x02\x4c\xff\xf4\x02\x4f\xff\
\xfa\x02\x5f\xff\xec\x00\x09\x00\x10\xff\xe8\x00\x12\xff\xe8\x02\
\x3c\xff\xfa\x02\x45\xff\xe8\x02\x4f\xff\xee\x02\x53\xff\xe2\x02\
\x54\xff\xf4\x02\x55\xff\xf4\x02\x5f\xff\xf1\x00\x06\x00\x10\xff\
\xb8\x00\x12\xff\xb8\x02\x3c\xff\xd6\x02\x45\xff\xbe\x02\x4a\xff\
\xf4\x02\x5f\xff\xc4\x00\x09\x00\x11\xff\xe8\x02\x3c\xff\xfa\x02\
\x3e\xff\xe8\x02\x42\xff\xe8\x02\x4a\xff\xe8\x02\x4e\xff\xfa\x02\
\x50\xff\xf4\x02\x54\xff\xf4\x02\x5f\xff\xfa\x00\x10\x00\x11\xff\
\xe2\x00\x71\xff\xc4\x01\xc2\xff\xe2\x01\xc3\xff\xe2\x01\xc5\xff\
\xd6\x01\xc6\xff\xd6\x01\xe7\xff\xc4\x02\x3e\xff\xe8\x02\x42\xff\
\xe8\x02\x4a\xff\xe8\x02\x4c\xff\xe8\x02\x4f\xff\xe2\x02\x50\xff\
\xf4\x02\x51\xff\xd6\x02\x52\xff\xd6\x02\x54\xff\xd0\x00\x09\x00\
\x10\xff\xe8\x00\x12\xff\xe8\x02\x3c\xff\xfa\x02\x45\xff\xe8\x02\
\x4f\xff\xee\x02\x51\xff\xfa\x02\x53\xff\xe2\x02\x54\xff\xee\x02\
\x55\xff\xee\x00\x04\x00\x10\xff\xac\x00\x12\xff\xac\x02\x3c\xff\
\xdc\x02\x5f\xff\xb5\x00\x03\x02\x2a\x00\x0c\x02\x2d\x00\x0c\x02\
\x30\x00\x0c\x00\x02\x02\x4e\xff\xf4\x02\x4f\xff\xf4\x00\x0b\x00\
\x10\xff\xbe\x00\x11\xff\xe2\x00\x12\xff\xbe\x01\xc3\x00\x18\x01\
\xc6\x00\x18\x02\x3c\xff\xe8\x02\x3e\xff\xee\x02\x42\xff\xee\x02\
\x45\xff\xbe\x02\x4a\xff\xee\x02\x5f\xff\xbf\x00\x02\x02\x3c\xff\
\xf4\x02\x5f\xff\xe7\x00\x07\x00\x10\xff\xd0\x00\x12\xff\xd0\x01\
\xc3\x00\x18\x01\xc6\x00\x18\x02\x3c\xff\xee\x02\x4a\xff\xfa\x02\
\x5f\xff\xdd\x00\x05\x00\x10\xff\xdc\x00\x12\xff\xdc\x01\xc3\x00\
\x18\x01\xc6\x00\x18\x02\x3c\xff\xf4\x00\x03\x00\x11\xff\xf4\x02\
\x3e\xff\xe2\x02\x4a\xff\xe2\x00\x0b\x00\x10\xff\xb2\x00\x11\xff\
\xdc\x00\x12\xff\xb2\x01\xc3\x00\x18\x01\xc6\x00\x18\x02\x3c\xff\
\xe2\x02\x3e\xff\xee\x02\x45\xff\xa6\x02\x4a\xff\xee\x02\x4c\xff\
\xee\x02\x5f\xff\xbf\x00\x01\x02\x4a\xff\xee\x00\x01\x02\xcd\x00\
\x0a\x00\x01\x02\xce\xff\xec\x00\x01\x02\xd4\xff\xec\x00\x04\x00\
\x10\xff\xb0\x00\x11\xff\xec\x00\x12\xff\xb0\x02\xd1\xff\xec\x00\
\x01\x02\xce\xff\xf6\x00\x01\x00\x8a\x00\x04\x00\x0c\x00\x10\x00\
\x11\x00\x12\x00\x25\x00\x27\x00\x28\x00\x29\x00\x2a\x00\x2b\x00\
\x2e\x00\x2f\x00\x30\x00\x33\x00\x34\x00\x35\x00\x36\x00\x37\x00\
\x38\x00\x39\x00\x3a\x00\x3b\x00\x3c\x00\x3d\x00\x3e\x00\x3f\x00\
\x45\x00\x46\x00\x49\x00\x4a\x00\x4b\x00\x4f\x00\x53\x00\x56\x00\
\x58\x00\x5a\x00\x5b\x00\x5c\x00\x5d\x00\x5f\x00\x64\x00\x6e\x00\
\x7e\x00\x82\x01\x52\x01\x53\x01\x54\x01\x57\x01\x58\x01\x5e\x01\
\x5f\x01\x60\x01\x61\x01\x63\x01\x65\x01\x66\x01\x67\x01\x68\x01\
\x69\x01\x6b\x01\x6c\x01\x6f\x01\x73\x01\x75\x01\x76\x01\x77\x01\
\x78\x01\x79\x01\x7a\x01\x7b\x01\x7e\x01\x7f\x01\x81\x01\x82\x01\
\x83\x01\x86\x01\x88\x01\x89\x01\x8a\x01\x8b\x01\x8f\x01\x93\x01\
\x95\x01\x96\x01\x97\x01\x98\x01\x99\x01\x9a\x01\x9b\x01\x9e\x01\
\x9f\x01\xa1\x01\xa2\x01\xa3\x01\xa5\x01\xa6\x01\xa8\x01\xae\x01\
\xaf\x01\xb1\x01\xb3\x01\xb5\x01\xb6\x01\xc0\x01\xc1\x01\xc2\x01\
\xc3\x01\xc4\x01\xc5\x01\xc6\x01\xc7\x01\xcb\x01\xcd\x01\xce\x02\
\x3c\x02\x3d\x02\x3e\x02\x3f\x02\x41\x02\x46\x02\x47\x02\x4a\x02\
\x4b\x02\x4c\x02\x4e\x02\x4f\x02\x50\x02\x51\x02\x52\x02\x53\x02\
\x54\x02\x55\x02\xcd\x02\xd1\x02\xd3\x02\xd4\x02\xd5\x00\x00\x00\
\x00\x00\x01\x00\x00\x00\x00\xd5\xa4\x27\x08\x00\x00\x00\x00\xcb\
\xbc\x13\x02\x00\x00\x00\x00\xcb\xbc\x13\x02\
\x00\x01\x5b\xbc\
\x00\
\x01\x00\x00\x00\x0f\x00\x80\x00\x03\x00\x70\x46\x46\x54\x4d\x6d\
\x1c\x4d\x09\x00\x01\x5b\xa0\x00\x00\x00\x1c\x47\x44\x45\x46\x0b\
\x2f\x0d\xa8\x00\x01\x31\x14\x00\x00\x00\x5a\x47\x50\x4f\x53\x18\
\x65\x5d\x5f\x00\x01\x42\xf4\x00\x00\x18\xaa\x47\x53\x55\x42\xb5\
\x22\xd2\x23\x00\x01\x31\x70\x00\x00\x11\x84\x4f\x53\x2f\x32\x68\
\xbd\x7b\x22\x00\x00\x01\x78\x00\x00\x00\x60\x63\x6d\x61\x70\xb8\
\x78\xa7\xb1\x00\x00\x0d\x44\x00\x00\x03\xe6\x67\x61\x73\x70\xff\
\xff\x00\x03\x00\x01\x31\x0c\x00\x00\x00\x08\x67\x6c\x79\x66\x2d\
\xc5\xa6\xef\x00\x00\x16\xe4\x00\x00\xdd\xb0\x68\x65\x61\x64\xf9\
\xd6\x69\x9c\x00\x00\x00\xfc\x00\x00\x00\x36\x68\x68\x65\x61\x07\
\x0d\x05\x4b\x00\x00\x01\x34\x00\x00\x00\x24\x68\x6d\x74\x78\xf3\
\xef\x8c\xd2\x00\x00\x01\xd8\x00\x00\x0b\x6c\x6c\x6f\x63\x61\xbc\
\x95\xf5\x2c\x00\x00\x11\x2c\x00\x00\x05\xb8\x6d\x61\x78\x70\x03\
\x24\x00\x5d\x00\x00\x01\x58\x00\x00\x00\x20\x6e\x61\x6d\x65\xe8\
\xf9\x6d\x53\x00\x00\xf4\x94\x00\x00\x24\x81\x70\x6f\x73\x74\x66\
\x37\x3f\x36\x00\x01\x19\x18\x00\x00\x17\xf3\x00\x01\x00\x00\x00\
\x01\x00\x00\xf0\xe2\x41\x0d\x5f\x0f\x3c\xf5\x00\x0b\x03\xe8\x00\
\x00\x00\x00\xcb\xbc\x13\x00\x00\x00\x00\x00\xcb\xbc\x13\x00\xff\
\x33\xff\x06\x04\x0c\x03\xb1\x00\x00\x00\x08\x00\x02\x00\x00\x00\
\x00\x00\x00\x00\x01\x00\x00\x03\xcb\xff\x02\x00\x00\x04\x32\xff\
\x33\xff\x3b\x04\x0c\x00\x01\x00\x00\x00\x00\x00\x00\x00\x00\x00\
\x00\x00\x00\x00\x00\x02\xdb\x00\x01\x00\x00\x02\xdb\x00\x5a\x00\
\x07\x00\x00\x00\x00\x00\x02\x00\x00\x00\x01\x00\x01\x00\x00\x00\
\x40\x00\x00\x00\x00\x00\x00\x00\x03\x02\x32\x01\x90\x00\x05\x00\
\x00\x02\xbc\x02\x8a\x00\x00\x00\x8c\x02\xbc\x02\x8a\x00\x00\x01\
\xdd\x00\x32\x00\xfa\x00\x00\x02\x0b\x05\x03\x02\x02\x02\x02\x02\
\x04\x00\x00\x02\x0f\x00\x00\x00\x00\x00\x00\x00\x00\x00\x00\x00\
\x00\x4c\x49\x4e\x4f\x00\x40\x00\x0d\xfb\x04\x02\xf4\xff\x0c\x00\
\xc8\x03\xcb\x00\xfe\x20\x00\x00\x97\x00\x00\x00\x00\x01\xd4\x02\
\xc4\x00\x00\x00\x20\x00\x04\x02\x00\x00\x00\x01\xf4\x00\x00\x01\
\x4d\x00\x00\x00\x00\x00\x00\x00\xfa\x00\x00\x01\x48\x00\x6e\x01\
\x95\x00\x64\x02\x2c\x00\x23\x02\x44\x00\x34\x03\x41\x00\x26\x02\
\xc0\x00\x31\x01\x04\x00\x64\x01\x2c\x00\x20\x01\x2c\x00\x46\x01\
\xbc\x00\x1f\x02\x9a\x00\x4e\x01\x04\x00\x2d\x01\x40\x00\x30\x01\
\x04\x00\x4c\x01\x72\x00\x05\x02\x44\x00\x3a\x02\x44\x00\x72\x02\
\x44\x00\x33\x02\x44\x00\x31\x02\x44\x00\x2a\x02\x44\x00\x38\x02\
\x44\x00\x3c\x02\x44\x00\x4e\x02\x44\x00\x3f\x02\x44\x00\x3e\x01\
\x2c\x00\x60\x01\x2c\x00\x3a\x02\x9a\x00\x4e\x02\x9a\x00\x4e\x02\
\x9a\x00\x4e\x01\xe2\x00\x30\x03\x20\x00\x23\x02\xbc\x00\x0a\x02\
\x7c\x00\x5e\x02\xd0\x00\x38\x02\xf5\x00\x5e\x02\x50\x00\x5e\x02\
\x32\x00\x5e\x03\x0b\x00\x38\x02\xce\x00\x5e\x01\x04\x00\x5e\x01\
\xec\x00\x19\x02\x74\x00\x5e\x01\xfe\x00\x5e\x03\x76\x00\x5e\x02\
\xfc\x00\x5e\x03\x52\x00\x38\x02\x44\x00\x5e\x03\x4b\x00\x38\x02\
\x57\x00\x5e\x02\x34\x00\x32\x02\x3a\x00\x0c\x02\xc6\x00\x5a\x02\
\x6f\x00\x03\x03\xcc\x00\x0e\x02\x89\x00\x13\x02\x5a\x00\x00\x02\
\x3c\x00\x1f\x01\x2c\x00\x3a\x01\x72\x00\x05\x01\x2c\x00\x50\x02\
\x9a\x00\x50\x01\xf4\x00\x00\x00\xf0\xff\xf6\x02\x16\x00\x37\x02\
\x7d\x00\x5c\x01\xf4\x00\x38\x02\x7d\x00\x38\x02\x3c\x00\x38\x01\
\x27\x00\x0c\x02\x78\x00\x38\x02\x47\x00\x5c\x00\xfa\x00\x4d\x00\
\xfb\xff\xe5\x01\xfe\x00\x5c\x00\xfc\x00\x5c\x03\x73\x00\x56\x02\
\x45\x00\x56\x02\x63\x00\x38\x02\x7b\x00\x5a\x02\x7b\x00\x38\x01\
\x68\x00\x56\x01\xbc\x00\x26\x01\x3d\x00\x04\x02\x45\x00\x56\x01\
\xe8\x00\x10\x02\xea\x00\x1a\x01\xe4\x00\x10\x01\xe8\x00\x10\x01\
\xba\x00\x1f\x01\x2c\x00\x00\x00\xde\x00\x51\x01\x2c\x00\x32\x02\
\x9a\x00\x59\x00\xfa\x00\x00\x01\x48\x00\x6e\x02\x44\x00\x58\x02\
\x44\x00\x4b\x03\x5c\x00\x85\x02\x44\x00\x0a\x00\xde\x00\x51\x02\
\x44\x00\x53\x00\xf0\xff\xe5\x03\x20\x00\x14\x01\x68\x00\x28\x01\
\xe2\x00\x34\x02\x9a\x00\x4e\x01\x40\x00\x30\x02\x58\x00\x48\x00\
\xf0\xff\xf1\x01\x90\x00\x33\x02\x9a\x00\x4e\x01\x72\x00\x2b\x01\
\x72\x00\x27\x00\xf0\x00\x3b\x02\x55\x00\x5a\x02\x58\x00\x30\x01\
\x04\x00\x4c\x00\xf0\x00\x0e\x01\x72\x00\x45\x01\x68\x00\x1c\x01\
\xe2\x00\x3d\x03\x48\x00\x45\x03\x48\x00\x45\x03\x48\x00\x27\x01\
\xe2\x00\x2e\x02\xbc\x00\x0a\x02\xbc\x00\x0a\x02\xbc\x00\x0a\x02\
\xbc\x00\x0a\x02\xbc\x00\x0a\x02\xbc\x00\x0a\x03\xde\x00\x0b\x02\
\xd0\x00\x38\x02\x50\x00\x5e\x02\x50\x00\x5e\x02\x50\x00\x5e\x02\
\x50\x00\x5e\x01\x04\xff\xe6\x01\x04\x00\x5e\x01\x04\xff\xed\x01\
\x04\xff\xef\x02\xf5\x00\x0d\x02\xfc\x00\x5e\x03\x52\x00\x38\x03\
\x52\x00\x38\x03\x52\x00\x38\x03\x52\x00\x38\x03\x52\x00\x38\x02\
\x9a\x00\x84\x03\x52\x00\x38\x02\xc6\x00\x5a\x02\xc6\x00\x5a\x02\
\xc6\x00\x5a\x02\xc6\x00\x5a\x02\x5a\x00\x00\x02\x44\x00\x5e\x02\
\x55\x00\x58\x02\x16\x00\x37\x02\x16\x00\x37\x02\x16\x00\x37\x02\
\x16\x00\x37\x02\x16\x00\x37\x02\x16\x00\x37\x03\x66\x00\x38\x01\
\xf4\x00\x38\x02\x3c\x00\x38\x02\x3c\x00\x38\x02\x3c\x00\x38\x02\
\x3c\x00\x38\x00\xfa\xff\xdf\x00\xfa\x00\x5b\x00\xfa\xff\xea\x00\
\xfa\xff\xeb\x02\x63\x00\x30\x02\x45\x00\x56\x02\x63\x00\x38\x02\
\x63\x00\x38\x02\x63\x00\x38\x02\x63\x00\x38\x02\x63\x00\x38\x02\
\x9a\x00\x4e\x02\x63\x00\x30\x02\x45\x00\x56\x02\x45\x00\x56\x02\
\x45\x00\x56\x02\x45\x00\x56\x01\xe8\x00\x10\x02\x79\x00\x5c\x01\
\xe8\x00\x10\x02\xbc\x00\x0a\x02\x16\x00\x37\x02\xbc\x00\x0a\x02\
\x16\x00\x37\x02\xbc\x00\x0a\x02\x16\x00\x37\x02\xd0\x00\x38\x01\
\xf4\x00\x38\x02\xd0\x00\x38\x01\xf4\x00\x38\x02\xd0\x00\x38\x01\
\xf4\x00\x38\x02\xd0\x00\x38\x01\xf4\x00\x38\x02\xf5\x00\x5e\x02\
\xa3\x00\x38\x02\xf5\x00\x0d\x02\x7d\x00\x38\x02\x50\x00\x5e\x02\
\x3c\x00\x38\x02\x50\x00\x5e\x02\x3c\x00\x38\x02\x50\x00\x5e\x02\
\x3c\x00\x38\x02\x50\x00\x5e\x02\x3c\x00\x38\x02\x50\x00\x5e\x02\
\x3c\x00\x38\x03\x0b\x00\x38\x02\x78\x00\x38\x03\x0b\x00\x38\x02\
\x78\x00\x38\x03\x0b\x00\x38\x02\x78\x00\x38\x03\x0f\x00\x38\x02\
\x78\x00\x38\x02\xce\x00\x5e\x02\x47\x00\x5c\x02\xce\x00\x5e\x02\
\x47\x00\x26\x01\x04\xff\xe1\x00\xfa\xff\xdd\x01\x04\xff\xfc\x00\
\xfa\xff\xf7\x01\x04\xff\xef\x00\xfa\xff\xea\x01\x04\x00\x17\x00\
\xfa\x00\x12\x01\x04\x00\x53\x00\xfa\x00\x5b\x02\xde\x00\x5e\x01\
\xf2\x00\x4d\x01\xec\x00\x19\x00\xfb\xff\xe5\x02\x74\x00\x5e\x01\
\xfe\x00\x5c\x01\xfe\x00\x5c\x01\xfe\x00\x5e\x00\xfc\x00\x5c\x01\
\xfe\x00\x5e\x00\xfc\x00\x2e\x01\xfe\x00\x5e\x01\x23\x00\x5c\x01\
\xfe\x00\x5e\x01\x38\x00\x5c\x01\xfe\x00\x0c\x00\xfc\x00\x0b\x02\
\xfc\x00\x5e\x02\x45\x00\x56\x02\xfc\x00\x5e\x02\x45\x00\x56\x02\
\xfc\x00\x5e\x02\x45\x00\x56\x02\x45\xff\xe5\x02\xfc\x00\x5e\x02\
\x45\x00\x56\x03\x52\x00\x38\x02\x63\x00\x38\x03\x52\x00\x38\x02\
\x63\x00\x38\x03\x52\x00\x38\x02\x63\x00\x38\x03\xe0\x00\x47\x03\
\xe2\x00\x38\x02\x57\x00\x5e\x01\x68\x00\x56\x02\x57\x00\x5e\x01\
\x68\x00\x2b\x02\x57\x00\x5e\x01\x68\x00\x42\x02\x34\x00\x32\x01\
\xbc\x00\x26\x02\x34\x00\x32\x01\xbc\x00\x26\x02\x34\x00\x32\x01\
\xbc\x00\x26\x02\x34\x00\x32\x01\xbc\x00\x26\x02\x3a\x00\x0c\x01\
\x3d\x00\x04\x02\x3a\x00\x0c\x01\x47\x00\x04\x02\x3a\x00\x0c\x01\
\x3d\x00\x04\x02\xc6\x00\x5a\x02\x45\x00\x56\x02\xc6\x00\x5a\x02\
\x45\x00\x56\x02\xc6\x00\x5a\x02\x45\x00\x56\x02\xc6\x00\x5a\x02\
\x45\x00\x56\x02\xc6\x00\x5a\x02\x45\x00\x56\x02\xc6\x00\x5a\x02\
\x45\x00\x56\x03\xcc\x00\x0e\x02\xea\x00\x1a\x02\x5a\x00\x00\x01\
\xe8\x00\x10\x02\x5a\x00\x00\x02\x3c\x00\x1f\x01\xba\x00\x1f\x02\
\x3c\x00\x1f\x01\xba\x00\x1f\x02\x3c\x00\x1f\x01\xba\x00\x1f\x02\
\x44\x00\x17\x02\x34\x00\x32\x01\xbc\x00\x26\x02\x3a\x00\x0c\x01\
\x3d\x00\x04\x00\xfb\xff\xe5\x00\xf0\xff\xe3\x00\xf0\xff\xe3\x00\
\xf0\xff\xf1\x00\xf0\xff\xe5\x00\xf0\x00\x48\x00\xf0\x00\x18\x00\
\xf0\x00\x1e\x00\xf0\xff\xd6\x00\xf0\xff\xc3\x02\xba\x00\x19\x03\
\x05\x00\x3c\x02\x55\x00\x5a\x02\x77\x00\x28\x02\x50\x00\x5e\x02\
\x50\x00\x5e\x03\x1a\x00\x0c\x01\xfc\x00\x5e\x02\xd0\x00\x38\x02\
\x34\x00\x32\x01\x04\x00\x5e\x01\x04\xff\xef\x01\xec\x00\x19\x04\
\x2e\x00\x01\x04\x18\x00\x5e\x03\x1a\x00\x0c\x02\x74\x00\x5e\x02\
\xdd\x00\x5e\x02\x71\x00\x03\x02\xce\x00\x5e\x02\xbc\x00\x0a\x02\
\x76\x00\x5e\x02\x7c\x00\x5e\x01\xfc\x00\x5e\x02\xee\x00\x10\x02\
\x50\x00\x5e\x03\xca\x00\x01\x02\x46\x00\x1e\x02\xdd\x00\x5e\x02\
\xdd\x00\x5e\x02\x74\x00\x5e\x02\xe4\x00\x01\x03\x76\x00\x5e\x02\
\xce\x00\x5e\x03\x52\x00\x38\x02\xce\x00\x5e\x02\x44\x00\x5e\x02\
\xd0\x00\x38\x02\x3a\x00\x0c\x02\x71\x00\x03\x03\x48\x00\x32\x02\
\x89\x00\x13\x02\xe6\x00\x5e\x02\x80\x00\x51\x04\x1a\x00\x5e\x04\
\x32\x00\x5e\x02\xb2\x00\x0c\x03\x32\x00\x5e\x02\x4e\x00\x5e\x02\
\xd0\x00\x1e\x04\x24\x00\x5e\x02\x58\x00\x27\x02\x16\x00\x37\x02\
\x6b\x00\x41\x02\x1b\x00\x5a\x01\xa4\x00\x5a\x02\x5b\x00\x18\x02\
\x3c\x00\x38\x02\xe8\x00\x09\x01\xd4\x00\x1e\x02\x58\x00\x5a\x02\
\x58\x00\x5a\x01\xfe\x00\x5c\x02\x46\x00\x09\x02\xd2\x00\x5a\x02\
\x49\x00\x5a\x02\x63\x00\x38\x02\x42\x00\x5a\x02\x7b\x00\x5a\x01\
\xf4\x00\x38\x01\xbe\x00\x14\x01\xe8\x00\x10\x02\xc8\x00\x32\x01\
\xe4\x00\x10\x02\x56\x00\x5a\x02\x0f\x00\x4a\x03\x46\x00\x5a\x03\
\x5a\x00\x5a\x02\x3a\x00\x14\x02\xc1\x00\x5a\x01\xf4\x00\x5a\x01\
\xf7\x00\x10\x03\x20\x00\x5a\x02\x1b\x00\x3c\x02\x3c\x00\x38\x02\
\x3c\x00\x38\x02\x47\x00\x08\x01\xa4\x00\x5a\x01\xf7\x00\x38\x01\
\xbc\x00\x26\x00\xfa\x00\x4d\x00\xfa\xff\xea\x00\xfb\xff\xe5\x03\
\x42\x00\x09\x03\x45\x00\x5a\x02\x47\x00\x08\x01\xfe\x00\x5c\x02\
\x58\x00\x5a\x01\xe8\x00\x10\x02\x42\x00\x5a\x01\xfc\x00\x5e\x01\
\xa4\x00\x5a\x03\xcc\x00\x0e\x02\xea\x00\x1a\x03\xcc\x00\x0e\x02\
\xea\x00\x1a\x03\xcc\x00\x0e\x02\xea\x00\x1a\x02\x5a\x00\x00\x01\
\xe8\x00\x10\x01\x40\x00\x30\x01\x90\x00\x1e\x02\x58\x00\x1e\x00\
\xde\x00\x2a\x00\xde\x00\x2a\x00\xde\x00\x2a\x01\x83\x00\x2a\x01\
\x83\x00\x2a\x01\x83\x00\x2a\x02\x2c\x00\x29\x02\x2c\x00\x32\x01\
\xf4\x00\x49\x03\xe8\x00\x71\x03\xe8\x00\x19\x01\x3b\x00\x3b\x01\
\x3b\x00\x45\x01\xe2\x00\x30\x00\x64\xff\x33\x01\x72\x00\x2a\x01\
\x72\x00\x21\x01\x72\x00\x29\x01\x72\x00\x2c\x01\x72\x00\x3d\x01\
\x72\x00\x2e\x01\x72\x00\x2b\x01\x72\x00\x2a\x01\x72\x00\x45\x01\
\x72\x00\x2b\x01\x72\x00\x27\x01\x72\x00\x21\x01\x72\x00\x29\x01\
\x72\x00\x2c\x01\x72\x00\x3d\x01\x72\x00\x2e\x01\x72\x00\x2b\x02\
\x44\x00\x0c\x03\x4f\x00\x28\x01\xf4\x00\x48\x04\x10\x00\x5e\x03\
\x20\x00\x14\x03\xe8\x00\x48\x03\x05\x00\x3c\x01\xf4\x00\x2c\x01\
\xf0\x00\x1f\x02\xba\x00\x19\x02\xc7\x00\x47\x02\x5c\x00\x19\x02\
\x9a\x00\x4e\x00\x64\xff\x33\x01\x04\x00\x4c\x01\xed\xff\xf8\x02\
\xe5\x00\x29\x02\x1f\x00\x65\x02\x9a\x00\x47\x02\x9a\x00\x52\x02\
\x9a\x00\x52\x02\x9a\x00\x52\x02\x51\x00\x5f\x02\x20\x00\x0c\x02\
\x20\x00\x0c\x02\x00\x00\x00\x02\x3c\x00\x0c\x02\x20\x00\x0c\x02\
\x20\x00\x0c\x03\x35\x00\x0c\x03\x35\x00\x0c\x00\xf0\xff\xf6\x00\
\xf0\x00\x3b\x00\xf0\xff\xe3\x00\xf0\xff\xe3\x00\xf0\x00\x56\x00\
\xf0\xff\xd6\x00\xf0\xff\xe5\x00\xf0\xff\xf1\x00\xf0\xff\xe5\x00\
\xf0\x00\x18\x00\xf0\xff\xc3\x00\xf0\x00\x48\x00\xf0\x00\x30\x00\
\xf0\x00\x60\x01\x72\x00\x2a\x01\x72\x00\x45\x01\x72\x00\x2b\x01\
\x72\x00\x27\x01\x72\x00\x21\x01\x72\x00\x29\x01\x72\x00\x2c\x01\
\x72\x00\x3d\x01\x72\x00\x2e\x01\x72\x00\x2b\x01\x72\x00\x2a\x01\
\x72\x00\x45\x01\x72\x00\x2b\x01\x72\x00\x27\x01\x72\x00\x21\x01\
\x72\x00\x29\x01\x72\x00\x2c\x01\x72\x00\x3d\x01\x72\x00\x2e\x01\
\x72\x00\x2b\x00\xf0\xff\xe6\x00\xf0\xff\xe6\x01\x1e\x00\x5a\x01\
\xe4\x00\x35\x02\x94\x00\x28\x02\x2e\x00\x32\x00\xf0\x00\x17\x00\
\xf0\x00\x34\x00\xf0\x00\x2d\x01\x27\x00\x04\x00\xf0\x00\x3b\x00\
\xf0\x00\x03\x01\x27\x00\x04\x00\xf0\x00\x25\x01\xe4\x00\x3e\x01\
\xe4\x00\x75\x01\xe4\x00\x45\x01\xe4\x00\x38\x01\xe4\x00\x33\x01\
\xe4\x00\x3d\x01\xe4\x00\x43\x01\xe4\x00\x50\x01\xe4\x00\x45\x01\
\xe4\x00\x42\x01\x7c\x00\x25\x02\x16\x00\x06\x02\x04\x00\x5a\x02\
\x2f\x00\x38\x02\x64\x00\x5a\x01\xf3\x00\x5a\x01\xd5\x00\x5a\x02\
\x69\x00\x38\x02\x67\x00\x5a\x00\xfa\x00\x5a\x01\x90\x00\x15\x02\
\x0b\x00\x5a\x01\xa5\x00\x5a\x02\xd4\x00\x5a\x02\x65\x00\x5a\x02\
\xa0\x00\x38\x01\xe7\x00\x5a\x02\xa0\x00\x38\x01\xf1\x00\x5a\x01\
\xc2\x00\x28\x01\xb6\x00\x0c\x02\x3c\x00\x52\x01\xf1\x00\x08\x02\
\xfe\x00\x16\x01\xea\x00\x0a\x01\xd4\x00\x00\x01\xf2\x00\x35\x02\
\x16\x00\x06\x02\x16\x00\x06\x02\x16\x00\x06\x02\x16\x00\x06\x02\
\x16\x00\x06\x02\x16\x00\x06\x02\x16\x00\x06\x02\x16\x00\x06\x02\
\x16\x00\x06\x03\x0b\xff\xec\x02\x2f\x00\x38\x02\x2f\x00\x38\x02\
\x2f\x00\x38\x02\x2f\x00\x38\x02\x2f\x00\x38\x02\x64\x00\x5a\x02\
\x64\x00\x11\x02\x64\x00\x11\x01\xf3\x00\x5a\x01\xf3\x00\x5a\x01\
\xf3\x00\x5a\x01\xf3\x00\x5a\x01\xf3\x00\x5a\x01\xf3\x00\x5a\x01\
\xf3\x00\x5a\x01\xf3\x00\x5a\x01\xf3\x00\x5a\x02\x69\x00\x38\x02\
\x69\x00\x38\x02\x69\x00\x38\x02\x69\x00\x38\x02\x0b\x00\x5a\x02\
\x67\x00\x5a\x02\x67\x00\x5a\x00\xfa\xff\xe2\x00\xfa\x00\x5a\x00\
\xfa\xff\xea\x00\xfa\xff\xe7\x00\xfa\xff\xda\x00\xfa\xff\xe9\x00\
\xfa\xff\xf7\x00\xfa\x00\x4e\x00\xfa\x00\x17\x01\x90\x00\x15\x02\
\x0b\x00\x5a\x01\xa5\x00\x5a\x01\xa5\x00\x5a\x01\xa5\x00\x5a\x01\
\xa5\x00\x08\x01\xa5\x00\x5a\x02\x65\x00\x5a\x02\x65\x00\x5a\x02\
\x65\x00\x5a\x02\x65\x00\x5a\x02\xa0\x00\x38\x02\xa0\x00\x38\x02\
\xa0\x00\x38\x02\xa0\x00\x38\x02\xa0\x00\x38\x02\xa0\x00\x38\x02\
\xa0\x00\x38\x02\xa0\x00\x38\x02\xa0\x00\x28\x03\x09\x00\x40\x01\
\xf1\x00\x5a\x01\xf1\x00\x5a\x01\xf1\x00\x5a\x01\xc2\x00\x28\x01\
\xc2\x00\x28\x01\xc2\x00\x28\x01\xc2\x00\x28\x01\xc2\x00\x28\x01\
\xb6\x00\x0c\x01\xb6\x00\x0c\x01\xb6\x00\x0c\x01\xeb\x00\x5b\x02\
\x3c\x00\x52\x02\x3c\x00\x52\x02\x3c\x00\x52\x02\x3c\x00\x52\x02\
\x3c\x00\x52\x02\x3c\x00\x52\x02\x3c\x00\x52\x02\x3c\x00\x52\x02\
\x3c\x00\x52\x02\x3c\x00\x52\x02\xfe\x00\x16\x02\xfe\x00\x16\x02\
\xfe\x00\x16\x02\xfe\x00\x16\x01\xd4\x00\x00\x01\xd4\x00\x00\x01\
\xd4\x00\x00\x01\xd4\x00\x00\x01\xf2\x00\x35\x01\xf2\x00\x35\x01\
\xf2\x00\x35\x02\x82\x00\x5a\x03\x85\x00\x2b\x02\x65\x00\x5a\x00\
\xf0\xff\xf6\x00\xf0\x00\x3b\x00\xf0\xff\xe3\x00\xf0\xff\xe3\x00\
\xf0\xff\xd6\x00\xf0\xff\xe5\x00\xf0\xff\xf1\x00\xf0\xff\xe5\x00\
\xf0\x00\x18\x00\xf0\xff\xc3\x00\xf0\x00\x48\x01\x1e\x00\x5a\x01\
\x7c\x00\x25\x01\xe4\x00\x1b\x01\xe4\x00\x32\x01\xe4\x00\x4d\x01\
\xe4\x00\x26\x01\xe4\x00\x1d\x03\xcc\x00\x28\x02\xb1\x00\x3e\x01\
\x81\x00\x2a\x02\x00\x00\x32\x02\x0f\x00\x48\x02\x39\x00\x2c\x02\
\x07\x00\x44\x02\x49\x00\x3a\x02\x04\x00\x31\x02\x40\x00\x3c\x02\
\x49\x00\x3c\x02\x8c\xff\xd9\x01\x68\x00\x1b\x02\xd6\x00\x5a\x03\
\x82\x00\x5a\x00\x00\x00\x03\x00\x00\x00\x03\x00\x00\x00\x1c\x00\
\x01\x00\x00\x00\x00\x01\xdc\x00\x03\x00\x01\x00\x00\x00\x1c\x00\
\x04\x01\xc0\x00\x00\x00\x6c\x00\x40\x00\x05\x00\x2c\x00\x00\x00\
\x0d\x00\x7e\x01\x7e\x01\x92\x02\x1b\x02\x37\x02\xc7\x02\xc9\x02\
\xdd\x03\x94\x03\xa9\x03\xbc\x03\xc0\x04\x5f\x04\x91\x1e\x85\x1e\
\xf3\x20\x10\x20\x14\x20\x1a\x20\x1e\x20\x22\x20\x26\x20\x30\x20\
\x3a\x20\x3d\x20\x44\x20\x70\x20\x79\x20\x89\x20\xac\x21\x05\x21\
\x13\x21\x17\x21\x22\x21\x26\x21\x2e\x22\x02\x22\x06\x22\x0f\x22\
\x12\x22\x15\x22\x1a\x22\x1e\x22\x2b\x22\x48\x22\x60\x22\x65\x25\
\xca\xf0\x02\xf8\xff\xfb\x04\xff\xff\x00\x00\x00\x00\x00\x0d\x00\
\x20\x00\xa0\x01\x92\x02\x18\x02\x37\x02\xc6\x02\xc9\x02\xd8\x03\
\x94\x03\xa9\x03\xbc\x03\xc0\x04\x00\x04\x90\x1e\x80\x1e\xf2\x20\
\x10\x20\x13\x20\x18\x20\x1c\x20\x20\x20\x26\x20\x30\x20\x39\x20\
\x3d\x20\x44\x20\x70\x20\x74\x20\x80\x20\xac\x21\x05\x21\x13\x21\
\x16\x21\x22\x21\x26\x21\x2e\x22\x02\x22\x06\x22\x0f\x22\x11\x22\
\x15\x22\x19\x22\x1e\x22\x2b\x22\x48\x22\x60\x22\x64\x25\xca\xf0\
\x01\xf8\xff\xfb\x00\xff\xff\x00\x01\xff\xf6\xff\xe4\xff\xc3\xff\
\xb0\xff\x2b\xff\x10\xfe\x82\xfe\x81\xfe\x73\xfd\xbd\xfd\xa9\xfd\
\x97\xfd\x94\xfd\x55\xfd\x25\xe3\x37\xe2\xcb\xe1\xaf\xe1\xad\xe1\
\xaa\xe1\xa9\xe1\xa8\xe1\xa5\xe1\x9c\xe1\x94\xe1\x92\xe1\x8c\xe1\
\x61\xe1\x5e\xe1\x58\xe1\x36\xe0\xde\xe0\xd1\xe0\xcf\xe0\xc5\xe0\
\xc2\xe0\xbb\xdf\xe8\xdf\xe5\xdf\xdd\xdf\xdc\xdf\xda\xdf\xd7\xdf\
\xd4\xdf\xc8\xdf\xac\xdf\x95\xdf\x92\xdc\x2e\x11\xf8\x08\xfc\x06\
\xfc\x00\x01\x00\x00\x00\x00\x00\x00\x00\x00\x00\x00\x00\x00\x00\
\x00\x00\x00\x00\x00\x00\x00\x00\x00\x00\x00\x00\x00\x00\x00\x00\
\x00\x00\x00\x00\x00\x00\x00\x00\x00\x00\x00\x00\x00\x00\x00\x00\
\x00\x00\x00\x00\x00\x00\x00\x00\x00\x00\x00\x00\x00\x00\x00\x00\
\x00\x00\x00\x00\x00\x00\x00\x00\x00\x00\x00\x00\x00\x00\x00\x00\
\x00\x00\x00\x00\x00\x00\x00\x00\x00\x00\x00\x00\x00\x00\x00\x00\
\x00\x00\x00\x00\x00\x00\x00\x00\x00\x00\x00\x00\x00\x00\x00\x00\
\x06\x02\x0a\x00\x00\x00\x00\x01\x00\x00\x01\x00\x00\x00\x00\x00\
\x00\x00\x00\x00\x00\x00\x00\x00\x00\x00\x01\x00\x02\x00\x00\x00\
\x00\x00\x00\x00\x03\x00\x00\x00\x00\x00\x00\x00\x00\x00\x00\x00\
\x00\x00\x00\x00\x00\x00\x00\x00\x00\x00\x00\x00\x00\x00\x00\x00\
\x00\x00\x00\x00\x01\x00\x00\x00\x00\x00\x04\x00\x05\x00\x06\x00\
\x07\x00\x08\x00\x09\x00\x0a\x00\x0b\x00\x0c\x00\x0d\x00\x0e\x00\
\x0f\x00\x10\x00\x11\x00\x12\x00\x13\x00\x14\x00\x15\x00\x16\x00\
\x17\x00\x18\x00\x19\x00\x1a\x00\x1b\x00\x1c\x00\x1d\x00\x1e\x00\
\x1f\x00\x20\x00\x21\x00\x22\x00\x23\x00\x24\x00\x25\x00\x26\x00\
\x27\x00\x28\x00\x29\x00\x2a\x00\x2b\x00\x2c\x00\x2d\x00\x2e\x00\
\x2f\x00\x30\x00\x31\x00\x32\x00\x33\x00\x34\x00\x35\x00\x36\x00\
\x37\x00\x38\x00\x39\x00\x3a\x00\x3b\x00\x3c\x00\x3d\x00\x3e\x00\
\x3f\x00\x40\x00\x41\x00\x42\x00\x43\x00\x44\x00\x45\x00\x46\x00\
\x47\x00\x48\x00\x49\x00\x4a\x00\x4b\x00\x4c\x00\x4d\x00\x4e\x00\
\x4f\x00\x50\x00\x51\x00\x52\x00\x53\x00\x54\x00\x55\x00\x56\x00\
\x57\x00\x58\x00\x59\x00\x5a\x00\x5b\x00\x5c\x00\x5d\x00\x5e\x00\
\x5f\x00\x60\x00\x61\x00\x62\x00\x00\x00\x87\x00\x88\x00\x8a\x00\
\x8c\x00\x94\x00\x99\x00\x9f\x00\xa4\x00\xa3\x00\xa5\x00\xa7\x00\
\xa6\x00\xa8\x00\xaa\x00\xac\x00\xab\x00\xad\x00\xae\x00\xb0\x00\
\xaf\x00\xb1\x00\xb2\x00\xb4\x00\xb6\x00\xb5\x00\xb7\x00\xb9\x00\
\xb8\x00\xbd\x00\xbc\x00\xbe\x00\xbf\x01\xc8\x00\x73\x00\x65\x00\
\x66\x00\x6a\x01\xca\x00\x79\x00\xa2\x00\x71\x00\x6c\x01\xe7\x00\
\x77\x00\x6b\x01\xf5\x00\x89\x00\x9b\x01\xf2\x00\x74\x01\xf6\x01\
\xf7\x00\x68\x00\x78\x01\xea\x01\xed\x01\xec\x01\x54\x01\xf3\x00\
\x6d\x00\x7d\x01\x52\x00\xa9\x00\xbb\x00\x82\x00\x64\x00\x6f\x01\
\xf1\x01\x42\x01\xf4\x01\xeb\x00\x6e\x00\x7e\x01\xcb\x00\x63\x00\
\x83\x00\x86\x00\x98\x01\x15\x01\x16\x01\xc0\x01\xc1\x01\xc5\x01\
\xc6\x01\xc2\x01\xc3\x00\xba\x01\xf8\x00\xc2\x01\x3b\x01\xd0\x01\
\xe2\x01\xcd\x01\xce\x01\xfd\x01\xfe\x01\xc9\x00\x7a\x01\xc4\x01\
\xc7\x01\xcc\x00\x85\x00\x8d\x00\x84\x00\x8e\x00\x8b\x00\x90\x00\
\x91\x00\x92\x00\x8f\x00\x96\x00\x97\x01\xfb\x00\x95\x00\x9d\x00\
\x9e\x00\x9c\x00\xf4\x01\x48\x01\x4f\x00\x72\x01\x4b\x01\x4c\x01\
\x4d\x00\x7b\x01\x50\x01\x4e\x01\x49\x00\x00\x00\x00\x00\x40\x00\
\x40\x00\x40\x00\x40\x00\x40\x00\x5a\x00\x6c\x00\x9c\x00\xe8\x01\
\x26\x01\x6c\x01\x78\x01\x92\x01\xaa\x01\xc8\x01\xde\x01\xec\x01\
\xfa\x02\x0c\x02\x1c\x02\x54\x02\x66\x02\x8e\x02\xc8\x02\xe6\x03\
\x12\x03\x3c\x03\x50\x03\x92\x03\xba\x03\xd8\x03\xf2\x04\x06\x04\
\x1a\x04\x2c\x04\x64\x04\xbc\x04\xd6\x05\x0c\x05\x32\x05\x58\x05\
\x70\x05\x86\x05\xac\x05\xc4\x05\xd2\x05\xf0\x06\x0e\x06\x1e\x06\
\x3e\x06\x58\x06\x7a\x06\x98\x06\xc2\x06\xe8\x07\x30\x07\x42\x07\
\x66\x07\x7c\x07\x9c\x07\xba\x07\xd0\x07\xe8\x07\xfa\x08\x0a\x08\
\x1c\x08\x30\x08\x3c\x08\x4a\x08\x86\x08\xb2\x08\xd6\x09\x02\x09\
\x30\x09\x52\x09\x90\x09\xb2\x09\xca\x09\xee\x0a\x08\x0a\x16\x0a\
\x4a\x0a\x70\x0a\x94\x0a\xc0\x0a\xec\x0b\x0c\x0b\x46\x0b\x68\x0b\
\x8c\x0b\xa2\x0b\xc2\x0b\xda\x0b\xfe\x0c\x16\x0c\x44\x0c\x52\x0c\
\x82\x0c\xa4\x0c\xa4\x0c\xbc\x0c\xee\x0d\x1a\x0d\x5e\x0d\x82\x0d\
\x94\x0d\xee\x0e\x0c\x0e\x54\x0e\x8a\x0e\xa6\x0e\xb6\x0e\xc4\x0e\
\xfc\x0f\x0a\x0f\x28\x0f\x44\x0f\x6e\x0f\xa2\x0f\xb0\x0f\xdc\x0f\
\xf6\x10\x08\x10\x2e\x10\x40\x10\x62\x10\x7c\x10\xae\x10\xec\x11\
\x3e\x11\x76\x11\x98\x11\xba\x11\xe0\x12\x12\x12\x44\x12\x76\x12\
\x9c\x12\xe0\x13\x00\x13\x20\x13\x44\x13\x74\x13\x88\x13\x9c\x13\
\xb4\x13\xd8\x14\x08\x14\x38\x14\x62\x14\x8c\x14\xba\x14\xf2\x15\
\x2c\x15\x46\x15\x82\x15\xac\x15\xd6\x16\x04\x16\x3e\x16\x5c\x16\
\x7a\x16\xb8\x16\xfc\x17\x40\x17\x88\x17\xda\x18\x2e\x18\x82\x18\
\xde\x19\x22\x19\x56\x19\x8c\x19\xc6\x1a\x0c\x1a\x20\x1a\x34\x1a\
\x4c\x1a\x70\x1a\xae\x1a\xe8\x1b\x12\x1b\x3c\x1b\x6a\x1b\xa4\x1b\
\xde\x1c\x02\x1c\x3e\x1c\x6a\x1c\x96\x1c\xc6\x1d\x02\x1d\x2c\x1d\
\x58\x1d\x92\x1d\xb4\x1d\xf8\x1e\x24\x1e\x72\x1e\xa2\x1e\xf4\x1f\
\x22\x1f\x4e\x1f\x80\x1f\xb0\x1f\xe2\x20\x12\x20\x44\x20\x74\x20\
\xa6\x20\xda\x21\x0a\x21\x3e\x21\x5c\x21\x90\x21\xba\x21\xfa\x22\
\x1e\x22\x58\x22\x86\x22\xc8\x22\xec\x23\x26\x23\x58\x23\xa2\x23\
\xda\x24\x2a\x24\x5c\x24\xa6\x24\xd4\x25\x1a\x25\x3c\x25\x68\x25\
\x86\x25\xb0\x25\xd4\x25\xf8\x26\x0c\x26\x20\x26\x3e\x26\x5c\x26\
\x7e\x26\xac\x26\xc4\x26\xd2\x26\xf8\x27\x2e\x27\x58\x27\x7a\x27\
\x9e\x27\xbe\x27\xd6\x27\xee\x28\x02\x28\x1a\x28\x2e\x28\x46\x28\
\x5a\x28\x76\x28\x90\x28\xaa\x28\xc2\x28\xe2\x29\x0e\x29\x30\x29\
\x5c\x29\x80\x29\xb0\x29\xdc\x2a\x00\x2a\x30\x2a\x58\x2a\x82\x2a\
\xb6\x2a\xea\x2b\x1a\x2b\x4a\x2b\x7c\x2b\xc6\x2b\xf2\x2c\x1a\x2c\
\x46\x2c\x6e\x2c\x9e\x2c\xca\x2d\x18\x2d\x5a\x2d\xac\x2d\xf2\x2e\
\x58\x2e\xb0\x2f\x02\x2f\x48\x2f\x62\x2f\x8c\x2f\xaa\x2f\xd4\x2f\
\xee\x30\x18\x30\x52\x30\x8e\x30\xb8\x30\xe4\x31\x1a\x31\x50\x31\
\x8a\x31\xc6\x31\xf8\x32\x2a\x32\x64\x32\x9e\x32\xca\x32\xf4\x33\
\x16\x33\x44\x33\x72\x33\x90\x33\xae\x33\xd2\x33\xf4\x34\x16\x34\
\x38\x34\x68\x34\xb6\x34\xf8\x35\x12\x35\x3c\x35\x54\x35\x66\x35\
\x78\x35\x86\x35\x9e\x35\xb0\x35\xce\x35\xea\x36\x06\x36\x1a\x36\
\x32\x36\x64\x36\x90\x36\xb4\x36\xd2\x37\x00\x37\x2a\x37\x42\x37\
\x6e\x37\xb6\x37\xc2\x37\xe6\x38\x04\x38\x36\x38\x60\x38\x80\x38\
\xa4\x38\xc4\x38\xfa\x39\x12\x39\x2c\x39\x4c\x39\x80\x39\x90\x39\
\xb2\x39\xca\x39\xf6\x3a\x32\x3a\x4a\x3a\x76\x3a\x92\x3a\xb2\x3a\
\xd0\x3a\xe8\x3b\x0a\x3b\x1c\x3b\x3a\x3b\x62\x3b\x74\x3b\x98\x3b\
\xcc\x3b\xe8\x3c\x00\x3c\x1c\x3c\x34\x3c\x52\x3c\x72\x3c\x98\x3c\
\xb6\x3c\xe2\x3d\x10\x3d\x36\x3d\x72\x3d\xb2\x3d\xe0\x3d\xf0\x3e\
\x10\x3e\x3e\x3e\x60\x3e\x9a\x3e\xb2\x3e\xde\x3e\xf6\x3f\x14\x3f\
\x32\x3f\x48\x3f\x6c\x3f\x7e\x3f\xaa\x3f\xce\x3f\xe0\x40\x04\x40\
\x36\x40\x4e\x40\x66\x40\x82\x40\x98\x40\xb4\x40\xd2\x40\xf6\x41\
\x12\x41\x38\x41\x62\x41\x84\x41\xba\x42\x00\x42\x36\x42\x4c\x42\
\x72\x42\xac\x42\xc4\x42\xe8\x43\x0c\x43\x3a\x43\x60\x43\x88\x43\
\xa8\x43\xc8\x43\xfe\x44\x16\x44\x28\x44\x38\x44\x60\x44\x86\x44\
\xae\x44\xd6\x45\x0e\x45\x44\x45\x62\x45\x8c\x45\x9a\x45\xa8\x45\
\xb6\x45\xc4\x45\xd2\x45\xe0\x45\xf4\x46\x08\x46\x1c\x46\x32\x46\
\x50\x46\x62\x46\x8a\x46\xe0\x46\xf0\x47\x00\x47\x38\x47\x48\x47\
\x72\x47\x8e\x47\xb8\x47\xe4\x47\xf6\x48\x38\x48\x62\x48\x8c\x48\
\x9e\x48\xc6\x48\xf8\x49\x14\x49\x3c\x49\x68\x49\x78\x49\xb8\x49\
\xe2\x4a\x22\x4a\x6a\x4a\xa0\x4a\xda\x4b\x18\x4b\x40\x4b\x72\x4b\
\x9c\x4b\xdc\x4b\xf4\x4c\x08\x4c\x24\x4c\x32\x4c\x42\x4c\x54\x4c\
\x6c\x4c\xcc\x4d\x0a\x4d\x4a\x4d\x6c\x4d\x86\x4d\xa0\x4d\xbc\x4d\
\xf0\x4e\x1a\x4e\x5a\x4e\x92\x4e\xc6\x4e\xf0\x4f\x3a\x4f\x7a\x4f\
\x88\x4f\x96\x4f\xa8\x4f\xba\x4f\xc8\x4f\xe4\x50\x02\x50\x10\x50\
\x28\x50\x46\x50\x5a\x50\x6c\x50\x7a\x50\x88\x50\xb2\x50\xc4\x50\
\xec\x51\x1e\x51\x38\x51\x60\x51\x8c\x51\x9c\x51\xdc\x52\x06\x52\
\x30\x52\x42\x52\x6c\x52\xa0\x52\xbc\x52\xe6\x53\x12\x53\x24\x53\
\x66\x53\x90\x53\xaa\x53\xc4\x53\xde\x54\x20\x54\x5e\x54\x9e\x54\
\xb8\x54\xd2\x54\xe4\x54\xf2\x55\x02\x55\x2e\x55\x3c\x55\x68\x55\
\x9c\x55\xae\x55\xd2\x56\x08\x56\x26\x56\x52\x56\x7e\x56\x90\x56\
\xd4\x56\xfe\x57\x34\x57\x4e\x57\x7a\x57\xa0\x57\xc4\x57\xda\x57\
\xee\x58\x14\x58\x2a\x58\x38\x58\x56\x58\x70\x58\x80\x58\x9e\x58\
\xb8\x58\xdc\x58\xfa\x59\x22\x59\x44\x59\x86\x59\x98\x59\xb6\x59\
\xca\x59\xea\x5a\x04\x5a\x18\x5a\x30\x5a\x50\x5a\x70\x5a\x94\x5a\
\xc4\x5a\xf4\x5b\x14\x5b\x3e\x5b\x6e\x5b\x9c\x5b\xc0\x5b\xee\x5c\
\x20\x5c\x52\x5c\x84\x5c\xc8\x5c\xf6\x5d\x20\x5d\x4a\x5d\x68\x5d\
\x86\x5d\xa8\x5d\xca\x5d\xf8\x5e\x16\x5e\x3e\x5e\x60\x5e\x8c\x5e\
\xbc\x5e\xf4\x5f\x26\x5f\x54\x5f\x6e\x5f\x8e\x5f\xaa\x5f\xbe\x5f\
\xd2\x5f\xf0\x60\x08\x60\x2c\x60\x50\x60\x64\x60\x7c\x60\x9e\x60\
\xc6\x60\xe8\x60\xfe\x61\x14\x61\x2c\x61\x46\x61\x62\x61\x82\x61\
\xa6\x61\xd6\x61\xf8\x62\x22\x62\x4c\x62\x7a\x62\xb4\x62\xee\x63\
\x18\x63\x4e\x63\x80\x63\xbc\x63\xe4\x64\x0c\x64\x38\x64\x60\x64\
\xa8\x64\xf4\x65\x40\x65\x9e\x65\xe6\x66\x04\x66\x1e\x66\x38\x66\
\x56\x66\x7a\x66\x9e\x66\xc6\x66\xfa\x67\x2e\x67\x52\x67\x82\x67\
\xb6\x67\xe2\x68\x14\x68\x3c\x68\x68\x68\x9e\x68\xc6\x68\xe0\x68\
\xfe\x69\x28\x69\x42\x69\x60\x69\x82\x69\xa4\x69\xc8\x6a\x44\x6a\
\x68\x6a\x76\x6a\x84\x6a\x96\x6a\xa8\x6a\xc4\x6a\xe2\x6a\xf0\x6b\
\x08\x6b\x26\x6b\x3a\x6b\x4c\x6b\x64\x6b\x9a\x6b\xda\x6c\x0c\x6c\
\x32\x6c\x60\x6c\x82\x6c\xd6\x6c\xfa\x6d\x0a\x6d\x36\x6d\x66\x6d\
\x82\x6d\xac\x6d\xda\x6d\xf2\x6e\x38\x6e\x68\x6e\x88\x6e\xa0\x6e\
\xba\x6e\xd8\x00\x04\x00\x00\x00\x00\x02\x00\x02\xce\x00\x03\x00\
\x1f\x00\x23\x00\x27\x00\x00\x25\x23\x35\x33\x27\x23\x27\x34\x37\
\x36\x37\x3e\x01\x35\x34\x26\x23\x22\x07\x27\x3e\x01\x33\x32\x16\
\x15\x14\x06\x07\x06\x07\x06\x07\x21\x11\x21\x27\x21\x11\x21\x01\
\x16\x38\x38\x07\x2e\x02\x0d\x0f\x1f\x1f\x13\x2d\x1f\x47\x0b\x32\
\x07\x48\x38\x36\x46\x1a\x25\x25\x06\x06\xdd\x01\x9c\xfe\x64\x32\
\x02\x00\xfe\x00\x75\x43\x32\x11\x38\x19\x1c\x1f\x1d\x22\x14\x24\
\x31\x5f\x08\x45\x44\x48\x3b\x22\x34\x22\x21\x13\x14\xec\x02\x69\
\x33\xfd\x32\x00\x02\x00\x6e\xff\xfa\x00\xda\x02\xc4\x00\x03\x00\
\x0b\x00\x00\x13\x11\x23\x11\x12\x14\x06\x22\x26\x34\x36\x32\xc8\
\x48\x5a\x1f\x2e\x1f\x1f\x2e\x02\xc4\xfd\xfc\x02\x04\xfd\x82\x2c\
\x20\x20\x2c\x20\x00\x00\x00\x00\x02\x00\x64\x01\xd9\x01\x31\x02\
\xc4\x00\x03\x00\x07\x00\x00\x13\x35\x33\x15\x33\x35\x33\x15\x64\
\x3c\x55\x3c\x01\xd9\xeb\xeb\xeb\xeb\x00\x00\x00\x02\x00\x23\x00\
\x00\x02\x09\x02\xc4\x00\x1b\x00\x1f\x00\x00\x33\x37\x23\x35\x33\
\x37\x23\x35\x33\x37\x33\x07\x33\x37\x33\x07\x33\x15\x23\x07\x33\
\x15\x23\x07\x23\x37\x23\x07\x13\x07\x33\x37\x6b\x1e\x66\x6e\x16\
\x6c\x75\x1d\x3d\x1d\x85\x1d\x3d\x1d\x5a\x63\x16\x5f\x67\x1e\x3d\
\x1e\x85\x1e\x3c\x16\x85\x16\xd6\x3c\xa2\x3c\xd4\xd4\xd4\xd4\x3c\
\xa2\x3c\xd6\xd6\xd6\x01\xb4\xa2\xa2\x00\x00\x00\x03\x00\x34\xff\
\xac\x02\x02\x03\x18\x00\x05\x00\x0c\x00\x30\x00\x00\x01\x11\x0e\
\x01\x15\x14\x17\x11\x3e\x01\x35\x34\x26\x03\x11\x2e\x03\x35\x34\
\x36\x37\x35\x33\x15\x1e\x01\x17\x07\x26\x27\x11\x1e\x03\x15\x14\
\x06\x07\x15\x23\x35\x26\x27\x37\x1e\x01\x01\x07\x35\x47\xac\x34\
\x4f\x47\x6c\x28\x3b\x3d\x21\x6f\x52\x30\x33\x66\x20\x37\x2e\x54\
\x2d\x3d\x40\x21\x74\x57\x30\x82\x51\x39\x19\x5c\x01\x96\x01\x02\
\x02\x47\x37\x60\x77\xfe\xed\x02\x42\x44\x31\x47\xff\x00\x01\x1f\
\x0c\x1c\x2d\x44\x2c\x54\x66\x04\x48\x48\x02\x29\x26\x2a\x41\x02\
\xfe\xed\x10\x1d\x31\x47\x2f\x52\x69\x02\x48\x48\x03\x67\x28\x29\
\x2e\x00\x00\x00\x05\x00\x26\xff\xe1\x03\x1b\x02\xe3\x00\x07\x00\
\x0f\x00\x17\x00\x1f\x00\x23\x00\x00\x00\x14\x06\x22\x26\x34\x36\
\x32\x16\x34\x26\x22\x06\x14\x16\x32\x04\x14\x06\x22\x26\x34\x36\
\x32\x16\x34\x26\x22\x06\x14\x16\x32\x11\x01\x27\x01\x01\x86\x66\
\x94\x66\x66\x94\x2a\x44\x60\x44\x44\x60\x02\x15\x66\x94\x66\x66\
\x94\x2a\x44\x60\x44\x44\x60\xfe\x3e\x34\x01\xc3\x02\x6b\x94\x65\
\x65\x94\x65\xe0\x62\x42\x42\x62\x42\xc1\x94\x65\x65\x94\x65\xe0\
\x62\x42\x42\x62\x42\x02\x98\xfd\x19\x1b\x02\xe7\x00\x00\x00\x00\
\x03\x00\x31\xff\xf4\x02\xb0\x02\xd6\x00\x18\x00\x24\x00\x2d\x00\
\x00\x01\x07\x17\x23\x27\x0e\x01\x23\x22\x26\x35\x34\x37\x26\x34\
\x36\x33\x32\x16\x15\x14\x06\x07\x17\x37\x27\x34\x26\x23\x22\x06\
\x15\x14\x16\x17\x3e\x01\x13\x27\x06\x15\x14\x16\x33\x32\x36\x02\
\x93\x82\x9f\x64\x64\x2c\x67\x47\x5f\x7e\xa4\x56\x65\x4b\x49\x62\
\x57\x48\xa5\x62\xae\x39\x2b\x2f\x3c\x33\x1a\x3b\x47\x24\xbb\x82\
\x56\x3e\x38\x4e\x01\x7f\xdb\xa4\x69\x3d\x38\x68\x5c\x8a\x48\x58\
\x9a\x5a\x56\x49\x3f\x57\x24\xaa\xac\xb8\x2b\x39\x3c\x31\x22\x4f\
\x15\x1b\x43\xfe\x92\xc4\x3a\x6b\x3b\x4c\x32\x00\x01\x00\x64\x01\
\xd9\x00\xa0\x02\xc4\x00\x03\x00\x00\x13\x35\x33\x15\x64\x3c\x01\
\xd9\xeb\xeb\x00\x01\x00\x20\xff\x61\x00\xe6\x02\xdf\x00\x0b\x00\
\x00\x12\x14\x16\x17\x07\x2e\x01\x34\x36\x37\x17\x06\x62\x48\x3c\
\x34\x42\x50\x50\x42\x34\x3c\x01\x90\xe0\xda\x54\x21\x57\xec\xf8\
\xec\x57\x21\x54\x00\x00\x00\x00\x01\x00\x46\xff\x61\x01\x0c\x02\
\xdf\x00\x0b\x00\x00\x36\x34\x26\x27\x37\x1e\x01\x14\x06\x07\x27\
\x36\xca\x48\x3c\x34\x42\x50\x50\x42\x34\x3c\xb0\xe0\xda\x54\x21\
\x57\xec\xf8\xec\x57\x21\x54\x00\x01\x00\x1f\x01\x60\x01\x9d\x02\
\xc4\x00\x0e\x00\x00\x13\x15\x37\x17\x07\x17\x07\x27\x07\x27\x37\
\x27\x37\x17\x35\xfc\x8c\x15\x8d\x5a\x30\x5c\x5c\x30\x5a\x8d\x15\
\x8c\x02\xc4\x8f\x2d\x38\x2d\x79\x24\x7c\x7c\x24\x79\x2d\x38\x2d\
\x8f\x00\x00\x00\x01\x00\x4e\x00\x30\x02\x4c\x02\x2e\x00\x0b\x00\
\x00\x01\x15\x33\x15\x23\x15\x23\x35\x23\x35\x33\x35\x01\x6b\xe1\
\xe1\x3c\xe1\xe1\x02\x2e\xe1\x3c\xe1\xe1\x3c\xe1\x00\x00\x00\x00\
\x01\x00\x2d\xff\x74\x00\xb7\x00\x5f\x00\x03\x00\x00\x37\x07\x23\
\x37\xb7\x51\x39\x43\x5f\xeb\xeb\x00\x00\x00\x00\x01\x00\x30\x00\
\xd6\x01\x10\x01\x0f\x00\x03\x00\x00\x01\x15\x23\x35\x01\x10\xe0\
\x01\x0f\x39\x39\x00\x00\x00\x00\x01\x00\x4c\xff\xfa\x00\xb8\x00\
\x66\x00\x07\x00\x00\x36\x14\x06\x22\x26\x34\x36\x32\xb8\x1f\x2e\
\x1f\x1f\x2e\x46\x2c\x20\x20\x2c\x20\x00\x00\x00\x01\x00\x05\xff\
\xee\x01\x6d\x02\xd6\x00\x03\x00\x00\x09\x01\x27\x01\x01\x6d\xfe\
\xd2\x3a\x01\x2f\x02\xc2\xfd\x2c\x13\x02\xd5\x00\x02\x00\x3a\xff\
\xee\x02\x0a\x02\xd6\x00\x13\x00\x25\x00\x00\x01\x32\x1e\x02\x14\
\x0e\x02\x23\x22\x2e\x02\x35\x34\x3e\x03\x17\x22\x0e\x02\x14\x1e\
\x02\x33\x32\x3e\x02\x34\x2e\x02\x01\x22\x3f\x5e\x33\x18\x18\x33\
\x5e\x3f\x40\x5e\x33\x17\x0e\x21\x34\x51\x34\x2d\x41\x22\x0f\x0f\
\x22\x41\x2d\x2c\x41\x22\x10\x10\x22\x41\x02\xd6\x3f\x6e\x7f\x92\
\x7e\x6d\x3f\x3f\x6d\x7d\x4a\x3a\x67\x63\x46\x2b\x3d\x38\x60\x66\
\x74\x65\x5f\x37\x37\x5e\x67\x72\x68\x5f\x38\x00\x01\x00\x72\x00\
\x00\x01\x66\x02\xc4\x00\x06\x00\x00\x01\x11\x23\x11\x07\x27\x37\
\x01\x66\x48\x80\x2c\xb4\x02\xc4\xfd\x3c\x02\x6b\x6d\x32\x94\x00\
\x01\x00\x33\x00\x00\x01\xf8\x02\xd6\x00\x17\x00\x00\x25\x15\x21\
\x35\x01\x36\x35\x34\x26\x23\x22\x06\x07\x27\x3e\x01\x33\x32\x16\
\x15\x14\x06\x0f\x01\x01\xf8\xfe\x3b\x01\x22\x55\x51\x3b\x38\x4e\
\x0c\x47\x0f\x78\x52\x5b\x7a\x3a\x39\xff\x40\x40\x4b\x01\x25\x57\
\x4b\x3c\x4b\x46\x38\x0e\x4c\x61\x66\x5d\x3e\x5f\x39\xfd\x00\x00\
\x01\x00\x31\xff\xee\x01\xf5\x02\xd6\x00\x27\x00\x00\x13\x35\x33\
\x32\x36\x35\x34\x26\x23\x22\x07\x27\x36\x33\x32\x16\x15\x14\x06\
\x07\x15\x1e\x01\x15\x14\x06\x23\x22\x26\x27\x37\x1e\x01\x33\x32\
\x36\x35\x34\x26\x23\xd6\x1f\x4a\x5b\x52\x3a\x5c\x2b\x3d\x41\x87\
\x58\x77\x45\x36\x3f\x50\x84\x60\x4d\x75\x1e\x44\x12\x54\x36\x40\
\x5c\x6a\x4e\x01\x54\x3e\x3f\x43\x3a\x4b\x53\x20\x70\x65\x59\x3d\
\x56\x0f\x02\x0d\x5e\x45\x62\x74\x4b\x46\x19\x32\x3a\x53\x45\x4b\
\x45\x00\x00\x00\x02\x00\x2a\x00\x00\x02\x1c\x02\xc4\x00\x0a\x00\
\x0e\x00\x00\x01\x11\x33\x15\x23\x15\x23\x35\x21\x35\x01\x13\x11\
\x23\x03\x01\xb4\x68\x68\x46\xfe\xbc\x01\x2c\x18\x02\xf7\x02\xc4\
\xfe\x26\x3f\xab\xab\x46\x01\xd3\xfe\x26\x01\x89\xfe\x77\x00\x00\
\x01\x00\x38\xff\xee\x01\xf7\x02\xc4\x00\x1a\x00\x00\x01\x15\x21\
\x07\x36\x33\x32\x16\x15\x14\x06\x23\x22\x27\x37\x1e\x01\x33\x32\
\x36\x35\x34\x26\x23\x22\x07\x13\x01\xdb\xfe\xd9\x05\x2c\x36\x64\
\x82\x83\x68\x94\x40\x41\x13\x4e\x2e\x48\x5e\x63\x4d\x4a\x49\x07\
\x02\xc4\x40\xdb\x10\x7c\x62\x67\x86\x81\x1d\x2c\x34\x60\x48\x4d\
\x5d\x27\x01\x6d\x00\x00\x00\x00\x02\x00\x3c\xff\xee\x02\x08\x02\
\xc4\x00\x0f\x00\x17\x00\x00\x01\x03\x17\x36\x33\x32\x16\x15\x14\
\x06\x22\x26\x35\x34\x37\x13\x02\x14\x16\x32\x36\x34\x26\x22\x01\
\x90\xc7\x02\x22\x43\x5d\x7b\x82\xc8\x82\x40\xc1\xb9\x59\x8a\x59\
\x56\x90\x02\xc4\xfe\xcb\x02\x1a\x7a\x60\x62\x7d\x7d\x62\x58\x68\
\x01\x37\xfe\x4f\x8c\x5c\x5c\x8c\x5a\x00\x00\x00\x01\x00\x4e\x00\
\x00\x01\xf2\x02\xc4\x00\x06\x00\x00\x01\x15\x01\x23\x01\x21\x35\
\x01\xf2\xfe\xe3\x51\x01\x25\xfe\xa5\x02\xc4\x42\xfd\x7e\x02\x84\
\x40\x00\x00\x00\x03\x00\x3f\xff\xee\x02\x05\x02\xd6\x00\x17\x00\
\x21\x00\x2b\x00\x00\x01\x1e\x01\x15\x14\x06\x22\x26\x35\x34\x36\
\x37\x35\x2e\x01\x35\x34\x36\x32\x16\x15\x14\x06\x07\x27\x14\x16\
\x32\x36\x35\x34\x26\x22\x06\x03\x14\x16\x32\x36\x35\x34\x26\x22\
\x06\x01\x7f\x3b\x4b\x85\xbc\x85\x4b\x3b\x2f\x3c\x75\xa6\x75\x3c\
\x2f\xdf\x4b\x6e\x4b\x4a\x70\x4a\x19\x56\x8a\x56\x56\x8a\x56\x01\
\x77\x11\x66\x46\x5a\x72\x72\x5a\x46\x65\x12\x02\x10\x59\x37\x54\
\x69\x69\x54\x37\x59\x10\x9c\x37\x48\x48\x37\x39\x4b\x4b\xfe\x74\
\x41\x56\x56\x41\x40\x54\x54\x00\x02\x00\x3e\x00\x00\x02\x0a\x02\
\xd6\x00\x0f\x00\x17\x00\x00\x33\x13\x27\x06\x23\x22\x26\x35\x34\
\x36\x32\x16\x15\x14\x07\x03\x12\x34\x26\x22\x06\x14\x16\x32\xb6\
\xc7\x02\x22\x43\x5d\x7b\x82\xc8\x82\x40\xc1\xb9\x59\x8a\x59\x56\
\x90\x01\x35\x02\x1a\x7a\x60\x62\x7d\x7d\x62\x58\x68\xfe\xc9\x01\
\xb1\x8c\x5c\x5c\x8c\x5a\x00\x00\x02\x00\x60\xff\xfa\x00\xcc\x01\
\xda\x00\x07\x00\x0f\x00\x00\x12\x14\x06\x22\x26\x34\x36\x32\x12\
\x14\x06\x22\x26\x34\x36\x32\xcc\x1f\x2e\x1f\x1f\x2e\x1f\x1f\x2e\
\x1f\x1f\x2e\x01\xba\x2c\x20\x20\x2c\x20\xfe\x6c\x2c\x20\x20\x2c\
\x20\x00\x00\x00\x02\x00\x3a\xff\x74\x00\xcc\x01\xda\x00\x07\x00\
\x0b\x00\x00\x12\x14\x06\x22\x26\x34\x36\x32\x13\x07\x23\x37\xcc\
\x1f\x2e\x1f\x1f\x2e\x1a\x51\x3c\x43\x01\xba\x2c\x20\x20\x2c\x20\
\xfe\x85\xeb\xeb\x00\x00\x00\x00\x01\x00\x4e\x00\x2a\x02\x4c\x02\
\x34\x00\x06\x00\x00\x01\x15\x0d\x01\x15\x25\x35\x02\x4c\xfe\x53\
\x01\xad\xfe\x02\x02\x34\x3c\xc9\xc9\x3c\xee\x2e\x00\x00\x00\x00\
\x02\x00\x4e\x00\xc6\x02\x4c\x01\x98\x00\x03\x00\x07\x00\x00\x13\
\x21\x15\x21\x15\x21\x15\x21\x4e\x01\xfe\xfe\x02\x01\xfe\xfe\x02\
\x01\x98\x3c\x5a\x3c\x00\x00\x00\x01\x00\x4e\x00\x2a\x02\x4c\x02\
\x34\x00\x06\x00\x00\x13\x35\x05\x15\x05\x35\x25\x4e\x01\xfe\xfe\
\x02\x01\xad\x01\xf8\x3c\xee\x2e\xee\x3c\xc9\x00\x02\x00\x30\xff\
\xfa\x01\xba\x02\xd0\x00\x1c\x00\x24\x00\x00\x25\x15\x23\x35\x34\
\x36\x3f\x01\x36\x35\x34\x26\x23\x22\x06\x07\x27\x3e\x01\x33\x32\
\x16\x15\x14\x0e\x01\x07\x0e\x01\x16\x14\x06\x22\x26\x34\x36\x32\
\x01\x12\x46\x29\x27\x1c\x3a\x47\x36\x34\x45\x08\x44\x0f\x6c\x4d\
\x53\x6f\x1c\x20\x20\x2d\x1f\x1a\x1f\x2e\x1f\x1f\x2e\xee\x2e\x3c\
\x33\x43\x22\x19\x2f\x40\x37\x3f\x41\x34\x0c\x4d\x5a\x5e\x52\x29\
\x40\x22\x1a\x25\x34\xdc\x2c\x20\x20\x2c\x20\x00\x02\x00\x23\xff\
\xee\x03\x03\x02\xd6\x00\x0a\x00\x40\x00\x00\x01\x22\x06\x15\x14\
\x16\x33\x32\x36\x35\x34\x13\x17\x06\x23\x22\x26\x35\x34\x36\x33\
\x32\x1e\x02\x15\x14\x06\x23\x22\x26\x35\x23\x0e\x01\x23\x22\x26\
\x35\x34\x36\x33\x32\x16\x17\x33\x37\x33\x07\x06\x15\x14\x32\x36\
\x35\x34\x26\x23\x22\x06\x15\x14\x16\x33\x32\x01\x9c\x38\x43\x25\
\x2b\x3e\x40\xc7\x25\x74\xc6\xab\xd3\xdf\x9f\x46\x7d\x64\x3b\x70\
\x52\x2a\x2d\x04\x0c\x44\x2d\x43\x4e\x6f\x58\x25\x38\x0b\x04\x0a\
\x3e\x28\x0b\x62\x3e\x9f\x81\x88\xaa\xad\x8d\xa2\x01\xe9\x68\x40\
\x26\x41\x6b\x3d\x67\xfe\xaa\x2e\x77\xcf\xa4\x9f\xd6\x29\x4d\x7d\
\x4e\x73\x82\x2a\x1f\x1a\x2f\x5c\x49\x59\x87\x22\x1a\x2d\xba\x32\
\x1e\x32\x67\x4d\x7e\x8c\xb3\x87\x8d\xa7\x00\x00\x02\x00\x0a\x00\
\x00\x02\xb2\x02\xc4\x00\x07\x00\x0a\x00\x00\x37\x07\x23\x01\x33\
\x01\x23\x27\x0b\x01\x21\xa6\x4d\x4f\x01\x32\x46\x01\x30\x50\x4e\
\xb7\x9c\x01\x38\xba\xba\x02\xc4\xfd\x3c\xba\x01\xba\xfe\x88\x00\
\x03\x00\x5e\x00\x00\x02\x38\x02\xc4\x00\x11\x00\x19\x00\x22\x00\
\x00\x33\x11\x33\x32\x1e\x02\x15\x14\x06\x07\x15\x1e\x01\x15\x14\
\x06\x23\x03\x15\x33\x32\x36\x34\x26\x23\x03\x11\x33\x32\x36\x35\
\x34\x26\x23\x5e\xd3\x2c\x4c\x44\x28\x45\x38\x47\x59\x8e\x7a\x8a\
\x91\x3d\x59\x5e\x4c\x7d\x86\x55\x6e\x5e\x58\x02\xc4\x11\x27\x4a\
\x33\x38\x53\x0d\x02\x08\x5e\x4b\x59\x6b\x02\x86\xf8\x3c\x80\x3c\
\xfe\xcd\xfe\xeb\x44\x46\x45\x46\x00\x00\x00\x00\x01\x00\x38\xff\
\xee\x02\xb2\x02\xd6\x00\x16\x00\x00\x25\x17\x0e\x01\x23\x22\x26\
\x10\x36\x33\x32\x16\x17\x07\x2e\x01\x23\x22\x06\x10\x16\x33\x32\
\x02\x7a\x38\x26\x89\x5a\xa0\xd1\xd2\x9f\x4e\x89\x25\x3c\x19\x67\
\x3f\x85\xa1\xa2\x84\x8a\x96\x24\x3a\x4a\xd3\x01\x42\xd3\x3d\x33\
\x2c\x26\x37\xb4\xfe\xfe\xb4\x00\x02\x00\x5e\x00\x00\x02\xbd\x02\
\xc4\x00\x0b\x00\x17\x00\x00\x33\x11\x33\x32\x1e\x02\x14\x0e\x02\
\x23\x03\x11\x33\x32\x3e\x02\x34\x2e\x02\x23\x5e\xeb\x44\x82\x6c\
\x42\x42\x6c\x82\x44\xa3\x8f\x4d\x7b\x4c\x28\x28\x4c\x7b\x4d\x02\
\xc4\x2d\x55\x8b\xaa\x8b\x55\x2d\x02\x84\xfd\xbc\x31\x53\x66\x70\
\x66\x53\x31\x00\x01\x00\x5e\x00\x00\x02\x21\x02\xc4\x00\x0b\x00\
\x00\x13\x11\x21\x15\x21\x11\x21\x15\x21\x15\x21\x15\xa6\x01\x7b\
\xfe\x3d\x01\xb7\xfe\x91\x01\x57\x01\x51\xfe\xef\x40\x02\xc4\x40\
\xf4\x3f\x00\x00\x01\x00\x5e\x00\x00\x02\x09\x02\xc4\x00\x09\x00\
\x00\x13\x11\x23\x11\x21\x15\x21\x15\x21\x15\xa6\x48\x01\xab\xfe\
\x9d\x01\x4a\x01\x4f\xfe\xb1\x02\xc4\x40\xf6\x3f\x00\x00\x00\x00\
\x01\x00\x38\xff\xee\x02\xb1\x02\xd6\x00\x17\x00\x00\x01\x07\x26\
\x23\x22\x06\x15\x14\x16\x33\x32\x37\x35\x23\x35\x33\x11\x06\x23\
\x22\x26\x10\x36\x20\x02\xa9\x32\x4d\x80\x84\xa2\xa2\x84\x79\x46\
\xa5\xed\x73\x95\xa0\xd1\xd2\x01\x3e\x02\x77\x32\x52\xb4\x81\x80\
\xb4\x2e\xd7\x3f\xfe\xc1\x45\xd3\x01\x42\xd3\x00\x01\x00\x5e\x00\
\x00\x02\x70\x02\xc4\x00\x0b\x00\x00\x33\x11\x33\x11\x21\x11\x33\
\x11\x23\x11\x21\x11\x5e\x48\x01\x82\x48\x48\xfe\x7e\x02\xc4\xfe\
\xcd\x01\x33\xfd\x3c\x01\x4f\xfe\xb1\x00\x00\x00\x01\x00\x5e\x00\
\x00\x00\xa6\x02\xc4\x00\x03\x00\x00\x13\x11\x23\x11\xa6\x48\x02\
\xc4\xfd\x3c\x02\xc4\x00\x00\x00\x01\x00\x19\xff\xee\x01\x94\x02\
\xc4\x00\x11\x00\x00\x3f\x01\x1e\x01\x33\x32\x35\x11\x33\x11\x14\
\x0e\x03\x23\x22\x26\x19\x43\x09\x3d\x2d\x7d\x48\x09\x1a\x29\x44\
\x2d\x4b\x66\x7e\x12\x2b\x38\xa4\x01\xf3\xfe\x08\x1e\x39\x3d\x2d\
\x1d\x50\x00\x00\x01\x00\x5e\x00\x00\x02\x73\x02\xc4\x00\x0c\x00\
\x00\x13\x11\x33\x01\x33\x09\x01\x23\x01\x23\x11\x23\x11\xa6\x01\
\x01\x51\x67\xfe\x9b\x01\x79\x6a\xfe\x9e\x01\x48\x02\xc4\xfe\xc2\
\x01\x3e\xfe\xbf\xfe\x7d\x01\x79\xfe\x87\x02\xc4\x00\x00\x00\x00\
\x01\x00\x5e\x00\x00\x01\xf0\x02\xc4\x00\x05\x00\x00\x13\x11\x21\
\x15\x21\x11\xa6\x01\x4a\xfe\x6e\x02\xc4\xfd\x7c\x40\x02\xc4\x00\
\x01\x00\x5e\x00\x00\x03\x18\x02\xc4\x00\x0f\x00\x00\x1b\x01\x33\
\x13\x33\x11\x23\x11\x23\x01\x23\x01\x23\x11\x23\x11\xcc\xf0\x01\
\xed\x6e\x48\x02\xff\x00\x26\xff\x00\x02\x48\x02\xc4\xfd\xb6\x02\
\x4a\xfd\x3c\x02\x67\xfd\x99\x02\x67\xfd\x99\x02\xc4\x00\x00\x00\
\x01\x00\x5e\x00\x00\x02\x9e\x02\xc4\x00\x0b\x00\x00\x13\x01\x33\
\x11\x33\x11\x23\x01\x23\x11\x23\x11\xb8\x01\x9c\x02\x48\x5a\xfe\
\x64\x02\x48\x02\xc4\xfd\xa5\x02\x5b\xfd\x3c\x02\x61\xfd\x9f\x02\
\xc4\x00\x00\x00\x02\x00\x38\xff\xee\x03\x1a\x02\xd6\x00\x07\x00\
\x0f\x00\x00\x00\x10\x06\x20\x26\x10\x36\x20\x12\x10\x26\x20\x06\
\x10\x16\x20\x03\x1a\xd2\xfe\xc2\xd2\xd2\x01\x3e\x86\xa1\xfe\xf8\
\xa1\xa1\x01\x08\x02\x03\xfe\xbe\xd3\xd3\x01\x42\xd3\xfe\x0b\x01\
\x02\xb4\xb4\xfe\xfe\xb3\x00\x00\x02\x00\x5e\x00\x00\x02\x15\x02\
\xc4\x00\x09\x00\x11\x00\x00\x33\x11\x33\x32\x16\x14\x06\x2b\x01\
\x19\x02\x33\x32\x36\x35\x34\x23\x5e\xc8\x6f\x80\x82\x6f\x7e\x7a\
\x54\x59\xad\x02\xc4\x60\xba\x61\xfe\xb7\x02\x86\xff\x00\x42\x3f\
\x7f\x00\x00\x00\x02\x00\x38\x00\x00\x03\x33\x02\xd6\x00\x09\x00\
\x18\x00\x00\x12\x14\x16\x33\x32\x36\x34\x26\x23\x22\x01\x15\x21\
\x22\x26\x10\x36\x33\x32\x16\x15\x14\x06\x07\x15\x84\x9b\x7f\x7e\
\x9d\x9d\x7e\x7f\x02\x14\xfe\x6b\x9a\xcc\xcc\x9a\x99\xcc\x55\x51\
\x01\xe7\xf8\xb0\xb0\xf8\xb0\xfd\xa9\x40\xce\x01\x3a\xce\xce\x9d\
\x5f\x9c\x2e\x02\x00\x00\x00\x00\x02\x00\x5e\x00\x00\x02\x3a\x02\
\xc4\x00\x0d\x00\x15\x00\x00\x13\x11\x23\x11\x33\x32\x16\x15\x14\
\x06\x07\x13\x23\x0b\x01\x15\x33\x32\x36\x35\x34\x23\xa6\x48\xd0\
\x70\x82\x65\x50\xcf\x58\xc4\x78\x7d\x57\x5e\xb2\x01\x4b\xfe\xb5\
\x02\xc4\x5b\x62\x4d\x60\x09\xfe\xaf\x01\x4b\x01\x3b\xfd\x40\x3e\
\x7f\x00\x00\x00\x01\x00\x32\xff\xee\x01\xf8\x02\xd6\x00\x32\x00\
\x00\x01\x07\x26\x23\x22\x06\x15\x14\x1e\x03\x17\x1e\x06\x15\x14\
\x06\x23\x22\x26\x27\x37\x1e\x01\x33\x32\x36\x35\x34\x2e\x03\x27\
\x2e\x03\x35\x34\x3e\x01\x33\x32\x16\x01\xee\x39\x32\x60\x3b\x5c\
\x13\x16\x33\x1d\x21\x22\x15\x3b\x17\x29\x11\x0f\x8a\x5d\x43\x77\
\x25\x3e\x19\x54\x35\x3d\x60\x15\x1a\x37\x23\x24\x2a\x39\x3c\x1f\
\x47\x63\x38\x43\x6a\x02\x80\x2e\x47\x46\x3f\x1a\x2a\x18\x1a\x0a\
\x0b\x0b\x07\x18\x11\x22\x22\x32\x1e\x63\x69\x36\x33\x2e\x28\x31\
\x49\x40\x1d\x2d\x1c\x1b\x0c\x0b\x0d\x1a\x2c\x45\x2e\x41\x5b\x27\
\x31\x00\x00\x00\x01\x00\x0c\x00\x00\x02\x2e\x02\xc4\x00\x07\x00\
\x00\x01\x11\x23\x11\x23\x35\x21\x15\x01\x41\x48\xed\x02\x22\x02\
\x84\xfd\x7c\x02\x84\x40\x40\x00\x01\x00\x5a\xff\xee\x02\x6c\x02\
\xc4\x00\x15\x00\x00\x04\x22\x2e\x03\x35\x11\x33\x11\x14\x16\x32\
\x36\x35\x11\x33\x11\x14\x0e\x02\x01\xa0\x7a\x5f\x3a\x25\x0e\x48\
\x5d\xc8\x5d\x48\x0e\x25\x3a\x12\x25\x38\x4e\x49\x26\x01\xbc\xfe\
\x4c\x60\x82\x82\x60\x01\xb4\xfe\x44\x26\x49\x4e\x38\x00\x00\x00\
\x01\x00\x03\x00\x00\x02\x6c\x02\xc4\x00\x07\x00\x00\x1b\x01\x33\
\x13\x33\x01\x23\x01\x51\xe6\x02\xe6\x4d\xfe\xf1\x4c\xfe\xf2\x02\
\xc4\xfd\x99\x02\x67\xfd\x3c\x02\xc4\x00\x00\x00\x01\x00\x0e\x00\
\x00\x03\xbe\x02\xc4\x00\x0f\x00\x00\x1b\x01\x33\x13\x33\x13\x33\
\x13\x33\x03\x23\x03\x23\x03\x23\x03\x5a\xaf\x02\xb1\x56\xb1\x02\
\xad\x4c\xd1\x54\xb2\x02\xb2\x54\xd1\x02\xc4\xfd\x9f\x02\x61\xfd\
\x9f\x02\x61\xfd\x3c\x02\x60\xfd\xa0\x02\xc4\x00\x01\x00\x13\x00\
\x00\x02\x76\x02\xc4\x00\x0b\x00\x00\x1b\x02\x33\x03\x01\x23\x0b\
\x01\x23\x01\x03\x84\xc2\xc1\x56\xeb\x01\x04\x5a\xd8\xd7\x5a\x01\
\x04\xed\x02\xc4\xfe\xe2\x01\x1e\xfe\xaf\xfe\x8d\x01\x3f\xfe\xc1\
\x01\x74\x01\x50\x00\x00\x00\x00\x01\x00\x00\x00\x00\x02\x5a\x02\
\xc4\x00\x08\x00\x00\x01\x11\x23\x11\x01\x33\x1b\x01\x33\x01\x51\
\x48\xfe\xf7\x5a\xd5\xd7\x54\x01\x31\xfe\xcf\x01\x31\x01\x93\xfe\
\xa9\x01\x57\x00\x01\x00\x1f\x00\x00\x02\x1d\x02\xc4\x00\x09\x00\
\x00\x01\x15\x01\x21\x15\x21\x35\x01\x21\x35\x02\x17\xfe\x63\x01\
\xa3\xfe\x02\x01\x9e\xfe\x6d\x02\xc4\x3c\xfd\xb8\x40\x3c\x02\x48\
\x40\x00\x00\x00\x01\x00\x3a\xff\x64\x00\xdc\x02\xdc\x00\x07\x00\
\x00\x13\x15\x23\x11\x33\x15\x23\x11\xdc\x60\x60\xa2\x02\xdc\x36\
\xfc\xf4\x36\x03\x78\x00\x00\x00\x01\x00\x05\xff\xee\x01\x6d\x02\
\xd6\x00\x03\x00\x00\x05\x01\x37\x01\x01\x33\xfe\xd2\x39\x01\x2f\
\x12\x02\xd4\x14\xfd\x2b\x00\x00\x01\x00\x50\xff\x64\x00\xf2\x02\
\xdc\x00\x07\x00\x00\x17\x35\x33\x11\x23\x35\x33\x11\x50\x60\x60\
\xa2\x9c\x36\x03\x0c\x36\xfc\x88\x00\x00\x00\x00\x01\x00\x50\x01\
\x13\x02\x4a\x02\xc4\x00\x06\x00\x00\x1b\x01\x33\x13\x23\x0b\x01\
\x50\xe5\x30\xe5\x3e\xbf\xbf\x01\x13\x01\xb1\xfe\x4f\x01\x69\xfe\
\x97\x00\x00\x00\x01\x00\x00\xff\x83\x01\xf4\xff\xb5\x00\x03\x00\
\x00\x15\x35\x21\x15\x01\xf4\x7d\x32\x32\x00\x00\x01\xff\xf6\x02\
\x34\x00\xb5\x02\xc4\x00\x03\x00\x00\x13\x27\x33\x17\x7a\x84\x5b\
\x64\x02\x34\x90\x90\x00\x00\x00\x02\x00\x37\xff\xf4\x01\xc9\x01\
\xe0\x00\x1d\x00\x2a\x00\x00\x01\x35\x34\x23\x22\x07\x27\x36\x33\
\x32\x16\x1d\x01\x14\x17\x23\x26\x35\x23\x06\x23\x22\x26\x35\x34\
\x3e\x04\x17\x23\x22\x0e\x02\x15\x14\x16\x33\x32\x36\x35\x01\x81\
\x7d\x54\x37\x26\x43\x75\x50\x66\x08\x3d\x07\x02\x3d\x6d\x3f\x63\
\x18\x30\x38\x52\x47\x31\x14\x30\x4b\x4b\x2a\x40\x2e\x45\x51\x01\
\x1f\x0f\x79\x37\x2d\x43\x58\x52\xcd\x3f\x2a\x28\x24\x58\x47\x47\
\x23\x35\x22\x15\x0b\x03\x35\x07\x14\x2a\x20\x2e\x2b\x5a\x41\x00\
\x02\x00\x5c\xff\xf4\x02\x45\x02\xf4\x00\x11\x00\x1b\x00\x00\x37\
\x23\x15\x23\x11\x33\x11\x33\x3e\x01\x33\x32\x16\x14\x06\x23\x22\
\x26\x24\x34\x26\x23\x22\x06\x14\x16\x33\x32\xa2\x02\x44\x44\x02\
\x1d\x60\x34\x6c\x86\x86\x6c\x34\x60\x01\x3e\x5f\x52\x4e\x66\x66\
\x4e\x52\x4f\x4f\x02\xf4\xfe\x8f\x2c\x31\x8d\xd2\x8d\x30\x75\xa2\
\x6c\x6c\xa2\x6b\x00\x00\x00\x00\x01\x00\x38\xff\xf4\x01\xe4\x01\
\xe0\x00\x15\x00\x00\x01\x07\x2e\x01\x23\x22\x06\x15\x14\x16\x33\
\x32\x37\x17\x06\x22\x26\x34\x36\x33\x32\x16\x01\xe0\x35\x11\x41\
\x26\x50\x63\x62\x50\x51\x2e\x33\x42\xe0\x8a\x8a\x70\x32\x5f\x01\
\x8f\x26\x1b\x23\x6b\x52\x51\x6b\x3d\x26\x51\x8b\xd6\x8b\x2a\x00\
\x02\x00\x38\xff\xf4\x02\x21\x02\xf4\x00\x11\x00\x1b\x00\x00\x25\
\x0e\x01\x23\x22\x26\x34\x36\x33\x32\x16\x17\x33\x11\x33\x11\x23\
\x35\x24\x14\x16\x33\x32\x36\x34\x26\x23\x22\x01\xdb\x1d\x60\x34\
\x6c\x86\x86\x6c\x34\x60\x1d\x02\x44\x44\xfe\xa3\x5f\x52\x4e\x66\
\x66\x4e\x52\x4f\x2b\x30\x8d\xd2\x8d\x31\x2c\x01\x71\xfd\x0c\x4f\
\xec\xa2\x6b\x6b\xa2\x6c\x00\x00\x02\x00\x38\xff\xf4\x02\x04\x01\
\xe0\x00\x06\x00\x1b\x00\x00\x13\x21\x2e\x01\x23\x22\x06\x05\x14\
\x07\x21\x1e\x01\x33\x32\x36\x37\x17\x06\x23\x22\x26\x35\x34\x36\
\x33\x32\x16\x80\x01\x3f\x03\x51\x47\x42\x5d\x01\x7f\x01\xfe\x7c\
\x02\x62\x47\x31\x50\x15\x33\x4e\x7b\x68\x8a\x88\x64\x6a\x76\x01\
\x0e\x44\x55\x5b\x54\x14\x0c\x47\x63\x2f\x22\x28\x63\x8c\x6a\x69\
\x8d\x83\x00\x00\x01\x00\x0c\x00\x00\x01\x45\x03\x00\x00\x15\x00\
\x00\x01\x15\x23\x11\x23\x11\x23\x35\x33\x35\x34\x36\x33\x32\x17\
\x07\x26\x23\x22\x06\x1d\x01\x01\x20\x6e\x44\x62\x62\x50\x4f\x20\
\x18\x0c\x18\x17\x33\x25\x01\xd4\x39\xfe\x65\x01\x9b\x39\x80\x51\
\x5b\x07\x3c\x07\x3e\x3a\x78\x00\x02\x00\x38\xff\x10\x02\x21\x01\
\xe0\x00\x20\x00\x2b\x00\x00\x17\x37\x1e\x01\x33\x32\x36\x3d\x01\
\x23\x0e\x01\x23\x22\x26\x35\x34\x36\x33\x32\x16\x17\x33\x35\x33\
\x11\x14\x0e\x02\x23\x22\x26\x12\x14\x16\x33\x32\x36\x35\x34\x26\
\x23\x22\x42\x31\x1d\x62\x34\x5f\x58\x02\x1a\x63\x34\x6c\x86\x87\
\x6b\x35\x61\x1b\x02\x44\x17\x34\x69\x4a\x40\x77\x14\x5f\x52\x4f\
\x65\x67\x4d\x52\x92\x34\x25\x31\x66\x52\x58\x2a\x32\x86\x68\x66\
\x8c\x31\x2c\x51\xfe\x30\x2b\x4e\x4d\x2e\x32\x01\xfb\x9a\x69\x65\
\x51\x4b\x6c\x00\x01\x00\x5c\x00\x00\x01\xf1\x02\xf4\x00\x14\x00\
\x00\x13\x33\x3e\x01\x33\x32\x16\x15\x11\x23\x11\x34\x26\x23\x22\
\x06\x1d\x01\x23\x11\x33\xa0\x02\x12\x59\x32\x57\x5b\x44\x39\x46\
\x3b\x53\x44\x44\x01\x87\x28\x31\x68\x59\xfe\xe1\x01\x03\x4f\x55\
\x5f\x58\xf0\x02\xf4\x00\x00\x00\x02\x00\x4d\x00\x00\x00\xad\x02\
\xb8\x00\x03\x00\x0b\x00\x00\x13\x11\x23\x11\x36\x14\x06\x22\x26\
\x34\x36\x32\x9f\x44\x52\x1d\x26\x1d\x1d\x26\x01\xd4\xfe\x2c\x01\
\xd4\xc8\x28\x1c\x1c\x28\x1c\x00\x02\xff\xe5\xff\x10\x00\xae\x02\
\xb8\x00\x0c\x00\x14\x00\x00\x07\x37\x16\x33\x32\x36\x35\x11\x33\
\x11\x14\x23\x22\x12\x14\x06\x22\x26\x34\x36\x32\x1b\x0a\x14\x17\
\x28\x1a\x44\x85\x1e\xb1\x1d\x26\x1d\x1d\x26\xe9\x39\x06\x32\x32\
\x02\x26\xfd\xcf\x93\x03\x8c\x28\x1c\x1c\x28\x1c\x00\x00\x00\x00\
\x01\x00\x5c\x00\x00\x01\xf5\x02\xf4\x00\x0c\x00\x00\x13\x11\x33\
\x37\x33\x07\x05\x23\x27\x23\x15\x23\x11\xa0\x03\xd8\x62\xec\x01\
\x04\x64\xee\x03\x44\x02\xf4\xfe\x0d\xd3\xd6\xfe\xf6\xf6\x02\xf4\
\x00\x00\x00\x00\x01\x00\x5c\x00\x00\x00\xa0\x02\xf4\x00\x03\x00\
\x00\x13\x11\x23\x11\xa0\x44\x02\xf4\xfd\x0c\x02\xf4\x00\x00\x00\
\x01\x00\x56\x00\x00\x03\x1d\x01\xe0\x00\x23\x00\x00\x13\x3e\x01\
\x33\x32\x17\x36\x33\x32\x16\x15\x11\x23\x11\x34\x23\x22\x06\x1d\
\x01\x23\x11\x34\x26\x23\x22\x06\x1d\x01\x23\x11\x34\x27\x33\x16\
\x15\x9d\x15\x53\x32\x6a\x26\x31\x73\x57\x5b\x44\x79\x44\x41\x44\
\x31\x40\x36\x52\x44\x04\x41\x04\x01\x84\x29\x33\x63\x63\x68\x59\
\xfe\xe1\x01\x03\xa4\x65\x49\xf9\x01\x11\x4a\x4c\x5f\x58\xf0\x01\
\x6d\x3c\x2b\x32\x1e\x00\x00\x00\x01\x00\x56\x00\x00\x01\xef\x01\
\xe0\x00\x17\x00\x00\x13\x33\x16\x15\x33\x3e\x01\x33\x32\x16\x15\
\x11\x23\x11\x34\x26\x23\x22\x06\x1d\x01\x23\x11\x34\x56\x41\x04\
\x02\x13\x5b\x32\x57\x5b\x44\x39\x46\x3b\x53\x44\x01\xd4\x32\x1e\
\x28\x34\x68\x59\xfe\xe1\x01\x03\x4f\x55\x5f\x58\xf0\x01\x6d\x3c\
\x00\x00\x00\x00\x02\x00\x38\xff\xf4\x02\x2b\x01\xe0\x00\x09\x00\
\x14\x00\x00\x00\x14\x06\x23\x22\x26\x34\x36\x33\x32\x12\x34\x26\
\x23\x22\x06\x15\x14\x16\x33\x32\x02\x2b\x8d\x6d\x6c\x8d\x8d\x6c\
\x6d\x45\x62\x50\x4f\x62\x62\x4f\x50\x01\x54\xd4\x8c\x8c\xd4\x8c\
\xfe\xb9\xa2\x6c\x6c\x51\x50\x6c\x00\x00\x00\x00\x02\x00\x5a\xff\
\x10\x02\x43\x01\xe0\x00\x11\x00\x1b\x00\x00\x37\x11\x23\x11\x33\
\x15\x33\x3e\x01\x33\x32\x16\x14\x06\x23\x22\x26\x27\x24\x34\x26\
\x23\x22\x06\x14\x16\x33\x32\x9e\x44\x44\x03\x1c\x60\x34\x6c\x86\
\x86\x6c\x33\x60\x1d\x01\x5a\x5f\x52\x4e\x66\x66\x4e\x52\x4f\xfe\
\xc1\x02\xc4\x51\x2c\x31\x8d\xd2\x8d\x30\x2b\x4a\xa2\x6c\x6c\xa2\
\x6b\x00\x00\x00\x02\x00\x38\xff\x10\x02\x21\x01\xe0\x00\x11\x00\
\x1b\x00\x00\x25\x23\x0e\x01\x23\x22\x26\x34\x36\x33\x32\x16\x17\
\x33\x35\x33\x11\x23\x00\x14\x16\x33\x32\x36\x34\x26\x23\x22\x01\
\xdd\x03\x1d\x60\x33\x6c\x86\x86\x6c\x34\x60\x1c\x03\x44\x44\xfe\
\xa3\x5f\x52\x4e\x66\x66\x4e\x52\x4f\x2b\x30\x8d\xd2\x8d\x31\x2c\
\x51\xfd\x3c\x02\x2b\xa2\x6b\x6b\xa2\x6c\x00\x00\x01\x00\x56\x00\
\x00\x01\x60\x01\xe0\x00\x13\x00\x00\x13\x34\x27\x33\x16\x15\x33\
\x3e\x01\x33\x32\x17\x07\x26\x23\x22\x06\x1d\x01\x23\x5a\x04\x41\
\x04\x02\x14\x51\x31\x1b\x12\x09\x10\x20\x3b\x4e\x44\x01\x6d\x3c\
\x2b\x32\x1e\x29\x33\x05\x40\x06\x59\x58\xf0\x00\x01\x00\x26\xff\
\xf4\x01\x8f\x01\xe0\x00\x26\x00\x00\x01\x07\x2e\x01\x23\x22\x06\
\x15\x14\x16\x17\x1e\x01\x15\x14\x06\x23\x22\x27\x37\x1e\x01\x33\
\x32\x36\x35\x34\x26\x27\x2e\x03\x35\x34\x36\x33\x32\x16\x01\x87\
\x34\x0f\x3e\x26\x29\x3a\x34\x3c\x53\x4f\x67\x49\x7b\x3e\x36\x13\
\x47\x28\x30\x3e\x41\x49\x1a\x26\x2d\x19\x61\x46\x32\x5c\x01\x8c\
\x27\x1e\x24\x25\x24\x20\x24\x0c\x11\x42\x36\x4a\x47\x5b\x28\x20\
\x29\x27\x2b\x23\x26\x11\x06\x0e\x1c\x2f\x1f\x43\x45\x2d\x00\x00\
\x01\x00\x04\xff\xfa\x01\x2d\x02\x58\x00\x15\x00\x00\x01\x15\x23\
\x11\x14\x16\x33\x32\x37\x17\x06\x23\x22\x26\x35\x11\x23\x35\x33\
\x35\x33\x15\x01\x2d\x84\x24\x22\x1d\x1e\x03\x25\x2b\x30\x48\x61\
\x61\x44\x01\xd4\x39\xfe\xef\x31\x25\x0f\x3b\x0e\x38\x45\x01\x24\
\x39\x84\x84\x00\x01\x00\x56\xff\xf4\x01\xef\x01\xd4\x00\x17\x00\
\x00\x21\x23\x26\x35\x23\x0e\x01\x23\x22\x26\x35\x11\x33\x11\x14\
\x16\x33\x32\x36\x3d\x01\x33\x11\x14\x01\xef\x41\x04\x02\x13\x5b\
\x32\x57\x5b\x44\x39\x46\x3b\x53\x44\x32\x1e\x28\x34\x68\x59\x01\
\x1f\xfe\xfd\x4f\x55\x5f\x58\xf0\xfe\x93\x3c\x00\x01\x00\x10\x00\
\x00\x01\xd8\x01\xd4\x00\x07\x00\x00\x01\x03\x23\x03\x33\x13\x33\
\x13\x01\xd8\xbe\x4b\xbf\x4c\x98\x02\x99\x01\xd4\xfe\x2c\x01\xd4\
\xfe\x74\x01\x8c\x00\x00\x00\x00\x01\x00\x1a\x00\x00\x02\xd0\x01\
\xd4\x00\x0f\x00\x00\x13\x33\x13\x33\x13\x33\x13\x33\x13\x33\x03\
\x23\x03\x23\x03\x23\x1a\x49\x71\x02\x7e\x42\x80\x02\x70\x48\x94\
\x4a\x7d\x02\x7b\x4a\x01\xd4\xfe\x84\x01\x7c\xfe\x84\x01\x7c\xfe\
\x2c\x01\x7b\xfe\x85\x00\x00\x00\x01\x00\x10\x00\x00\x01\xd4\x01\
\xd4\x00\x0b\x00\x00\x33\x37\x27\x33\x17\x37\x33\x07\x17\x23\x27\
\x07\x10\xb8\xad\x57\x80\x80\x52\xaa\xba\x58\x8b\x8f\xf2\xe2\xb2\
\xb2\xdf\xf5\xc3\xc3\x00\x00\x00\x01\x00\x10\xff\x10\x01\xd8\x01\
\xd4\x00\x12\x00\x00\x1b\x01\x33\x13\x33\x03\x0e\x01\x23\x22\x27\
\x37\x16\x33\x32\x36\x3f\x01\x03\x5c\x9f\x02\x91\x4a\xe9\x17\x43\
\x39\x1f\x1e\x07\x18\x1a\x21\x29\x10\x26\xc8\x01\xd4\xfe\x75\x01\
\x8b\xfd\xb3\x3b\x3c\x06\x3e\x08\x29\x2a\x62\x01\xd3\x00\x00\x00\
\x01\x00\x1f\x00\x00\x01\x9b\x01\xd4\x00\x09\x00\x00\x01\x15\x01\
\x21\x15\x21\x35\x01\x21\x35\x01\x91\xfe\xe8\x01\x22\xfe\x84\x01\
\x17\xfe\xf7\x01\xd4\x30\xfe\x97\x3b\x30\x01\x6b\x39\x00\x00\x00\
\x01\x00\x00\xff\x64\x00\xfa\x02\xdc\x00\x21\x00\x00\x11\x35\x32\
\x36\x3d\x01\x34\x36\x3b\x01\x15\x23\x22\x1d\x01\x14\x06\x07\x15\
\x1e\x01\x1d\x01\x14\x3b\x01\x15\x23\x22\x26\x3d\x01\x34\x26\x27\
\x28\x3c\x30\x3f\x30\x39\x3d\x1c\x1c\x3d\x39\x30\x3f\x30\x3c\x28\
\x01\x02\x3c\x3a\x35\xb2\x42\x3b\x36\x53\xb2\x3f\x3d\x04\x02\x04\
\x3d\x3f\xb2\x53\x36\x3b\x42\xb2\x35\x3a\x00\x00\x01\x00\x51\xff\
\x06\x00\x8d\x02\xee\x00\x03\x00\x00\x13\x33\x11\x23\x51\x3c\x3c\
\x02\xee\xfc\x18\x00\x00\x00\x00\x01\x00\x32\xff\x64\x01\x2c\x02\
\xdc\x00\x21\x00\x00\x01\x15\x22\x06\x1d\x01\x14\x06\x2b\x01\x35\
\x33\x32\x3d\x01\x34\x36\x37\x35\x2e\x01\x3d\x01\x34\x2b\x01\x35\
\x33\x32\x16\x1d\x01\x14\x16\x01\x2c\x27\x28\x3c\x30\x3f\x30\x39\
\x3d\x1c\x1c\x3d\x39\x30\x3f\x30\x3c\x28\x01\x3e\x3c\x3a\x35\xb2\
\x42\x3b\x36\x53\xb2\x3f\x3d\x04\x02\x04\x3d\x3f\xb2\x53\x36\x3b\
\x42\xb2\x35\x3a\x00\x00\x00\x00\x01\x00\x59\x00\xeb\x02\x41\x01\
\x73\x00\x13\x00\x00\x01\x17\x06\x23\x22\x27\x26\x23\x22\x07\x27\
\x3e\x02\x33\x32\x17\x16\x33\x32\x02\x17\x2a\x3c\x4c\x37\x38\x3f\
\x28\x38\x28\x2a\x13\x1f\x38\x1e\x39\x35\x40\x27\x35\x01\x70\x28\
\x5d\x24\x28\x49\x28\x1b\x22\x20\x23\x29\x00\x00\x02\x00\x6e\xff\
\x1b\x00\xda\x01\xe5\x00\x03\x00\x0b\x00\x00\x13\x11\x23\x11\x36\
\x14\x06\x22\x26\x34\x36\x32\xc8\x48\x5a\x1f\x2e\x1f\x1f\x2e\x01\
\x1f\xfd\xfc\x02\x04\xa6\x2c\x20\x20\x2c\x20\x00\x02\x00\x58\xff\
\xb8\x01\xfb\x02\x1c\x00\x05\x00\x1d\x00\x00\x25\x11\x0e\x01\x14\
\x16\x13\x11\x3e\x01\x37\x17\x06\x07\x15\x23\x35\x2e\x01\x34\x36\
\x37\x35\x33\x15\x16\x17\x07\x2e\x01\x01\x2a\x40\x4a\x4a\x70\x23\
\x38\x10\x36\x3f\x62\x30\x61\x71\x71\x61\x30\x62\x3f\x36\x10\x38\
\x33\x01\x6e\x0b\x65\x8e\x65\x01\x65\xfe\x8e\x02\x22\x19\x29\x4b\
\x05\x3d\x3f\x0a\x87\xc4\x87\x0a\x3f\x3d\x05\x4b\x29\x19\x22\x00\
\x01\x00\x4b\x00\x00\x02\x20\x02\xd6\x00\x1d\x00\x00\x01\x15\x23\
\x11\x21\x15\x21\x35\x33\x11\x23\x35\x33\x35\x34\x3e\x02\x33\x32\
\x17\x07\x26\x23\x22\x0e\x02\x1d\x01\x01\xa1\xa8\x01\x06\xfe\x4c\
\x66\x60\x60\x16\x2f\x55\x3a\x62\x39\x2f\x2b\x44\x2a\x3a\x1b\x0a\
\x01\x8b\x3c\xfe\xed\x3c\x3c\x01\x13\x3c\x5d\x2e\x50\x47\x29\x3c\
\x33\x32\x24\x3d\x38\x1e\x57\x00\x02\x00\x85\x00\x08\x02\xd6\x02\
\x59\x00\x21\x00\x2b\x00\x00\x01\x16\x15\x14\x07\x17\x07\x27\x06\
\x22\x27\x07\x26\x27\x37\x26\x35\x34\x37\x27\x37\x1e\x02\x17\x36\
\x33\x32\x17\x3e\x02\x37\x17\x06\x22\x06\x15\x14\x16\x32\x36\x35\
\x34\x02\x7c\x33\x37\x5e\x2b\x5f\x43\xb4\x44\x61\x1c\x0f\x60\x35\
\x32\x5d\x2c\x0d\x1f\x26\x0a\x46\x5c\x5d\x43\x0e\x1e\x25\x0a\x2c\
\xd6\xa2\x65\x65\xa2\x65\x01\xd4\x43\x5c\x60\x44\x5d\x2c\x5f\x33\
\x35\x61\x1e\x0e\x60\x40\x61\x5b\x42\x5c\x2b\x0e\x1f\x25\x0a\x37\
\x36\x0d\x1f\x25\x0a\x2b\x3e\x6c\x4f\x50\x6d\x6d\x50\x4f\x00\x00\
\x01\x00\x0a\x00\x00\x02\x3a\x02\xc4\x00\x16\x00\x00\x37\x33\x35\
\x23\x35\x33\x03\x33\x1b\x01\x33\x03\x33\x15\x23\x15\x33\x15\x23\
\x15\x23\x35\x23\x5b\xa5\xa5\x91\xe2\x59\xc1\xc0\x56\xe0\x8f\xa5\
\xa5\xa5\x44\xa5\xdf\x69\x36\x01\x46\xfe\xd4\x01\x2c\xfe\xba\x36\
\x69\x36\xa9\xa9\x00\x00\x00\x00\x02\x00\x51\xff\x51\x00\x8d\x02\
\xa3\x00\x03\x00\x07\x00\x00\x13\x33\x11\x23\x15\x33\x11\x23\x51\
\x3c\x3c\x3c\x3c\x02\xa3\xfe\xa2\x96\xfe\xa2\x00\x02\x00\x53\xff\
\x7b\x01\xe7\x02\xd6\x00\x2e\x00\x3c\x00\x00\x01\x07\x2e\x01\x23\
\x22\x06\x15\x14\x16\x1f\x01\x16\x15\x14\x06\x07\x16\x15\x14\x06\
\x23\x22\x26\x27\x37\x1e\x01\x32\x36\x35\x34\x2f\x01\x2e\x01\x35\
\x34\x36\x37\x26\x35\x34\x36\x33\x32\x16\x03\x27\x0e\x01\x15\x14\
\x16\x1f\x01\x3e\x01\x35\x34\x26\x01\xda\x3b\x0a\x37\x2b\x31\x3b\
\x33\x2f\x57\x67\x32\x27\x47\x6d\x4f\x45\x6a\x17\x42\x10\x47\x5a\
\x47\x4b\x7f\x2d\x32\x39\x2f\x4d\x69\x4c\x40\x56\x8a\x3d\x22\x37\
\x31\x3b\x42\x1d\x2c\x32\x02\x78\x1e\x1a\x26\x30\x29\x2a\x2e\x14\
\x29\x32\x5c\x2f\x46\x0e\x2b\x52\x4f\x54\x3a\x39\x20\x2c\x2b\x2e\
\x34\x3c\x24\x3d\x16\x3d\x33\x30\x45\x0f\x2e\x4a\x4c\x52\x35\xfe\
\xdf\x1a\x04\x2d\x29\x25\x29\x19\x1e\x07\x2e\x24\x29\x2f\x00\x00\
\x02\xff\xe5\x02\x54\x01\x0b\x02\xba\x00\x07\x00\x0f\x00\x00\x02\
\x34\x36\x32\x16\x14\x06\x22\x36\x34\x36\x32\x16\x14\x06\x22\x1b\
\x1d\x2c\x1d\x1d\x2c\xa3\x1d\x2c\x1d\x1d\x2c\x02\x73\x28\x1f\x1f\
\x28\x1f\x1f\x28\x1f\x1f\x28\x1f\x00\x00\x00\x00\x03\x00\x14\xff\
\xea\x03\x0c\x02\xda\x00\x18\x00\x24\x00\x30\x00\x00\x01\x17\x0e\
\x01\x23\x22\x26\x35\x34\x36\x33\x32\x16\x17\x07\x2e\x01\x23\x22\
\x06\x15\x14\x16\x33\x32\x25\x34\x36\x33\x32\x16\x15\x14\x06\x23\
\x22\x26\x37\x14\x16\x33\x32\x36\x35\x34\x26\x23\x22\x06\x02\x10\
\x34\x1a\x58\x38\x62\x80\x80\x62\x31\x59\x18\x34\x0f\x3c\x21\x47\
\x58\x56\x47\x49\xfe\x31\xdf\x9e\x9d\xde\xde\x9d\x9e\xdf\x3c\xbc\
\x85\x84\xbb\xbb\x84\x85\xbc\x01\x02\x22\x28\x33\x80\x62\x61\x80\
\x2b\x24\x28\x18\x23\x61\x44\x45\x61\xa0\x9d\xdc\xdc\x9d\x9c\xdb\
\xdb\x9c\x84\xbb\xbb\x84\x85\xbc\xbc\x00\x00\x00\x02\x00\x28\x01\
\xa8\x01\x2f\x02\xd0\x00\x1c\x00\x25\x00\x00\x13\x35\x34\x26\x23\
\x22\x07\x27\x36\x33\x32\x16\x1d\x01\x14\x17\x23\x26\x35\x23\x06\
\x23\x22\x26\x35\x34\x3e\x02\x17\x23\x22\x15\x14\x33\x32\x36\x35\
\xf4\x28\x21\x33\x20\x20\x2f\x49\x3c\x3f\x04\x34\x05\x02\x21\x41\
\x2a\x40\x22\x40\x3f\x2b\x0f\x82\x3b\x28\x2e\x02\x5e\x08\x1e\x1f\
\x20\x23\x2a\x3d\x31\x7b\x25\x13\x16\x13\x30\x2a\x2d\x1e\x29\x12\
\x06\x28\x36\x2c\x2e\x25\x00\x00\x02\x00\x34\x00\x1f\x01\xa5\x01\
\xc1\x00\x05\x00\x0b\x00\x00\x13\x07\x17\x07\x27\x37\x17\x07\x17\
\x07\x27\x37\xef\x73\x73\x2f\x8c\x8c\xe5\x73\x73\x2f\x8c\x8c\x01\
\xa0\xb0\xb0\x21\xd1\xd1\x21\xb0\xb0\x21\xd1\xd1\x00\x00\x00\x00\
\x01\x00\x4e\x00\x82\x02\x4c\x01\x98\x00\x05\x00\x00\x01\x11\x23\
\x35\x21\x35\x02\x4c\x3c\xfe\x3e\x01\x98\xfe\xea\xda\x3c\x00\x00\
\x01\x00\x30\x00\xd6\x01\x10\x01\x0f\x00\x03\x00\x00\x01\x15\x23\
\x35\x01\x10\xe0\x01\x0f\x39\x39\x00\x00\x00\x00\x04\x00\x48\x01\
\x0c\x02\x10\x02\xd0\x00\x07\x00\x0f\x00\x1c\x00\x23\x00\x00\x12\
\x34\x36\x32\x16\x14\x06\x22\x02\x14\x16\x32\x36\x34\x26\x22\x03\
\x11\x33\x32\x16\x15\x14\x07\x17\x23\x27\x23\x15\x35\x33\x32\x35\
\x34\x2b\x01\x48\x85\xbe\x85\x85\xbe\x61\x71\x9e\x71\x70\xa0\x09\
\x5a\x28\x37\x3b\x45\x38\x3c\x21\x25\x38\x33\x2a\x01\x8f\xbc\x85\
\x85\xbc\x83\x01\x30\x9e\x71\x71\x9e\x71\xfe\xc1\x01\x00\x25\x26\
\x38\x0d\x70\x6b\x6b\x90\x26\x23\x00\x00\x00\x00\x01\xff\xf1\x02\
\x58\x00\xff\x02\x8e\x00\x03\x00\x00\x01\x15\x21\x35\x00\xff\xfe\
\xf2\x02\x8e\x36\x36\x00\x00\x00\x02\x00\x33\x01\xa6\x01\x5d\x02\
\xd0\x00\x07\x00\x0f\x00\x00\x00\x14\x06\x22\x26\x34\x36\x32\x16\
\x34\x26\x22\x06\x14\x16\x32\x01\x5d\x55\x80\x55\x55\x80\x25\x3b\
\x54\x3b\x3b\x54\x02\x7c\x82\x54\x54\x82\x54\xbf\x54\x3b\x3b\x54\
\x3b\x00\x00\x00\x02\x00\x4e\x00\x30\x02\x4c\x02\x33\x00\x0b\x00\
\x0f\x00\x00\x13\x35\x33\x35\x33\x15\x33\x15\x23\x15\x23\x35\x03\
\x35\x21\x15\x4e\xe1\x3c\xe1\xe1\x3c\xe1\x01\xfe\x01\x5b\x3c\x9c\
\x9c\x3c\x97\x97\xfe\xd5\x3c\x3c\x00\x00\x00\x00\x01\x00\x2b\x01\
\xc4\x01\x3f\x03\x71\x00\x18\x00\x00\x01\x21\x35\x37\x36\x35\x34\
\x26\x23\x22\x06\x07\x27\x3e\x01\x33\x32\x16\x15\x14\x0e\x01\x0f\
\x01\x33\x01\x3f\xfe\xec\xa7\x2b\x26\x1d\x1c\x28\x07\x3c\x0a\x4b\
\x32\x38\x4b\x18\x18\x17\x80\xc9\x01\xc4\x39\xa9\x2d\x29\x1c\x22\
\x26\x20\x09\x33\x41\x3d\x38\x1b\x34\x1c\x17\x80\x00\x00\x00\x00\
\x01\x00\x27\x01\xbd\x01\x40\x03\x71\x00\x22\x00\x00\x01\x14\x06\
\x23\x22\x27\x37\x1e\x01\x33\x32\x36\x35\x34\x26\x2b\x01\x35\x33\
\x32\x35\x34\x26\x23\x22\x07\x27\x36\x33\x32\x16\x15\x14\x07\x16\
\x01\x40\x51\x3b\x66\x27\x39\x0a\x2c\x1e\x21\x2f\x37\x29\x1b\x1b\
\x54\x28\x1d\x30\x1b\x32\x2c\x53\x37\x48\x39\x45\x02\x3c\x3c\x43\
\x60\x13\x1d\x20\x26\x23\x26\x23\x33\x46\x1b\x23\x32\x1a\x4d\x3b\
\x37\x3f\x1e\x1a\x00\x00\x00\x00\x01\x00\x3b\x02\x34\x00\xfa\x02\
\xc4\x00\x03\x00\x00\x13\x07\x23\x37\xfa\x84\x3b\x64\x02\xc4\x90\
\x90\x00\x00\x00\x01\x00\x5a\xff\x10\x02\x28\x01\xd4\x00\x1d\x00\
\x00\x13\x33\x11\x14\x33\x32\x36\x3d\x01\x33\x11\x14\x16\x33\x32\
\x37\x17\x06\x23\x22\x27\x23\x0e\x01\x23\x22\x27\x23\x11\x23\x5a\
\x44\x7c\x45\x4c\x44\x0b\x11\x0d\x0d\x03\x17\x16\x49\x02\x02\x14\
\x5a\x31\x50\x1f\x02\x44\x01\xd4\xfe\xfa\xa1\x68\x4c\xf3\xfe\x8b\
\x17\x14\x05\x38\x07\x56\x29\x33\x30\xfe\xec\x00\x01\x00\x30\xff\
\x82\x02\x01\x02\xc4\x00\x0d\x00\x00\x01\x11\x23\x11\x23\x11\x23\
\x11\x22\x26\x35\x34\x36\x33\x02\x01\x42\x7c\x42\x5b\x76\x7a\x6a\
\x02\xc4\xfc\xbe\x03\x0c\xfc\xf4\x01\xba\x6b\x4f\x61\x6d\x00\x00\
\x01\x00\x4c\x01\x04\x00\xb8\x01\x70\x00\x07\x00\x00\x12\x14\x06\
\x22\x26\x34\x36\x32\xb8\x1f\x2e\x1f\x1f\x2e\x01\x50\x2c\x20\x20\
\x2c\x20\x00\x00\x01\x00\x0e\xff\x1a\x00\xe2\x00\x00\x00\x17\x00\
\x00\x33\x07\x36\x33\x32\x16\x15\x14\x06\x23\x22\x27\x37\x16\x33\
\x32\x36\x35\x34\x23\x22\x07\x27\x37\x9c\x2f\x0d\x16\x21\x31\x46\
\x30\x33\x2b\x10\x1f\x29\x15\x2b\x36\x16\x15\x12\x3e\x4b\x04\x26\
\x22\x2e\x29\x14\x24\x0e\x16\x16\x27\x08\x0f\x62\x00\x00\x00\x00\
\x01\x00\x45\x01\xc4\x00\xe8\x03\x6a\x00\x06\x00\x00\x13\x11\x07\
\x27\x37\x33\x11\xab\x40\x26\x70\x33\x01\xc4\x01\x5a\x39\x29\x5c\
\xfe\x5a\x00\x00\x02\x00\x1c\x01\xa8\x01\x4c\x02\xd0\x00\x09\x00\
\x13\x00\x00\x01\x14\x06\x22\x26\x35\x34\x36\x32\x16\x07\x34\x26\
\x22\x06\x15\x14\x16\x32\x36\x01\x4c\x56\x84\x56\x56\x84\x56\x3a\
\x32\x58\x32\x32\x58\x32\x02\x3c\x40\x54\x54\x40\x41\x53\x53\x41\
\x2b\x3b\x3b\x2b\x2a\x3c\x3c\x00\x02\x00\x3d\x00\x1f\x01\xae\x01\
\xc1\x00\x05\x00\x0b\x00\x00\x3f\x01\x27\x37\x17\x07\x27\x37\x27\
\x37\x17\x07\xf3\x73\x73\x2f\x8c\x8c\xe5\x73\x73\x2f\x8c\x8c\x40\
\xb0\xb0\x21\xd1\xd1\x21\xb0\xb0\x21\xd1\xd1\x00\x04\x00\x45\xff\
\xe1\x03\x0f\x02\xe3\x00\x0a\x00\x0e\x00\x15\x00\x19\x00\x00\x01\
\x11\x33\x15\x23\x15\x23\x35\x23\x35\x13\x17\x23\x07\x33\x01\x11\
\x23\x11\x07\x27\x37\x25\x01\x27\x01\x02\xd3\x3c\x3c\x37\xbc\xaf\
\x0d\x03\x7a\x7d\xfe\x4c\x3d\x40\x26\x70\x01\xe6\xfe\x3e\x34\x01\
\xc3\x01\xa6\xfe\xf2\x36\x62\x62\x34\x01\x10\x52\xbc\x02\x2c\xfe\
\x5a\x01\x5a\x39\x29\x5c\x04\xfd\x19\x1b\x02\xe7\x00\x00\x00\x00\
\x03\x00\x45\xff\xe1\x03\x12\x02\xe3\x00\x18\x00\x1c\x00\x23\x00\
\x00\x25\x15\x21\x35\x37\x36\x35\x34\x26\x23\x22\x06\x07\x27\x3e\
\x01\x33\x32\x16\x15\x14\x0e\x01\x0f\x01\x13\x01\x27\x01\x05\x11\
\x23\x11\x07\x27\x37\x03\x12\xfe\xec\xa7\x2b\x26\x1d\x1c\x28\x07\
\x3c\x0a\x4b\x32\x38\x4b\x18\x18\x17\x80\x52\xfe\x3e\x34\x01\xc3\
\xfe\x80\x3d\x40\x26\x70\x36\x36\x39\xa9\x2d\x29\x1c\x22\x26\x20\
\x09\x33\x41\x3d\x38\x1b\x34\x1c\x17\x80\x02\x92\xfd\x19\x1b\x02\
\xe7\x1f\xfe\x5a\x01\x5a\x39\x29\x5c\x00\x00\x00\x04\x00\x27\xff\
\xe1\x03\x0f\x02\xe3\x00\x0a\x00\x0e\x00\x31\x00\x35\x00\x00\x01\
\x11\x33\x15\x23\x15\x23\x35\x23\x35\x13\x17\x23\x07\x33\x01\x35\
\x33\x32\x35\x34\x26\x23\x22\x07\x27\x36\x33\x32\x16\x15\x14\x07\
\x16\x15\x14\x06\x23\x22\x27\x37\x1e\x01\x33\x32\x36\x35\x34\x26\
\x23\x25\x01\x27\x01\x02\xd3\x3c\x3c\x37\xbc\xaf\x0d\x03\x7a\x7d\
\xfd\xed\x1b\x54\x28\x1d\x30\x1b\x32\x2c\x53\x37\x48\x39\x45\x51\
\x3b\x66\x27\x39\x0a\x2c\x1e\x21\x2f\x37\x29\x01\xf7\xfe\x3e\x34\
\x01\xc3\x01\xa6\xfe\xf2\x36\x62\x62\x34\x01\x10\x52\xbc\x01\x4c\
\x33\x46\x1b\x23\x32\x1a\x4d\x3b\x37\x3f\x1e\x1a\x4c\x3c\x43\x60\
\x13\x1d\x20\x26\x23\x26\x23\xe4\xfd\x19\x1b\x02\xe7\x00\x00\x00\
\x02\x00\x2e\xff\x0f\x01\xb8\x01\xe5\x00\x1c\x00\x24\x00\x00\x37\
\x35\x33\x15\x14\x06\x0f\x01\x06\x15\x14\x16\x33\x32\x36\x37\x17\
\x0e\x01\x23\x22\x26\x35\x34\x3e\x01\x37\x3e\x01\x26\x34\x36\x32\
\x16\x14\x06\x22\xd6\x46\x29\x27\x1c\x3a\x47\x36\x34\x45\x08\x44\
\x0f\x6c\x4d\x53\x6f\x1c\x20\x20\x2d\x1f\x1a\x1f\x2e\x1f\x1f\x2e\
\xf1\x2e\x3c\x33\x43\x22\x19\x2f\x40\x37\x3f\x41\x34\x0c\x4d\x5a\
\x5e\x52\x29\x40\x22\x1a\x25\x34\xdc\x2c\x20\x20\x2c\x20\x00\x00\
\x03\x00\x0a\x00\x00\x02\xb2\x03\x8c\x00\x07\x00\x0a\x00\x0e\x00\
\x00\x37\x07\x23\x01\x33\x01\x23\x27\x0b\x01\x21\x03\x27\x33\x17\
\xa6\x4d\x4f\x01\x32\x46\x01\x30\x50\x4e\xb7\x9c\x01\x38\xb5\x84\
\x5b\x64\xba\xba\x02\xc4\xfd\x3c\xba\x01\xba\xfe\x88\x02\x00\x90\
\x90\x00\x00\x00\x03\x00\x0a\x00\x00\x02\xb2\x03\x8c\x00\x07\x00\
\x0a\x00\x0e\x00\x00\x37\x07\x23\x01\x33\x01\x23\x27\x0b\x01\x21\
\x13\x07\x23\x37\xa6\x4d\x4f\x01\x32\x46\x01\x30\x50\x4e\xb7\x9c\
\x01\x38\x06\x84\x3b\x64\xba\xba\x02\xc4\xfd\x3c\xba\x01\xba\xfe\
\x88\x02\x90\x90\x90\x00\x00\x00\x03\x00\x0a\x00\x00\x02\xb2\x03\
\x8c\x00\x07\x00\x0a\x00\x11\x00\x00\x37\x07\x23\x01\x33\x01\x23\
\x27\x0b\x01\x21\x03\x17\x23\x27\x07\x23\x37\xa6\x4d\x4f\x01\x32\
\x46\x01\x30\x50\x4e\xb7\x9c\x01\x38\x74\x6d\x42\x53\x53\x42\x6d\
\xba\xba\x02\xc4\xfd\x3c\xba\x01\xba\xfe\x88\x02\x90\x90\x6c\x6c\
\x90\x00\x00\x00\x03\x00\x0a\x00\x00\x02\xb2\x03\x74\x00\x07\x00\
\x0a\x00\x1b\x00\x00\x37\x07\x23\x01\x33\x01\x23\x27\x0b\x01\x21\
\x01\x23\x36\x33\x32\x17\x16\x33\x32\x37\x33\x06\x23\x22\x26\x23\
\x22\xa6\x4d\x4f\x01\x32\x46\x01\x30\x50\x4e\xb7\x9c\x01\x38\xfe\
\xee\x2b\x12\x4a\x1b\x2e\x32\x11\x25\x0c\x2b\x12\x4a\x1d\x58\x17\
\x25\xba\xba\x02\xc4\xfd\x3c\xba\x01\xba\xfe\x88\x02\x0c\x68\x17\
\x17\x32\x68\x2e\x00\x00\x00\x00\x04\x00\x0a\x00\x00\x02\xb2\x03\
\x82\x00\x07\x00\x0a\x00\x12\x00\x1a\x00\x00\x37\x07\x23\x01\x33\
\x01\x23\x27\x0b\x01\x21\x00\x34\x36\x32\x16\x14\x06\x22\x36\x34\
\x36\x32\x16\x14\x06\x22\xa6\x4d\x4f\x01\x32\x46\x01\x30\x50\x4e\
\xb7\x9c\x01\x38\xfe\xd3\x1d\x2c\x1d\x1d\x2c\xa3\x1d\x2c\x1d\x1d\
\x2c\xba\xba\x02\xc4\xfd\x3c\xba\x01\xba\xfe\x88\x02\x3f\x28\x1f\
\x1f\x28\x1f\x1f\x28\x1f\x1f\x28\x1f\x00\x00\x00\x04\x00\x0a\x00\
\x00\x02\xb2\x03\xb1\x00\x07\x00\x0a\x00\x12\x00\x1a\x00\x00\x37\
\x07\x23\x01\x33\x01\x23\x27\x0b\x01\x21\x02\x14\x06\x22\x26\x34\
\x36\x32\x16\x34\x26\x22\x06\x14\x16\x32\xa6\x4d\x4f\x01\x32\x46\
\x01\x30\x50\x4e\xb7\x9c\x01\x38\x3b\x39\x4e\x39\x39\x4e\x15\x23\
\x32\x23\x23\x32\xba\xba\x02\xc4\xfd\x3c\xba\x01\xba\xfe\x88\x02\
\x7e\x50\x37\x37\x50\x37\x78\x32\x22\x22\x32\x22\x00\x00\x00\x00\
\x02\x00\x0b\x00\x00\x03\xa8\x02\xc4\x00\x0f\x00\x13\x00\x00\x01\
\x11\x21\x15\x21\x35\x21\x07\x23\x01\x21\x15\x21\x15\x21\x15\x05\
\x21\x11\x23\x02\x4f\x01\x59\xfe\x5f\xfe\xd6\x80\x52\x01\xcd\x01\
\xc4\xfe\xb3\x01\x35\xfd\x7e\x01\x05\x0e\x01\x51\xfe\xef\x40\xc6\
\xc6\x02\xc4\x40\xf4\x3f\x4c\x01\x7f\x00\x00\x00\x01\x00\x38\xff\
\x1a\x02\xb2\x02\xd6\x00\x2e\x00\x00\x25\x17\x0e\x01\x23\x07\x36\
\x33\x32\x16\x15\x14\x06\x23\x22\x27\x37\x16\x33\x32\x36\x35\x34\
\x23\x22\x07\x27\x37\x2e\x01\x35\x34\x36\x33\x32\x16\x17\x07\x2e\
\x01\x23\x22\x06\x10\x16\x33\x32\x02\x7a\x38\x26\x89\x5a\x23\x0d\
\x16\x21\x31\x46\x30\x33\x2b\x10\x1f\x29\x15\x2b\x36\x16\x15\x12\
\x34\x91\xb7\xd2\x9f\x4e\x89\x25\x3c\x19\x67\x3f\x85\xa1\xa2\x84\
\x8a\x96\x24\x3a\x4a\x39\x04\x26\x22\x2e\x29\x14\x24\x0e\x16\x16\
\x27\x08\x0f\x52\x0e\xce\x96\xa1\xd3\x3d\x33\x2c\x26\x37\xb4\xfe\
\xfe\xb4\x00\x00\x02\x00\x5e\x00\x00\x02\x21\x03\x8c\x00\x0b\x00\
\x0f\x00\x00\x13\x11\x21\x15\x21\x11\x21\x15\x21\x15\x21\x15\x03\
\x27\x33\x17\xa6\x01\x7b\xfe\x3d\x01\xb7\xfe\x91\x01\x57\xc1\x84\
\x5b\x64\x01\x51\xfe\xef\x40\x02\xc4\x40\xf4\x3f\x01\xab\x90\x90\
\x00\x00\x00\x00\x02\x00\x5e\x00\x00\x02\x21\x03\x8c\x00\x0b\x00\
\x0f\x00\x00\x13\x11\x21\x15\x21\x11\x21\x15\x21\x15\x21\x15\x03\
\x07\x23\x37\xa6\x01\x7b\xfe\x3d\x01\xb7\xfe\x91\x01\x57\x35\x84\
\x3b\x64\x01\x51\xfe\xef\x40\x02\xc4\x40\xf4\x3f\x02\x3b\x90\x90\
\x00\x00\x00\x00\x02\x00\x5e\x00\x00\x02\x21\x03\x8c\x00\x0b\x00\
\x12\x00\x00\x13\x11\x21\x15\x21\x11\x21\x15\x21\x15\x21\x15\x03\
\x17\x23\x27\x07\x23\x37\xa6\x01\x7b\xfe\x3d\x01\xb7\xfe\x91\x01\
\x57\x99\x6d\x42\x53\x53\x42\x6d\x01\x51\xfe\xef\x40\x02\xc4\x40\
\xf4\x3f\x02\x3b\x90\x6c\x6c\x90\x00\x00\x00\x00\x03\x00\x5e\x00\
\x00\x02\x21\x03\x82\x00\x0b\x00\x13\x00\x1b\x00\x00\x13\x11\x21\
\x15\x21\x11\x21\x15\x21\x15\x21\x15\x00\x34\x36\x32\x16\x14\x06\
\x22\x36\x34\x36\x32\x16\x14\x06\x22\xa6\x01\x7b\xfe\x3d\x01\xb7\
\xfe\x91\x01\x57\xfe\xac\x1d\x2c\x1d\x1d\x2c\xa3\x1d\x2c\x1d\x1d\
\x2c\x01\x51\xfe\xef\x40\x02\xc4\x40\xf4\x3f\x01\xea\x28\x1f\x1f\
\x28\x1f\x1f\x28\x1f\x1f\x28\x1f\x00\x00\x00\x00\x02\xff\xe6\x00\
\x00\x00\xa6\x03\x8c\x00\x03\x00\x07\x00\x00\x13\x11\x23\x11\x37\
\x27\x33\x17\xa6\x48\x0c\x84\x5b\x64\x02\xc4\xfd\x3c\x02\xc4\x38\
\x90\x90\x00\x00\x02\x00\x5e\x00\x00\x01\x1d\x03\x8c\x00\x03\x00\
\x07\x00\x00\x13\x11\x23\x11\x37\x07\x23\x37\xa6\x48\xbf\x84\x3b\
\x64\x02\xc4\xfd\x3c\x02\xc4\xc8\x90\x90\x00\x00\x02\xff\xed\x00\
\x00\x01\x17\x03\x8c\x00\x03\x00\x0a\x00\x00\x13\x11\x23\x11\x37\
\x17\x23\x27\x07\x23\x37\xa6\x48\x4c\x6d\x42\x53\x53\x42\x6d\x02\
\xc4\xfd\x3c\x02\xc4\xc8\x90\x6c\x6c\x90\x00\x00\x03\xff\xef\x00\
\x00\x01\x15\x03\x82\x00\x03\x00\x0b\x00\x13\x00\x00\x13\x11\x23\
\x11\x26\x34\x36\x32\x16\x14\x06\x22\x36\x34\x36\x32\x16\x14\x06\
\x22\xa6\x48\x6f\x1d\x2c\x1d\x1d\x2c\xa3\x1d\x2c\x1d\x1d\x2c\x02\
\xc4\xfd\x3c\x02\xc4\x77\x28\x1f\x1f\x28\x1f\x1f\x28\x1f\x1f\x28\
\x1f\x00\x00\x00\x02\x00\x0d\x00\x00\x02\xb5\x02\xc4\x00\x0f\x00\
\x1f\x00\x00\x33\x11\x23\x35\x33\x11\x33\x32\x1e\x02\x14\x0e\x02\
\x23\x03\x11\x33\x32\x3e\x02\x34\x2e\x02\x2b\x01\x15\x21\x15\x56\
\x49\x49\xeb\x44\x82\x6c\x42\x42\x6c\x82\x44\xa3\x8c\x4e\x7c\x4c\
\x27\x27\x4c\x7c\x4e\x8c\x01\x02\x01\x5b\x36\x01\x33\x2d\x55\x8b\
\xaa\x8b\x55\x2d\x01\x5b\xfe\xe7\x30\x52\x66\x70\x66\x52\x30\xf1\
\x36\x00\x00\x00\x02\x00\x5e\x00\x00\x02\x9e\x03\x74\x00\x0b\x00\
\x1c\x00\x00\x13\x01\x33\x11\x33\x11\x23\x01\x23\x11\x23\x11\x37\
\x23\x36\x33\x32\x17\x16\x33\x32\x37\x33\x06\x23\x22\x26\x23\x22\
\xb8\x01\x9c\x02\x48\x5a\xfe\x64\x02\x48\xac\x2b\x12\x4a\x1b\x2e\
\x32\x11\x25\x0c\x2b\x12\x4a\x1d\x58\x17\x25\x02\xc4\xfd\xa5\x02\
\x5b\xfd\x3c\x02\x61\xfd\x9f\x02\xc4\x44\x68\x17\x17\x32\x68\x2e\
\x00\x00\x00\x00\x03\x00\x38\xff\xee\x03\x1a\x03\x8c\x00\x07\x00\
\x0f\x00\x13\x00\x00\x00\x10\x06\x20\x26\x10\x36\x20\x12\x10\x26\
\x20\x06\x10\x16\x20\x03\x27\x33\x17\x03\x1a\xd2\xfe\xc2\xd2\xd2\
\x01\x3e\x86\xa1\xfe\xf8\xa1\xa1\x01\x08\x76\x84\x5b\x64\x02\x03\
\xfe\xbe\xd3\xd3\x01\x42\xd3\xfe\x0b\x01\x02\xb4\xb4\xfe\xfe\xb3\
\x02\xce\x90\x90\x00\x00\x00\x00\x03\x00\x38\xff\xee\x03\x1a\x03\
\x8c\x00\x07\x00\x0f\x00\x13\x00\x00\x00\x10\x06\x20\x26\x10\x36\
\x20\x12\x10\x26\x20\x06\x10\x16\x20\x13\x07\x23\x37\x03\x1a\xd2\
\xfe\xc2\xd2\xd2\x01\x3e\x86\xa1\xfe\xf8\xa1\xa1\x01\x08\x01\x84\
\x3b\x64\x02\x03\xfe\xbe\xd3\xd3\x01\x42\xd3\xfe\x0b\x01\x02\xb4\
\xb4\xfe\xfe\xb3\x03\x5e\x90\x90\x00\x00\x00\x00\x03\x00\x38\xff\
\xee\x03\x1a\x03\x8c\x00\x07\x00\x0f\x00\x16\x00\x00\x00\x10\x06\
\x20\x26\x10\x36\x20\x12\x10\x26\x20\x06\x10\x16\x20\x03\x17\x23\
\x27\x07\x23\x37\x03\x1a\xd2\xfe\xc2\xd2\xd2\x01\x3e\x86\xa1\xfe\
\xf8\xa1\xa1\x01\x08\x5c\x6d\x42\x53\x53\x42\x6d\x02\x03\xfe\xbe\
\xd3\xd3\x01\x42\xd3\xfe\x0b\x01\x02\xb4\xb4\xfe\xfe\xb3\x03\x5e\
\x90\x6c\x6c\x90\x00\x00\x00\x00\x03\x00\x38\xff\xee\x03\x1a\x03\
\x74\x00\x07\x00\x0f\x00\x20\x00\x00\x00\x10\x06\x20\x26\x10\x36\
\x20\x12\x10\x26\x20\x06\x10\x16\x20\x03\x23\x36\x33\x32\x17\x16\
\x33\x32\x37\x33\x06\x23\x22\x26\x23\x22\x03\x1a\xd2\xfe\xc2\xd2\
\xd2\x01\x3e\x86\xa1\xfe\xf8\xa1\xa1\x01\x08\xfb\x2b\x12\x4a\x1b\
\x2e\x32\x11\x25\x0c\x2b\x12\x4a\x1d\x58\x17\x25\x02\x03\xfe\xbe\
\xd3\xd3\x01\x42\xd3\xfe\x0b\x01\x02\xb4\xb4\xfe\xfe\xb3\x02\xda\
\x68\x17\x17\x32\x68\x2e\x00\x00\x04\x00\x38\xff\xee\x03\x1a\x03\
\x82\x00\x07\x00\x0f\x00\x17\x00\x1f\x00\x00\x00\x10\x06\x20\x26\
\x10\x36\x20\x12\x10\x26\x20\x06\x10\x16\x20\x00\x34\x36\x32\x16\
\x14\x06\x22\x36\x34\x36\x32\x16\x14\x06\x22\x03\x1a\xd2\xfe\xc2\
\xd2\xd2\x01\x3e\x86\xa1\xfe\xf8\xa1\xa1\x01\x08\xfe\xe9\x1d\x2c\
\x1d\x1d\x2c\xa3\x1d\x2c\x1d\x1d\x2c\x02\x03\xfe\xbe\xd3\xd3\x01\
\x42\xd3\xfe\x0b\x01\x02\xb4\xb4\xfe\xfe\xb3\x03\x0d\x28\x1f\x1f\
\x28\x1f\x1f\x28\x1f\x1f\x28\x1f\x00\x00\x00\x00\x01\x00\x84\x00\
\x65\x02\x16\x01\xf9\x00\x0b\x00\x00\x13\x17\x37\x17\x07\x17\x07\
\x27\x07\x27\x37\x27\xae\x9f\x9e\x2b\x9f\x9f\x2b\x9e\x9f\x2a\x9f\
\x9f\x01\xf9\x9f\x9f\x2a\xa0\x9f\x2b\x9f\x9f\x2b\x9f\xa0\x00\x00\
\x03\x00\x38\xff\xee\x03\x1a\x02\xd6\x00\x13\x00\x1b\x00\x23\x00\
\x00\x01\x07\x16\x15\x14\x06\x23\x22\x27\x07\x27\x37\x26\x35\x34\
\x36\x33\x32\x17\x37\x07\x01\x16\x33\x32\x36\x35\x34\x09\x01\x26\
\x23\x22\x06\x15\x14\x03\x06\x4c\x60\xd2\x9f\x8a\x62\x4c\x25\x4c\
\x60\xd2\x9f\x88\x64\x4c\x56\xfe\x61\x4c\x71\x85\xa0\xfd\xfb\x01\
\x9f\x4a\x75\x85\xa0\x02\xb4\x52\x66\x9a\xa1\xd3\x51\x51\x22\x52\
\x66\x9a\xa1\xd3\x51\x51\xa8\xfe\x43\x43\xb3\x81\x7a\xfe\xba\x01\
\xbd\x44\xb4\x81\x7b\x00\x00\x00\x02\x00\x5a\xff\xee\x02\x6c\x03\
\x8c\x00\x15\x00\x19\x00\x00\x04\x22\x2e\x03\x35\x11\x33\x11\x14\
\x16\x32\x36\x35\x11\x33\x11\x14\x0e\x02\x03\x27\x33\x17\x01\xa0\
\x7a\x5f\x3a\x25\x0e\x48\x5d\xc8\x5d\x48\x0e\x25\x3a\x9b\x84\x5b\
\x64\x12\x25\x38\x4e\x49\x26\x01\xbc\xfe\x4c\x60\x82\x82\x60\x01\
\xb4\xfe\x44\x26\x49\x4e\x38\x02\xe9\x90\x90\x00\x02\x00\x5a\xff\
\xee\x02\x6c\x03\x8c\x00\x15\x00\x19\x00\x00\x04\x22\x2e\x03\x35\
\x11\x33\x11\x14\x16\x32\x36\x35\x11\x33\x11\x14\x0e\x02\x03\x07\
\x23\x37\x01\xa0\x7a\x5f\x3a\x25\x0e\x48\x5d\xc8\x5d\x48\x0e\x25\
\x3a\x0e\x84\x3b\x64\x12\x25\x38\x4e\x49\x26\x01\xbc\xfe\x4c\x60\
\x82\x82\x60\x01\xb4\xfe\x44\x26\x49\x4e\x38\x03\x79\x90\x90\x00\
\x02\x00\x5a\xff\xee\x02\x6c\x03\x8c\x00\x15\x00\x1c\x00\x00\x04\
\x22\x2e\x03\x35\x11\x33\x11\x14\x16\x32\x36\x35\x11\x33\x11\x14\
\x0e\x02\x03\x17\x23\x27\x07\x23\x37\x01\xa0\x7a\x5f\x3a\x25\x0e\
\x48\x5d\xc8\x5d\x48\x0e\x25\x3a\x74\x6d\x42\x53\x53\x42\x6d\x12\
\x25\x38\x4e\x49\x26\x01\xbc\xfe\x4c\x60\x82\x82\x60\x01\xb4\xfe\
\x44\x26\x49\x4e\x38\x03\x79\x90\x6c\x6c\x90\x00\x03\x00\x5a\xff\
\xee\x02\x6c\x03\x82\x00\x15\x00\x1d\x00\x25\x00\x00\x04\x22\x2e\
\x03\x35\x11\x33\x11\x14\x16\x32\x36\x35\x11\x33\x11\x14\x0e\x02\
\x00\x34\x36\x32\x16\x14\x06\x22\x36\x34\x36\x32\x16\x14\x06\x22\
\x01\xa0\x7a\x5f\x3a\x25\x0e\x48\x5d\xc8\x5d\x48\x0e\x25\x3a\xfe\
\xd2\x1d\x2c\x1d\x1d\x2c\xa3\x1d\x2c\x1d\x1d\x2c\x12\x25\x38\x4e\
\x49\x26\x01\xbc\xfe\x4c\x60\x82\x82\x60\x01\xb4\xfe\x44\x26\x49\
\x4e\x38\x03\x28\x28\x1f\x1f\x28\x1f\x1f\x28\x1f\x1f\x28\x1f\x00\
\x02\x00\x00\x00\x00\x02\x5a\x03\x8c\x00\x08\x00\x0c\x00\x00\x01\
\x11\x23\x11\x01\x33\x1b\x01\x33\x27\x07\x23\x37\x01\x51\x48\xfe\
\xf7\x5a\xd5\xd7\x54\x88\x84\x3b\x64\x01\x31\xfe\xcf\x01\x31\x01\
\x93\xfe\xa9\x01\x57\xc8\x90\x90\x00\x00\x00\x00\x02\x00\x5e\x00\
\x00\x02\x15\x02\xc4\x00\x0b\x00\x12\x00\x00\x33\x11\x33\x15\x33\
\x32\x16\x14\x06\x2b\x01\x15\x11\x15\x33\x32\x35\x34\x23\x5e\x48\
\x80\x6f\x80\x82\x6f\x7e\x74\xad\xad\x02\xc4\x9b\x60\xba\x61\xae\
\x01\xe9\xfc\x7f\x7d\x00\x00\x00\x01\x00\x58\xff\xf4\x02\x21\x03\
\x00\x00\x2c\x00\x00\x13\x11\x23\x11\x34\x3e\x02\x33\x32\x16\x15\
\x14\x07\x15\x1e\x01\x15\x14\x06\x23\x22\x27\x35\x16\x33\x32\x36\
\x35\x34\x26\x2b\x01\x35\x33\x32\x36\x35\x34\x26\x23\x22\x0e\x02\
\x9c\x44\x14\x2d\x56\x3b\x4f\x71\x74\x4c\x5f\x83\x6d\x1c\x1b\x1a\
\x16\x50\x60\x68\x59\x09\x08\x40\x4d\x48\x36\x2a\x3a\x1c\x0b\x02\
\x1e\xfd\xe2\x02\x20\x2a\x4b\x43\x28\x60\x51\x75\x2a\x02\x09\x71\
\x55\x6b\x80\x05\x39\x04\x5f\x53\x55\x5a\x3c\x3f\x3f\x3a\x41\x1f\
\x35\x34\x00\x00\x03\x00\x37\xff\xf4\x01\xc9\x02\xc4\x00\x1d\x00\
\x2a\x00\x2e\x00\x00\x01\x35\x34\x23\x22\x07\x27\x36\x33\x32\x16\
\x1d\x01\x14\x17\x23\x26\x35\x23\x06\x23\x22\x26\x35\x34\x3e\x04\
\x17\x23\x22\x0e\x02\x15\x14\x16\x33\x32\x36\x35\x03\x27\x33\x17\
\x01\x81\x7d\x54\x37\x26\x43\x75\x50\x66\x08\x3d\x07\x02\x3d\x6d\
\x3f\x63\x18\x30\x38\x52\x47\x31\x14\x30\x4b\x4b\x2a\x40\x2e\x45\
\x51\x6d\x84\x5b\x64\x01\x1f\x0f\x79\x37\x2d\x43\x58\x52\xcd\x3f\
\x2a\x28\x24\x58\x47\x47\x23\x35\x22\x15\x0b\x03\x35\x07\x14\x2a\
\x20\x2e\x2b\x5a\x41\x01\x6d\x90\x90\x00\x00\x00\x03\x00\x37\xff\
\xf4\x01\xc9\x02\xc4\x00\x1d\x00\x2a\x00\x2e\x00\x00\x01\x35\x34\
\x23\x22\x07\x27\x36\x33\x32\x16\x1d\x01\x14\x17\x23\x26\x35\x23\
\x06\x23\x22\x26\x35\x34\x3e\x04\x17\x23\x22\x0e\x02\x15\x14\x16\
\x33\x32\x36\x35\x13\x07\x23\x37\x01\x81\x7d\x54\x37\x26\x43\x75\
\x50\x66\x08\x3d\x07\x02\x3d\x6d\x3f\x63\x18\x30\x38\x52\x47\x31\
\x14\x30\x4b\x4b\x2a\x40\x2e\x45\x51\x15\x84\x3b\x64\x01\x1f\x0f\
\x79\x37\x2d\x43\x58\x52\xcd\x3f\x2a\x28\x24\x58\x47\x47\x23\x35\
\x22\x15\x0b\x03\x35\x07\x14\x2a\x20\x2e\x2b\x5a\x41\x01\xfd\x90\
\x90\x00\x00\x00\x03\x00\x37\xff\xf4\x01\xc9\x02\xc4\x00\x1d\x00\
\x2a\x00\x31\x00\x00\x01\x35\x34\x23\x22\x07\x27\x36\x33\x32\x16\
\x1d\x01\x14\x17\x23\x26\x35\x23\x06\x23\x22\x26\x35\x34\x3e\x04\
\x17\x23\x22\x0e\x02\x15\x14\x16\x33\x32\x36\x35\x03\x17\x23\x27\
\x07\x23\x37\x01\x81\x7d\x54\x37\x26\x43\x75\x50\x66\x08\x3d\x07\
\x02\x3d\x6d\x3f\x63\x18\x30\x38\x52\x47\x31\x14\x30\x4b\x4b\x2a\
\x40\x2e\x45\x51\x4c\x6d\x42\x53\x53\x42\x6d\x01\x1f\x0f\x79\x37\
\x2d\x43\x58\x52\xcd\x3f\x2a\x28\x24\x58\x47\x47\x23\x35\x22\x15\
\x0b\x03\x35\x07\x14\x2a\x20\x2e\x2b\x5a\x41\x01\xfd\x90\x6c\x6c\
\x90\x00\x00\x00\x03\x00\x37\xff\xf4\x01\xc9\x02\xac\x00\x1d\x00\
\x2a\x00\x3b\x00\x00\x01\x35\x34\x23\x22\x07\x27\x36\x33\x32\x16\
\x1d\x01\x14\x17\x23\x26\x35\x23\x06\x23\x22\x26\x35\x34\x3e\x04\
\x17\x23\x22\x0e\x02\x15\x14\x16\x33\x32\x36\x35\x03\x23\x36\x33\
\x32\x17\x16\x33\x32\x37\x33\x06\x23\x22\x26\x23\x22\x01\x81\x7d\
\x54\x37\x26\x43\x75\x50\x66\x08\x3d\x07\x02\x3d\x6d\x3f\x63\x18\
\x30\x38\x52\x47\x31\x14\x30\x4b\x4b\x2a\x40\x2e\x45\x51\xef\x2b\
\x12\x4a\x1b\x2e\x32\x11\x25\x0c\x2b\x12\x4a\x1d\x58\x17\x25\x01\
\x1f\x0f\x79\x37\x2d\x43\x58\x52\xcd\x3f\x2a\x28\x24\x58\x47\x47\
\x23\x35\x22\x15\x0b\x03\x35\x07\x14\x2a\x20\x2e\x2b\x5a\x41\x01\
\x79\x68\x17\x17\x32\x68\x2e\x00\x04\x00\x37\xff\xf4\x01\xc9\x02\
\xba\x00\x1d\x00\x2a\x00\x32\x00\x3a\x00\x00\x01\x35\x34\x23\x22\
\x07\x27\x36\x33\x32\x16\x1d\x01\x14\x17\x23\x26\x35\x23\x06\x23\
\x22\x26\x35\x34\x3e\x04\x17\x23\x22\x0e\x02\x15\x14\x16\x33\x32\
\x36\x35\x00\x34\x36\x32\x16\x14\x06\x22\x36\x34\x36\x32\x16\x14\
\x06\x22\x01\x81\x7d\x54\x37\x26\x43\x75\x50\x66\x08\x3d\x07\x02\
\x3d\x6d\x3f\x63\x18\x30\x38\x52\x47\x31\x14\x30\x4b\x4b\x2a\x40\
\x2e\x45\x51\xfe\xf6\x1d\x2c\x1d\x1d\x2c\xa3\x1d\x2c\x1d\x1d\x2c\
\x01\x1f\x0f\x79\x37\x2d\x43\x58\x52\xcd\x3f\x2a\x28\x24\x58\x47\
\x47\x23\x35\x22\x15\x0b\x03\x35\x07\x14\x2a\x20\x2e\x2b\x5a\x41\
\x01\xac\x28\x1f\x1f\x28\x1f\x1f\x28\x1f\x1f\x28\x1f\x00\x00\x00\
\x04\x00\x37\xff\xf4\x01\xc9\x02\xe9\x00\x1d\x00\x2a\x00\x32\x00\
\x3a\x00\x00\x01\x35\x34\x23\x22\x07\x27\x36\x33\x32\x16\x1d\x01\
\x14\x17\x23\x26\x35\x23\x06\x23\x22\x26\x35\x34\x3e\x04\x17\x23\
\x22\x0e\x02\x15\x14\x16\x33\x32\x36\x35\x02\x14\x06\x22\x26\x34\
\x36\x32\x16\x34\x26\x22\x06\x14\x16\x32\x01\x81\x7d\x54\x37\x26\
\x43\x75\x50\x66\x08\x3d\x07\x02\x3d\x6d\x3f\x63\x18\x30\x38\x52\
\x47\x31\x14\x30\x4b\x4b\x2a\x40\x2e\x45\x51\x18\x39\x4e\x39\x39\
\x4e\x15\x23\x32\x23\x23\x32\x01\x1f\x0f\x79\x37\x2d\x43\x58\x52\
\xcd\x3f\x2a\x28\x24\x58\x47\x47\x23\x35\x22\x15\x0b\x03\x35\x07\
\x14\x2a\x20\x2e\x2b\x5a\x41\x01\xeb\x50\x37\x37\x50\x37\x78\x32\
\x22\x22\x32\x22\x00\x00\x00\x00\x03\x00\x38\xff\xf4\x03\x2e\x01\
\xe0\x00\x2c\x00\x33\x00\x3f\x00\x00\x25\x14\x07\x21\x1e\x01\x33\
\x32\x36\x37\x17\x06\x23\x22\x26\x27\x06\x23\x22\x26\x35\x34\x3e\
\x03\x33\x35\x34\x26\x23\x22\x07\x27\x3e\x01\x33\x32\x16\x17\x3e\
\x01\x33\x32\x16\x05\x21\x34\x26\x23\x22\x06\x07\x23\x22\x0e\x02\
\x15\x14\x33\x32\x36\x35\x03\x2e\x01\xfe\x8e\x02\x5d\x44\x2f\x4b\
\x15\x31\x4b\x75\x41\x61\x18\x2e\x95\x45\x64\x26\x39\x5c\x51\x38\
\x3d\x3b\x54\x3c\x27\x1f\x68\x3a\x38\x51\x11\x1c\x5e\x37\x65\x70\
\xfe\x90\x01\x2b\x4e\x42\x3d\x5c\x44\x14\x35\x48\x49\x24\x6f\x46\
\x49\xf8\x17\x09\x47\x64\x2f\x22\x27\x63\x3a\x33\x6d\x44\x45\x26\
\x38\x1e\x11\x04\x0f\x3f\x4b\x37\x2c\x1e\x26\x34\x2e\x2d\x35\x83\
\x4f\x44\x55\x5c\x73\x06\x11\x26\x1d\x53\x4b\x40\x00\x00\x00\x00\
\x01\x00\x38\xff\x1a\x01\xe4\x01\xe0\x00\x2e\x00\x00\x01\x07\x2e\
\x01\x23\x22\x06\x15\x14\x16\x33\x32\x37\x17\x06\x0f\x01\x36\x33\
\x32\x16\x15\x14\x06\x23\x22\x27\x37\x16\x33\x32\x36\x35\x34\x23\
\x22\x07\x27\x37\x2e\x01\x35\x34\x36\x33\x32\x16\x01\xe0\x35\x11\
\x41\x26\x50\x63\x62\x50\x51\x2e\x33\x40\x6c\x27\x0d\x16\x21\x31\
\x46\x30\x33\x2b\x10\x1f\x29\x15\x2b\x36\x16\x15\x12\x37\x61\x75\
\x8a\x70\x32\x5f\x01\x8f\x26\x1b\x23\x6b\x52\x51\x6b\x3d\x26\x4e\
\x03\x3f\x04\x26\x22\x2e\x29\x14\x24\x0e\x16\x16\x27\x08\x0f\x58\
\x0b\x87\x62\x6b\x8b\x2a\x00\x00\x03\x00\x38\xff\xf4\x02\x04\x02\
\xc4\x00\x06\x00\x1b\x00\x1f\x00\x00\x13\x21\x2e\x01\x23\x22\x06\
\x05\x14\x07\x21\x1e\x01\x33\x32\x36\x37\x17\x06\x23\x22\x26\x35\
\x34\x36\x33\x32\x16\x2f\x01\x33\x17\x80\x01\x3f\x03\x51\x47\x42\
\x5d\x01\x7f\x01\xfe\x7c\x02\x62\x47\x31\x50\x15\x33\x4e\x7b\x68\
\x8a\x88\x64\x6a\x76\xea\x84\x5b\x64\x01\x0e\x44\x55\x5b\x54\x14\
\x0c\x47\x63\x2f\x22\x28\x63\x8c\x6a\x69\x8d\x83\xd7\x90\x90\x00\
\x03\x00\x38\xff\xf4\x02\x04\x02\xc4\x00\x06\x00\x1b\x00\x1f\x00\
\x00\x13\x21\x2e\x01\x23\x22\x06\x05\x14\x07\x21\x1e\x01\x33\x32\
\x36\x37\x17\x06\x23\x22\x26\x35\x34\x36\x33\x32\x16\x03\x07\x23\
\x37\x80\x01\x3f\x03\x51\x47\x42\x5d\x01\x7f\x01\xfe\x7c\x02\x62\
\x47\x31\x50\x15\x33\x4e\x7b\x68\x8a\x88\x64\x6a\x76\x4a\x84\x3b\
\x64\x01\x0e\x44\x55\x5b\x54\x14\x0c\x47\x63\x2f\x22\x28\x63\x8c\
\x6a\x69\x8d\x83\x01\x67\x90\x90\x00\x00\x00\x00\x03\x00\x38\xff\
\xf4\x02\x04\x02\xc4\x00\x06\x00\x1b\x00\x22\x00\x00\x13\x21\x2e\
\x01\x23\x22\x06\x05\x14\x07\x21\x1e\x01\x33\x32\x36\x37\x17\x06\
\x23\x22\x26\x35\x34\x36\x33\x32\x16\x03\x17\x23\x27\x07\x23\x37\
\x80\x01\x3f\x03\x51\x47\x42\x5d\x01\x7f\x01\xfe\x7c\x02\x62\x47\
\x31\x50\x15\x33\x4e\x7b\x68\x8a\x88\x64\x6a\x76\xb1\x6d\x42\x53\
\x53\x42\x6d\x01\x0e\x44\x55\x5b\x54\x14\x0c\x47\x63\x2f\x22\x28\
\x63\x8c\x6a\x69\x8d\x83\x01\x67\x90\x6c\x6c\x90\x00\x00\x00\x00\
\x04\x00\x38\xff\xf4\x02\x04\x02\xba\x00\x06\x00\x1b\x00\x23\x00\
\x2b\x00\x00\x13\x21\x2e\x01\x23\x22\x06\x05\x14\x07\x21\x1e\x01\
\x33\x32\x36\x37\x17\x06\x23\x22\x26\x35\x34\x36\x33\x32\x16\x00\
\x34\x36\x32\x16\x14\x06\x22\x36\x34\x36\x32\x16\x14\x06\x22\x80\
\x01\x3f\x03\x51\x47\x42\x5d\x01\x7f\x01\xfe\x7c\x02\x62\x47\x31\
\x50\x15\x33\x4e\x7b\x68\x8a\x88\x64\x6a\x76\xfe\x94\x1d\x2c\x1d\
\x1d\x2c\xa3\x1d\x2c\x1d\x1d\x2c\x01\x0e\x44\x55\x5b\x54\x14\x0c\
\x47\x63\x2f\x22\x28\x63\x8c\x6a\x69\x8d\x83\x01\x16\x28\x1f\x1f\
\x28\x1f\x1f\x28\x1f\x1f\x28\x1f\x00\x00\x00\x00\x02\xff\xdf\x00\
\x00\x00\x9f\x02\xc4\x00\x03\x00\x07\x00\x00\x13\x11\x23\x11\x37\
\x27\x33\x17\x9f\x44\x08\x84\x5b\x64\x01\xd4\xfe\x2c\x01\xd4\x60\
\x90\x90\x00\x00\x02\x00\x5b\x00\x00\x01\x1a\x02\xc4\x00\x03\x00\
\x07\x00\x00\x13\x11\x23\x11\x37\x07\x23\x37\x9f\x44\xbf\x84\x3b\
\x64\x01\xd4\xfe\x2c\x01\xd4\xf0\x90\x90\x00\x00\x02\xff\xea\x00\
\x00\x01\x14\x02\xc4\x00\x03\x00\x0a\x00\x00\x13\x11\x23\x11\x37\
\x17\x23\x27\x07\x23\x37\x9f\x44\x4c\x6d\x42\x53\x53\x42\x6d\x01\
\xd4\xfe\x2c\x01\xd4\xf0\x90\x6c\x6c\x90\x00\x00\x03\xff\xeb\x00\
\x00\x01\x11\x02\xba\x00\x03\x00\x0b\x00\x13\x00\x00\x13\x11\x23\
\x11\x26\x34\x36\x32\x16\x14\x06\x22\x36\x34\x36\x32\x16\x14\x06\
\x22\x9f\x44\x70\x1d\x2c\x1d\x1d\x2c\xa3\x1d\x2c\x1d\x1d\x2c\x01\
\xd4\xfe\x2c\x01\xd4\x9f\x28\x1f\x1f\x28\x1f\x1f\x28\x1f\x1f\x28\
\x1f\x00\x00\x00\x02\x00\x30\xff\xf4\x02\x21\x03\x0a\x00\x09\x00\
\x26\x00\x00\x12\x14\x16\x33\x32\x36\x34\x26\x23\x22\x13\x07\x1e\
\x01\x15\x14\x0e\x02\x23\x22\x26\x34\x36\x33\x32\x17\x37\x26\x27\
\x07\x27\x37\x26\x27\x37\x16\x17\x37\x78\x61\x4f\x50\x61\x61\x50\
\x4f\xee\x67\x56\x6b\x1b\x38\x64\x42\x6c\x8c\x8c\x6c\x50\x46\x02\
\x39\x63\x70\x24\x6e\x1d\x47\x3b\x3c\x28\x66\x01\x3a\xa0\x6a\x6a\
\xa0\x6a\x01\x26\x36\x50\xd6\x72\x30\x59\x4f\x30\x8c\xd4\x8c\x3a\
\x02\x78\x55\x39\x24\x38\x1c\x31\x25\x2c\x26\x35\x00\x00\x00\x00\
\x02\x00\x56\x00\x00\x01\xef\x02\xac\x00\x17\x00\x28\x00\x00\x13\
\x33\x16\x15\x33\x3e\x01\x33\x32\x16\x15\x11\x23\x11\x34\x26\x23\
\x22\x06\x1d\x01\x23\x11\x34\x37\x23\x36\x33\x32\x17\x16\x33\x32\
\x37\x33\x06\x23\x22\x26\x23\x22\x56\x41\x04\x02\x13\x5b\x32\x57\
\x5b\x44\x39\x46\x3b\x53\x44\x54\x2b\x12\x4a\x1b\x2e\x32\x11\x25\
\x0c\x2b\x12\x4a\x1d\x58\x17\x25\x01\xd4\x32\x1e\x28\x34\x68\x59\
\xfe\xe1\x01\x03\x4f\x55\x5f\x58\xf0\x01\x6d\x3c\x97\x68\x17\x17\
\x32\x68\x2e\x00\x03\x00\x38\xff\xf4\x02\x2b\x02\xc4\x00\x09\x00\
\x14\x00\x18\x00\x00\x00\x14\x06\x23\x22\x26\x34\x36\x33\x32\x12\
\x34\x26\x23\x22\x06\x15\x14\x16\x33\x32\x03\x27\x33\x17\x02\x2b\
\x8d\x6d\x6c\x8d\x8d\x6c\x6d\x45\x62\x50\x4f\x62\x62\x4f\x50\x64\
\x84\x5b\x64\x01\x54\xd4\x8c\x8c\xd4\x8c\xfe\xb9\xa2\x6c\x6c\x51\
\x50\x6c\x02\x06\x90\x90\x00\x00\x03\x00\x38\xff\xf4\x02\x2b\x02\
\xc4\x00\x09\x00\x14\x00\x18\x00\x00\x00\x14\x06\x23\x22\x26\x34\
\x36\x33\x32\x12\x34\x26\x23\x22\x06\x15\x14\x16\x33\x32\x13\x07\
\x23\x37\x02\x2b\x8d\x6d\x6c\x8d\x8d\x6c\x6d\x45\x62\x50\x4f\x62\
\x62\x4f\x50\x46\x84\x3b\x64\x01\x54\xd4\x8c\x8c\xd4\x8c\xfe\xb9\
\xa2\x6c\x6c\x51\x50\x6c\x02\x96\x90\x90\x00\x00\x03\x00\x38\xff\
\xf4\x02\x2b\x02\xc4\x00\x09\x00\x14\x00\x1b\x00\x00\x00\x14\x06\
\x23\x22\x26\x34\x36\x33\x32\x12\x34\x26\x23\x22\x06\x15\x14\x16\
\x33\x32\x03\x17\x23\x27\x07\x23\x37\x02\x2b\x8d\x6d\x6c\x8d\x8d\
\x6c\x6d\x45\x62\x50\x4f\x62\x62\x4f\x50\x28\x6d\x42\x53\x53\x42\
\x6d\x01\x54\xd4\x8c\x8c\xd4\x8c\xfe\xb9\xa2\x6c\x6c\x51\x50\x6c\
\x02\x96\x90\x6c\x6c\x90\x00\x00\x03\x00\x38\xff\xf4\x02\x2b\x02\
\xac\x00\x09\x00\x14\x00\x25\x00\x00\x00\x14\x06\x23\x22\x26\x34\
\x36\x33\x32\x12\x34\x26\x23\x22\x06\x15\x14\x16\x33\x32\x03\x23\
\x36\x33\x32\x17\x16\x33\x32\x37\x33\x06\x23\x22\x26\x23\x22\x02\
\x2b\x8d\x6d\x6c\x8d\x8d\x6c\x6d\x45\x62\x50\x4f\x62\x62\x4f\x50\
\xc7\x2b\x12\x4a\x1b\x2e\x32\x11\x25\x0c\x2b\x12\x4a\x1d\x58\x17\
\x25\x01\x54\xd4\x8c\x8c\xd4\x8c\xfe\xb9\xa2\x6c\x6c\x51\x50\x6c\
\x02\x12\x68\x17\x17\x32\x68\x2e\x00\x00\x00\x00\x04\x00\x38\xff\
\xf4\x02\x2b\x02\xba\x00\x09\x00\x14\x00\x1c\x00\x24\x00\x00\x00\
\x14\x06\x23\x22\x26\x34\x36\x33\x32\x12\x34\x26\x23\x22\x06\x15\
\x14\x16\x33\x32\x02\x34\x36\x32\x16\x14\x06\x22\x36\x34\x36\x32\
\x16\x14\x06\x22\x02\x2b\x8d\x6d\x6c\x8d\x8d\x6c\x6d\x45\x62\x50\
\x4f\x62\x62\x4f\x50\xe3\x1d\x2c\x1d\x1d\x2c\xa3\x1d\x2c\x1d\x1d\
\x2c\x01\x54\xd4\x8c\x8c\xd4\x8c\xfe\xb9\xa2\x6c\x6c\x51\x50\x6c\
\x02\x45\x28\x1f\x1f\x28\x1f\x1f\x28\x1f\x1f\x28\x1f\x00\x00\x00\
\x03\x00\x4e\x00\x57\x02\x4c\x02\x07\x00\x03\x00\x0b\x00\x13\x00\
\x00\x01\x15\x21\x35\x24\x14\x06\x22\x26\x34\x36\x32\x12\x14\x06\
\x22\x26\x34\x36\x32\x02\x4c\xfe\x02\x01\x35\x1f\x2e\x1f\x1f\x2e\
\x1f\x1f\x2e\x1f\x1f\x2e\x01\x4d\x3c\x3c\x9a\x2c\x20\x20\x2c\x20\
\xfe\x9c\x2c\x20\x20\x2c\x20\x00\x03\x00\x30\xff\xe4\x02\x31\x01\
\xf0\x00\x07\x00\x0f\x00\x23\x00\x00\x09\x01\x16\x33\x32\x36\x35\
\x34\x05\x01\x26\x23\x22\x06\x15\x14\x01\x07\x16\x15\x14\x06\x23\
\x22\x27\x07\x27\x37\x26\x35\x34\x36\x33\x32\x17\x37\x01\xc2\xfe\
\xfa\x31\x42\x52\x65\xfe\xb9\x01\x06\x28\x4c\x51\x63\x01\xb4\x42\
\x3c\x8e\x6d\x5c\x41\x43\x20\x42\x3a\x8c\x6c\x5b\x44\x42\x01\x5f\
\xfe\xf3\x27\x6d\x52\x4a\xc0\x01\x0d\x28\x6d\x52\x49\x01\x30\x44\
\x44\x5f\x6a\x8c\x34\x44\x1f\x44\x43\x60\x6a\x8c\x34\x44\x00\x00\
\x02\x00\x56\xff\xf4\x01\xef\x02\xc4\x00\x17\x00\x1b\x00\x00\x21\
\x23\x26\x35\x23\x0e\x01\x23\x22\x26\x35\x11\x33\x11\x14\x16\x33\
\x32\x36\x3d\x01\x33\x11\x14\x03\x27\x33\x17\x01\xef\x41\x04\x02\
\x13\x5b\x32\x57\x5b\x44\x39\x46\x3b\x53\x44\xd6\x84\x5b\x64\x32\
\x1e\x28\x34\x68\x59\x01\x1f\xfe\xfd\x4f\x55\x5f\x58\xf0\xfe\x93\
\x3c\x02\x09\x90\x90\x00\x00\x00\x02\x00\x56\xff\xf4\x01\xef\x02\
\xc4\x00\x17\x00\x1b\x00\x00\x21\x23\x26\x35\x23\x0e\x01\x23\x22\
\x26\x35\x11\x33\x11\x14\x16\x33\x32\x36\x3d\x01\x33\x11\x14\x03\
\x07\x23\x37\x01\xef\x41\x04\x02\x13\x5b\x32\x57\x5b\x44\x39\x46\
\x3b\x53\x44\x3b\x84\x3b\x64\x32\x1e\x28\x34\x68\x59\x01\x1f\xfe\
\xfd\x4f\x55\x5f\x58\xf0\xfe\x93\x3c\x02\x99\x90\x90\x00\x00\x00\
\x02\x00\x56\xff\xf4\x01\xef\x02\xc4\x00\x17\x00\x1e\x00\x00\x21\
\x23\x26\x35\x23\x0e\x01\x23\x22\x26\x35\x11\x33\x11\x14\x16\x33\
\x32\x36\x3d\x01\x33\x11\x14\x03\x17\x23\x27\x07\x23\x37\x01\xef\
\x41\x04\x02\x13\x5b\x32\x57\x5b\x44\x39\x46\x3b\x53\x44\xa2\x6d\
\x42\x53\x53\x42\x6d\x32\x1e\x28\x34\x68\x59\x01\x1f\xfe\xfd\x4f\
\x55\x5f\x58\xf0\xfe\x93\x3c\x02\x99\x90\x6c\x6c\x90\x00\x00\x00\
\x03\x00\x56\xff\xf4\x01\xef\x02\xba\x00\x17\x00\x1f\x00\x27\x00\
\x00\x21\x23\x26\x35\x23\x0e\x01\x23\x22\x26\x35\x11\x33\x11\x14\
\x16\x33\x32\x36\x3d\x01\x33\x11\x14\x00\x34\x36\x32\x16\x14\x06\
\x22\x36\x34\x36\x32\x16\x14\x06\x22\x01\xef\x41\x04\x02\x13\x5b\
\x32\x57\x5b\x44\x39\x46\x3b\x53\x44\xfe\xa3\x1d\x2c\x1d\x1d\x2c\
\xa3\x1d\x2c\x1d\x1d\x2c\x32\x1e\x28\x34\x68\x59\x01\x1f\xfe\xfd\
\x4f\x55\x5f\x58\xf0\xfe\x93\x3c\x02\x48\x28\x1f\x1f\x28\x1f\x1f\
\x28\x1f\x1f\x28\x1f\x00\x00\x00\x02\x00\x10\xff\x10\x01\xd8\x02\
\xc4\x00\x12\x00\x16\x00\x00\x1b\x01\x33\x13\x33\x03\x0e\x01\x23\
\x22\x27\x37\x16\x33\x32\x36\x3f\x01\x03\x25\x07\x23\x37\x5c\x9f\
\x02\x91\x4a\xe9\x17\x43\x39\x1f\x1e\x07\x18\x1a\x21\x29\x10\x26\
\xc8\x01\x7f\x84\x3b\x64\x01\xd4\xfe\x75\x01\x8b\xfd\xb3\x3b\x3c\
\x06\x3e\x08\x29\x2a\x62\x01\xd3\xf0\x90\x90\x00\x02\x00\x5c\xff\
\x10\x02\x41\x02\xf4\x00\x11\x00\x1b\x00\x00\x05\x22\x26\x27\x23\
\x11\x23\x11\x33\x11\x33\x3e\x01\x33\x32\x16\x14\x06\x36\x34\x26\
\x23\x22\x06\x14\x16\x33\x32\x01\x4e\x35\x5d\x1c\x02\x42\x42\x02\
\x1d\x5d\x34\x68\x8b\x8b\x43\x61\x50\x4f\x61\x61\x4f\x50\x0c\x2e\
\x2d\xfe\xc1\x03\xe4\xfe\x8f\x2d\x30\x8c\xd4\x8c\xa6\xa0\x6a\x6a\
\xa0\x6a\x00\x00\x03\x00\x10\xff\x10\x01\xd8\x02\xba\x00\x12\x00\
\x1a\x00\x22\x00\x00\x1b\x01\x33\x13\x33\x03\x0e\x01\x23\x22\x27\
\x37\x16\x33\x32\x36\x3f\x01\x03\x36\x34\x36\x32\x16\x14\x06\x22\
\x36\x34\x36\x32\x16\x14\x06\x22\x5c\x9f\x02\x91\x4a\xe9\x17\x43\
\x39\x1f\x1e\x07\x18\x1a\x21\x29\x10\x26\xc8\x59\x1d\x2c\x1d\x1d\
\x2c\xa3\x1d\x2c\x1d\x1d\x2c\x01\xd4\xfe\x75\x01\x8b\xfd\xb3\x3b\
\x3c\x06\x3e\x08\x29\x2a\x62\x01\xd3\x9f\x28\x1f\x1f\x28\x1f\x1f\
\x28\x1f\x1f\x28\x1f\x00\x00\x00\x03\x00\x0a\x00\x00\x02\xb2\x03\
\x56\x00\x07\x00\x0a\x00\x0e\x00\x00\x37\x07\x23\x01\x33\x01\x23\
\x27\x0b\x01\x21\x03\x15\x21\x35\xa6\x4d\x4f\x01\x32\x46\x01\x30\
\x50\x4e\xb7\x9c\x01\x38\x13\xfe\xf2\xba\xba\x02\xc4\xfd\x3c\xba\
\x01\xba\xfe\x88\x02\x5a\x36\x36\x00\x00\x00\x00\x03\x00\x37\xff\
\xf4\x01\xc9\x02\x8e\x00\x1d\x00\x2a\x00\x2e\x00\x00\x01\x35\x34\
\x23\x22\x07\x27\x36\x33\x32\x16\x1d\x01\x14\x17\x23\x26\x35\x23\
\x06\x23\x22\x26\x35\x34\x3e\x04\x17\x23\x22\x0e\x02\x15\x14\x16\
\x33\x32\x36\x35\x13\x15\x21\x35\x01\x81\x7d\x54\x37\x26\x43\x75\
\x50\x66\x08\x3d\x07\x02\x3d\x6d\x3f\x63\x18\x30\x38\x52\x47\x31\
\x14\x30\x4b\x4b\x2a\x40\x2e\x45\x51\x14\xfe\xf2\x01\x1f\x0f\x79\
\x37\x2d\x43\x58\x52\xcd\x3f\x2a\x28\x24\x58\x47\x47\x23\x35\x22\
\x15\x0b\x03\x35\x07\x14\x2a\x20\x2e\x2b\x5a\x41\x01\xc7\x36\x36\
\x00\x00\x00\x00\x03\x00\x0a\x00\x00\x02\xb2\x03\x8c\x00\x07\x00\
\x0a\x00\x16\x00\x00\x37\x07\x23\x01\x33\x01\x23\x27\x0b\x01\x21\
\x03\x33\x0e\x01\x22\x26\x27\x33\x1e\x01\x32\x36\xa6\x4d\x4f\x01\
\x32\x46\x01\x30\x50\x4e\xb7\x9c\x01\x38\x33\x2c\x04\x51\x7c\x51\
\x04\x2c\x06\x3a\x4e\x3a\xba\xba\x02\xc4\xfd\x3c\xba\x01\xba\xfe\
\x88\x02\x90\x3d\x47\x47\x3d\x26\x28\x28\x00\x00\x03\x00\x37\xff\
\xf4\x01\xc9\x02\xc4\x00\x1d\x00\x2a\x00\x36\x00\x00\x01\x35\x34\
\x23\x22\x07\x27\x36\x33\x32\x16\x1d\x01\x14\x17\x23\x26\x35\x23\
\x06\x23\x22\x26\x35\x34\x3e\x04\x17\x23\x22\x0e\x02\x15\x14\x16\
\x33\x32\x36\x35\x03\x33\x0e\x01\x22\x26\x27\x33\x1e\x01\x32\x36\
\x01\x81\x7d\x54\x37\x26\x43\x75\x50\x66\x08\x3d\x07\x02\x3d\x6d\
\x3f\x63\x18\x30\x38\x52\x47\x31\x14\x30\x4b\x4b\x2a\x40\x2e\x45\
\x51\x09\x2c\x04\x51\x7c\x51\x04\x2c\x06\x3a\x4e\x3a\x01\x1f\x0f\
\x79\x37\x2d\x43\x58\x52\xcd\x3f\x2a\x28\x24\x58\x47\x47\x23\x35\
\x22\x15\x0b\x03\x35\x07\x14\x2a\x20\x2e\x2b\x5a\x41\x01\xfd\x3d\
\x47\x47\x3d\x26\x28\x28\x00\x00\x02\x00\x0a\xff\x21\x02\xbd\x02\
\xc4\x00\x17\x00\x1a\x00\x00\x05\x17\x06\x23\x22\x26\x35\x34\x37\
\x27\x21\x07\x23\x01\x33\x01\x23\x0e\x01\x15\x14\x16\x33\x32\x01\
\x03\x21\x02\xaa\x13\x26\x34\x24\x36\x59\x4e\xfe\x92\x4d\x4f\x01\
\x32\x46\x01\x30\x20\x29\x24\x1d\x15\x1f\xfe\xc7\x9c\x01\x38\x93\
\x28\x24\x30\x25\x42\x48\xba\xba\x02\xc4\xfd\x3c\x29\x35\x1b\x15\
\x1b\x03\x1d\xfe\x88\x00\x00\x00\x02\x00\x37\xff\x21\x01\xe9\x01\
\xe0\x00\x2e\x00\x3b\x00\x00\x05\x17\x06\x23\x22\x26\x35\x34\x37\
\x23\x26\x35\x23\x06\x23\x22\x26\x35\x34\x3e\x04\x33\x35\x34\x23\
\x22\x07\x27\x36\x33\x32\x16\x1d\x01\x14\x17\x23\x0e\x01\x15\x14\
\x16\x33\x32\x03\x23\x22\x0e\x02\x15\x14\x16\x33\x32\x36\x35\x01\
\xd6\x13\x26\x34\x25\x35\x59\x02\x07\x02\x3d\x6d\x3f\x63\x18\x30\
\x38\x52\x47\x31\x7d\x54\x37\x26\x43\x75\x50\x66\x08\x0b\x29\x24\
\x1d\x15\x1f\x41\x14\x30\x4b\x4b\x2a\x40\x2e\x45\x51\x93\x28\x24\
\x30\x25\x42\x48\x28\x24\x58\x47\x47\x23\x35\x22\x15\x0b\x03\x0f\
\x79\x37\x2d\x43\x58\x52\xcd\x3f\x2a\x29\x35\x1b\x15\x1b\x01\x93\
\x07\x14\x2a\x20\x2e\x2b\x5a\x41\x00\x00\x00\x00\x02\x00\x38\xff\
\xee\x02\xb2\x03\x8c\x00\x16\x00\x1a\x00\x00\x25\x17\x0e\x01\x23\
\x22\x26\x10\x36\x33\x32\x16\x17\x07\x2e\x01\x23\x22\x06\x10\x16\
\x33\x32\x03\x07\x23\x37\x02\x7a\x38\x26\x89\x5a\xa0\xd1\xd2\x9f\
\x4e\x89\x25\x3c\x19\x67\x3f\x85\xa1\xa2\x84\x8a\x04\x84\x3b\x64\
\x96\x24\x3a\x4a\xd3\x01\x42\xd3\x3d\x33\x2c\x26\x37\xb4\xfe\xfe\
\xb4\x03\x5f\x90\x90\x00\x00\x00\x02\x00\x38\xff\xf4\x01\xe4\x02\
\xc4\x00\x15\x00\x19\x00\x00\x01\x07\x2e\x01\x23\x22\x06\x15\x14\
\x16\x33\x32\x37\x17\x06\x22\x26\x34\x36\x33\x32\x16\x03\x07\x23\
\x37\x01\xe0\x35\x11\x41\x26\x50\x63\x62\x50\x51\x2e\x33\x42\xe0\
\x8a\x8a\x70\x32\x5f\x0a\x84\x3b\x64\x01\x8f\x26\x1b\x23\x6b\x52\
\x51\x6b\x3d\x26\x51\x8b\xd6\x8b\x2a\x01\x0e\x90\x90\x00\x00\x00\
\x02\x00\x38\xff\xee\x02\xb2\x03\x8c\x00\x16\x00\x1d\x00\x00\x25\
\x17\x0e\x01\x23\x22\x26\x10\x36\x33\x32\x16\x17\x07\x2e\x01\x23\
\x22\x06\x10\x16\x33\x32\x03\x17\x23\x27\x07\x23\x37\x02\x7a\x38\
\x26\x89\x5a\xa0\xd1\xd2\x9f\x4e\x89\x25\x3c\x19\x67\x3f\x85\xa1\
\xa2\x84\x8a\x64\x6d\x42\x53\x53\x42\x6d\x96\x24\x3a\x4a\xd3\x01\
\x42\xd3\x3d\x33\x2c\x26\x37\xb4\xfe\xfe\xb4\x03\x5f\x90\x6c\x6c\
\x90\x00\x00\x00\x02\x00\x38\xff\xf4\x01\xe4\x02\xc4\x00\x15\x00\
\x1c\x00\x00\x01\x07\x2e\x01\x23\x22\x06\x15\x14\x16\x33\x32\x37\
\x17\x06\x22\x26\x34\x36\x33\x32\x16\x03\x17\x23\x27\x07\x23\x37\
\x01\xe0\x35\x11\x41\x26\x50\x63\x62\x50\x51\x2e\x33\x42\xe0\x8a\
\x8a\x70\x32\x5f\x6c\x6d\x42\x53\x53\x42\x6d\x01\x8f\x26\x1b\x23\
\x6b\x52\x51\x6b\x3d\x26\x51\x8b\xd6\x8b\x2a\x01\x0e\x90\x6c\x6c\
\x90\x00\x00\x00\x02\x00\x38\xff\xee\x02\xb2\x03\x80\x00\x16\x00\
\x1e\x00\x00\x25\x17\x0e\x01\x23\x22\x26\x10\x36\x33\x32\x16\x17\
\x07\x2e\x01\x23\x22\x06\x10\x16\x33\x32\x02\x14\x06\x22\x26\x34\
\x36\x32\x02\x7a\x38\x26\x89\x5a\xa0\xd1\xd2\x9f\x4e\x89\x25\x3c\
\x19\x67\x3f\x85\xa1\xa2\x84\x8a\x65\x1d\x26\x1d\x1d\x26\x96\x24\
\x3a\x4a\xd3\x01\x42\xd3\x3d\x33\x2c\x26\x37\xb4\xfe\xfe\xb4\x03\
\x37\x28\x1c\x1c\x28\x1c\x00\x00\x02\x00\x38\xff\xf4\x01\xe4\x02\
\xb8\x00\x15\x00\x1d\x00\x00\x01\x07\x2e\x01\x23\x22\x06\x15\x14\
\x16\x33\x32\x37\x17\x06\x22\x26\x34\x36\x33\x32\x16\x26\x14\x06\
\x22\x26\x34\x36\x32\x01\xe0\x35\x11\x41\x26\x50\x63\x62\x50\x51\
\x2e\x33\x42\xe0\x8a\x8a\x70\x32\x5f\x6c\x1d\x26\x1d\x1d\x26\x01\
\x8f\x26\x1b\x23\x6b\x52\x51\x6b\x3d\x26\x51\x8b\xd6\x8b\x2a\xe6\
\x28\x1c\x1c\x28\x1c\x00\x00\x00\x02\x00\x38\xff\xee\x02\xb2\x03\
\x8c\x00\x16\x00\x1d\x00\x00\x25\x17\x0e\x01\x23\x22\x26\x10\x36\
\x33\x32\x16\x17\x07\x2e\x01\x23\x22\x06\x10\x16\x33\x32\x13\x07\
\x23\x27\x33\x17\x37\x02\x7a\x38\x26\x89\x5a\xa0\xd1\xd2\x9f\x4e\
\x89\x25\x3c\x19\x67\x3f\x85\xa1\xa2\x84\x8a\x08\x6d\x50\x6d\x42\
\x53\x53\x96\x24\x3a\x4a\xd3\x01\x42\xd3\x3d\x33\x2c\x26\x37\xb4\
\xfe\xfe\xb4\x03\x5f\x90\x90\x6c\x6c\x00\x00\x00\x02\x00\x38\xff\
\xf4\x01\xe4\x02\xc4\x00\x15\x00\x1c\x00\x00\x01\x07\x2e\x01\x23\
\x22\x06\x15\x14\x16\x33\x32\x37\x17\x06\x22\x26\x34\x36\x33\x32\
\x16\x13\x07\x23\x27\x33\x17\x37\x01\xe0\x35\x11\x41\x26\x50\x63\
\x62\x50\x51\x2e\x33\x42\xe0\x8a\x8a\x70\x32\x5f\x02\x6d\x50\x6d\
\x42\x53\x53\x01\x8f\x26\x1b\x23\x6b\x52\x51\x6b\x3d\x26\x51\x8b\
\xd6\x8b\x2a\x01\x0e\x90\x90\x6c\x6c\x00\x00\x00\x03\x00\x5e\x00\
\x00\x02\xbd\x03\x8c\x00\x0b\x00\x17\x00\x1e\x00\x00\x33\x11\x33\
\x32\x1e\x02\x14\x0e\x02\x23\x03\x11\x33\x32\x3e\x02\x34\x2e\x02\
\x23\x13\x07\x23\x27\x33\x17\x37\x5e\xeb\x44\x82\x6c\x42\x42\x6c\
\x82\x44\xa3\x8f\x4d\x7b\x4c\x28\x28\x4c\x7b\x4d\xbb\x6d\x50\x6d\
\x42\x53\x53\x02\xc4\x2d\x55\x8b\xaa\x8b\x55\x2d\x02\x84\xfd\xbc\
\x31\x53\x66\x70\x66\x53\x31\x01\x08\x90\x90\x6c\x6c\x00\x00\x00\
\x03\x00\x38\xff\xf4\x02\xde\x02\xf4\x00\x11\x00\x1b\x00\x1f\x00\
\x00\x25\x0e\x01\x23\x22\x26\x34\x36\x33\x32\x16\x17\x33\x11\x33\
\x11\x23\x35\x24\x14\x16\x33\x32\x36\x34\x26\x23\x22\x01\x07\x23\
\x37\x01\xdb\x1d\x60\x34\x6c\x86\x86\x6c\x34\x60\x1d\x02\x44\x44\
\xfe\xa3\x5f\x52\x4e\x66\x66\x4e\x52\x01\xff\x4c\x39\x3e\x4f\x2b\
\x30\x8d\xd2\x8d\x31\x2c\x01\x71\xfd\x0c\x4f\xec\xa2\x6b\x6b\xa2\
\x6c\x01\x1d\xb9\xb9\x00\x00\x00\x02\x00\x0d\x00\x00\x02\xb5\x02\
\xc4\x00\x0f\x00\x1f\x00\x00\x33\x11\x23\x35\x33\x11\x33\x32\x1e\
\x02\x14\x0e\x02\x23\x03\x11\x33\x32\x3e\x02\x34\x2e\x02\x2b\x01\
\x15\x21\x15\x56\x49\x49\xeb\x44\x82\x6c\x42\x42\x6c\x82\x44\xa3\
\x8c\x4e\x7c\x4c\x27\x27\x4c\x7c\x4e\x8c\x01\x02\x01\x5b\x36\x01\
\x33\x2d\x55\x8b\xaa\x8b\x55\x2d\x01\x5b\xfe\xe7\x30\x52\x66\x70\
\x66\x52\x30\xf1\x36\x00\x00\x00\x02\x00\x38\xff\xf4\x02\x59\x02\
\xf4\x00\x19\x00\x23\x00\x00\x01\x33\x35\x33\x15\x33\x15\x23\x11\
\x23\x35\x23\x0e\x01\x23\x22\x26\x34\x36\x33\x32\x16\x17\x33\x35\
\x23\x06\x14\x16\x33\x32\x36\x34\x26\x23\x22\x01\x41\x9c\x44\x38\
\x38\x44\x02\x1d\x60\x34\x6c\x86\x86\x6c\x34\x60\x1d\x02\x9c\xc1\
\x5f\x52\x4e\x66\x66\x4e\x52\x02\x6c\x88\x88\x32\xfd\xc6\x4f\x2b\
\x30\x8d\xd2\x8d\x31\x2c\xb7\xff\xa2\x6b\x6b\xa2\x6c\x00\x00\x00\
\x02\x00\x5e\x00\x00\x02\x21\x03\x56\x00\x0b\x00\x0f\x00\x00\x13\
\x11\x21\x15\x21\x11\x21\x15\x21\x15\x21\x15\x03\x15\x21\x35\xa6\
\x01\x7b\xfe\x3d\x01\xb7\xfe\x91\x01\x57\x39\xfe\xf2\x01\x51\xfe\
\xef\x40\x02\xc4\x40\xf4\x3f\x02\x05\x36\x36\x00\x03\x00\x38\xff\
\xf4\x02\x04\x02\x8e\x00\x06\x00\x1b\x00\x1f\x00\x00\x13\x21\x2e\
\x01\x23\x22\x06\x05\x14\x07\x21\x1e\x01\x33\x32\x36\x37\x17\x06\
\x23\x22\x26\x35\x34\x36\x33\x32\x16\x03\x15\x21\x35\x80\x01\x3f\
\x03\x51\x47\x42\x5d\x01\x7f\x01\xfe\x7c\x02\x62\x47\x31\x50\x15\
\x33\x4e\x7b\x68\x8a\x88\x64\x6a\x76\x55\xfe\xf2\x01\x0e\x44\x55\
\x5b\x54\x14\x0c\x47\x63\x2f\x22\x28\x63\x8c\x6a\x69\x8d\x83\x01\
\x31\x36\x36\x00\x02\x00\x5e\x00\x00\x02\x21\x03\x8c\x00\x0b\x00\
\x17\x00\x00\x13\x11\x21\x15\x21\x11\x21\x15\x21\x15\x21\x15\x03\
\x33\x0e\x01\x22\x26\x27\x33\x1e\x01\x32\x36\xa6\x01\x7b\xfe\x3d\
\x01\xb7\xfe\x91\x01\x57\x5a\x2c\x04\x51\x7c\x51\x04\x2c\x06\x3a\
\x4e\x3a\x01\x51\xfe\xef\x40\x02\xc4\x40\xf4\x3f\x02\x3b\x3d\x47\
\x47\x3d\x26\x28\x28\x00\x00\x00\x03\x00\x38\xff\xf4\x02\x04\x02\
\xc4\x00\x06\x00\x1b\x00\x27\x00\x00\x13\x21\x2e\x01\x23\x22\x06\
\x05\x14\x07\x21\x1e\x01\x33\x32\x36\x37\x17\x06\x23\x22\x26\x35\
\x34\x36\x33\x32\x16\x03\x33\x0e\x01\x22\x26\x27\x33\x1e\x01\x32\
\x36\x80\x01\x3f\x03\x51\x47\x42\x5d\x01\x7f\x01\xfe\x7c\x02\x62\
\x47\x31\x50\x15\x33\x4e\x7b\x68\x8a\x88\x64\x6a\x76\x77\x2c\x04\
\x51\x7c\x51\x04\x2c\x06\x3a\x4e\x3a\x01\x0e\x44\x55\x5b\x54\x14\
\x0c\x47\x63\x2f\x22\x28\x63\x8c\x6a\x69\x8d\x83\x01\x67\x3d\x47\
\x47\x3d\x26\x28\x28\x00\x00\x00\x02\x00\x5e\x00\x00\x02\x21\x03\
\x80\x00\x0b\x00\x13\x00\x00\x13\x11\x21\x15\x21\x11\x21\x15\x21\
\x15\x21\x15\x02\x14\x06\x22\x26\x34\x36\x32\xa6\x01\x7b\xfe\x3d\
\x01\xb7\xfe\x91\x01\x57\x8c\x1d\x26\x1d\x1d\x26\x01\x51\xfe\xef\
\x40\x02\xc4\x40\xf4\x3f\x02\x13\x28\x1c\x1c\x28\x1c\x00\x00\x00\
\x03\x00\x38\xff\xf4\x02\x04\x02\xb8\x00\x06\x00\x1b\x00\x23\x00\
\x00\x13\x21\x2e\x01\x23\x22\x06\x05\x14\x07\x21\x1e\x01\x33\x32\
\x36\x37\x17\x06\x23\x22\x26\x35\x34\x36\x33\x32\x16\x02\x14\x06\
\x22\x26\x34\x36\x32\x80\x01\x3f\x03\x51\x47\x42\x5d\x01\x7f\x01\
\xfe\x7c\x02\x62\x47\x31\x50\x15\x33\x4e\x7b\x68\x8a\x88\x64\x6a\
\x76\xae\x1d\x26\x1d\x1d\x26\x01\x0e\x44\x55\x5b\x54\x14\x0c\x47\
\x63\x2f\x22\x28\x63\x8c\x6a\x69\x8d\x83\x01\x3f\x28\x1c\x1c\x28\
\x1c\x00\x00\x00\x01\x00\x5e\xff\x21\x02\x3c\x02\xc4\x00\x1c\x00\
\x00\x05\x17\x06\x23\x22\x26\x35\x34\x37\x21\x11\x21\x15\x21\x15\
\x21\x15\x21\x11\x21\x15\x23\x0e\x01\x15\x14\x16\x33\x32\x02\x29\
\x13\x26\x34\x24\x36\x59\xfe\x7d\x01\xb7\xfe\x91\x01\x57\xfe\xa9\
\x01\x7b\x10\x29\x24\x1d\x15\x1f\x93\x28\x24\x30\x25\x42\x48\x02\
\xc4\x40\xf4\x3f\xfe\xef\x40\x29\x35\x1b\x15\x1b\x00\x00\x00\x00\
\x02\x00\x38\xff\x21\x02\x04\x01\xe0\x00\x23\x00\x2a\x00\x00\x05\
\x17\x06\x23\x22\x26\x35\x34\x37\x2e\x01\x34\x36\x33\x32\x16\x15\
\x14\x07\x21\x1e\x01\x33\x32\x36\x37\x17\x06\x07\x0e\x01\x15\x14\
\x16\x33\x32\x03\x21\x2e\x01\x23\x22\x06\x01\x7c\x13\x26\x34\x25\
\x35\x4a\x66\x87\x88\x64\x6a\x76\x01\xfe\x7c\x02\x62\x47\x31\x50\
\x15\x33\x3d\x5a\x24\x21\x1d\x15\x1f\xe8\x01\x3f\x03\x51\x47\x42\
\x5d\x93\x28\x24\x30\x25\x3e\x40\x02\x8b\xd2\x8d\x83\x65\x14\x0c\
\x47\x63\x2f\x22\x28\x4e\x10\x25\x33\x1a\x15\x1b\x01\xb7\x44\x55\
\x5b\x00\x00\x00\x02\x00\x5e\x00\x00\x02\x21\x03\x8c\x00\x0b\x00\
\x12\x00\x00\x13\x11\x21\x15\x21\x11\x21\x15\x21\x15\x21\x15\x03\
\x07\x23\x27\x33\x17\x37\xa6\x01\x7b\xfe\x3d\x01\xb7\xfe\x91\x01\
\x57\x2b\x6d\x50\x6d\x42\x53\x53\x01\x51\xfe\xef\x40\x02\xc4\x40\
\xf4\x3f\x02\x3b\x90\x90\x6c\x6c\x00\x00\x00\x00\x03\x00\x38\xff\
\xf4\x02\x04\x02\xc4\x00\x06\x00\x1b\x00\x22\x00\x00\x13\x21\x2e\
\x01\x23\x22\x06\x05\x14\x07\x21\x1e\x01\x33\x32\x36\x37\x17\x06\
\x23\x22\x26\x35\x34\x36\x33\x32\x16\x03\x07\x23\x27\x33\x17\x37\
\x80\x01\x3f\x03\x51\x47\x42\x5d\x01\x7f\x01\xfe\x7c\x02\x62\x47\
\x31\x50\x15\x33\x4e\x7b\x68\x8a\x88\x64\x6a\x76\x49\x6d\x50\x6d\
\x42\x53\x53\x01\x0e\x44\x55\x5b\x54\x14\x0c\x47\x63\x2f\x22\x28\
\x63\x8c\x6a\x69\x8d\x83\x01\x67\x90\x90\x6c\x6c\x00\x00\x00\x00\
\x02\x00\x38\xff\xee\x02\xb1\x03\x8c\x00\x17\x00\x1e\x00\x00\x01\
\x07\x26\x23\x22\x06\x15\x14\x16\x33\x32\x37\x35\x23\x35\x33\x11\
\x06\x23\x22\x26\x10\x36\x20\x27\x17\x23\x27\x07\x23\x37\x02\xa9\
\x32\x4d\x80\x84\xa2\xa2\x84\x79\x46\xa5\xed\x73\x95\xa0\xd1\xd2\
\x01\x3e\x72\x6d\x42\x53\x53\x42\x6d\x02\x77\x32\x52\xb4\x81\x80\
\xb4\x2e\xd7\x3f\xfe\xc1\x45\xd3\x01\x42\xd3\xb6\x90\x6c\x6c\x90\
\x00\x00\x00\x00\x03\x00\x38\xff\x10\x02\x21\x02\xc4\x00\x20\x00\
\x2b\x00\x32\x00\x00\x17\x37\x1e\x01\x33\x32\x36\x3d\x01\x23\x0e\
\x01\x23\x22\x26\x35\x34\x36\x33\x32\x16\x17\x33\x35\x33\x11\x14\
\x0e\x02\x23\x22\x26\x12\x14\x16\x33\x32\x36\x35\x34\x26\x23\x22\
\x13\x17\x23\x27\x07\x23\x37\x42\x31\x1d\x62\x34\x5f\x58\x02\x1a\
\x63\x34\x6c\x86\x87\x6b\x35\x61\x1b\x02\x44\x17\x34\x69\x4a\x40\
\x77\x14\x5f\x52\x4f\x65\x67\x4d\x52\x7d\x6d\x42\x53\x53\x42\x6d\
\x92\x34\x25\x31\x66\x52\x58\x2a\x32\x86\x68\x66\x8c\x31\x2c\x51\
\xfe\x30\x2b\x4e\x4d\x2e\x32\x01\xfb\x9a\x69\x65\x51\x4b\x6c\x01\
\x1d\x90\x6c\x6c\x90\x00\x00\x00\x02\x00\x38\xff\xee\x02\xb1\x03\
\x8c\x00\x17\x00\x23\x00\x00\x01\x07\x26\x23\x22\x06\x15\x14\x16\
\x33\x32\x37\x35\x23\x35\x33\x11\x06\x23\x22\x26\x10\x36\x20\x27\
\x33\x0e\x01\x22\x26\x27\x33\x1e\x01\x32\x36\x02\xa9\x32\x4d\x80\
\x84\xa2\xa2\x84\x79\x46\xa5\xed\x73\x95\xa0\xd1\xd2\x01\x3e\x37\
\x2c\x04\x51\x7c\x51\x04\x2c\x06\x3a\x4e\x3a\x02\x77\x32\x52\xb4\
\x81\x80\xb4\x2e\xd7\x3f\xfe\xc1\x45\xd3\x01\x42\xd3\xb6\x3d\x47\
\x47\x3d\x26\x28\x28\x00\x00\x00\x03\x00\x38\xff\x10\x02\x21\x02\
\xc4\x00\x20\x00\x2b\x00\x37\x00\x00\x17\x37\x1e\x01\x33\x32\x36\
\x3d\x01\x23\x0e\x01\x23\x22\x26\x35\x34\x36\x33\x32\x16\x17\x33\
\x35\x33\x11\x14\x0e\x02\x23\x22\x26\x12\x14\x16\x33\x32\x36\x35\
\x34\x26\x23\x22\x13\x33\x0e\x01\x22\x26\x27\x33\x1e\x01\x32\x36\
\x42\x31\x1d\x62\x34\x5f\x58\x02\x1a\x63\x34\x6c\x86\x87\x6b\x35\
\x61\x1b\x02\x44\x17\x34\x69\x4a\x40\x77\x14\x5f\x52\x4f\x65\x67\
\x4d\x52\xbe\x2c\x04\x51\x7c\x51\x04\x2c\x06\x3a\x4e\x3a\x92\x34\
\x25\x31\x66\x52\x58\x2a\x32\x86\x68\x66\x8c\x31\x2c\x51\xfe\x30\
\x2b\x4e\x4d\x2e\x32\x01\xfb\x9a\x69\x65\x51\x4b\x6c\x01\x1d\x3d\
\x47\x47\x3d\x26\x28\x28\x00\x00\x02\x00\x38\xff\xee\x02\xb1\x03\
\x80\x00\x17\x00\x1f\x00\x00\x01\x07\x26\x23\x22\x06\x15\x14\x16\
\x33\x32\x37\x35\x23\x35\x33\x11\x06\x23\x22\x26\x10\x36\x20\x26\
\x14\x06\x22\x26\x34\x36\x32\x02\xa9\x32\x4d\x80\x84\xa2\xa2\x84\
\x79\x46\xa5\xed\x73\x95\xa0\xd1\xd2\x01\x3e\x6f\x1d\x26\x1d\x1d\
\x26\x02\x77\x32\x52\xb4\x81\x80\xb4\x2e\xd7\x3f\xfe\xc1\x45\xd3\
\x01\x42\xd3\x8e\x28\x1c\x1c\x28\x1c\x00\x00\x00\x03\x00\x38\xff\
\x10\x02\x21\x02\xb8\x00\x20\x00\x2b\x00\x33\x00\x00\x17\x37\x1e\
\x01\x33\x32\x36\x3d\x01\x23\x0e\x01\x23\x22\x26\x35\x34\x36\x33\
\x32\x16\x17\x33\x35\x33\x11\x14\x0e\x02\x23\x22\x26\x12\x14\x16\
\x33\x32\x36\x35\x34\x26\x23\x22\x36\x14\x06\x22\x26\x34\x36\x32\
\x42\x31\x1d\x62\x34\x5f\x58\x02\x1a\x63\x34\x6c\x86\x87\x6b\x35\
\x61\x1b\x02\x44\x17\x34\x69\x4a\x40\x77\x14\x5f\x52\x4f\x65\x67\
\x4d\x52\x84\x1d\x26\x1d\x1d\x26\x92\x34\x25\x31\x66\x52\x58\x2a\
\x32\x86\x68\x66\x8c\x31\x2c\x51\xfe\x30\x2b\x4e\x4d\x2e\x32\x01\
\xfb\x9a\x69\x65\x51\x4b\x6c\xf5\x28\x1c\x1c\x28\x1c\x00\x00\x00\
\x02\x00\x38\xff\x1a\x02\xb1\x02\xd6\x00\x17\x00\x1b\x00\x00\x01\
\x07\x26\x23\x22\x06\x15\x14\x16\x33\x32\x37\x35\x23\x35\x33\x11\
\x06\x23\x22\x26\x10\x36\x20\x03\x07\x23\x37\x02\xa9\x32\x4d\x80\
\x84\xa2\xa2\x84\x79\x46\xa5\xed\x73\x95\xa0\xd1\xd2\x01\x3e\x6c\
\x4c\x39\x3e\x02\x77\x32\x52\xb4\x81\x80\xb4\x2e\xd7\x3f\xfe\xc1\
\x45\xd3\x01\x42\xd3\xfc\xfd\xb9\xb9\x00\x00\x00\x03\x00\x38\xff\
\x10\x02\x21\x02\xed\x00\x20\x00\x2b\x00\x2f\x00\x00\x17\x37\x1e\
\x01\x33\x32\x36\x3d\x01\x23\x0e\x01\x23\x22\x26\x35\x34\x36\x33\
\x32\x16\x17\x33\x35\x33\x11\x14\x0e\x02\x23\x22\x26\x12\x14\x16\
\x33\x32\x36\x35\x34\x26\x23\x22\x3f\x01\x33\x07\x42\x31\x1d\x62\
\x34\x5f\x58\x02\x1a\x63\x34\x6c\x86\x87\x6b\x35\x61\x1b\x02\x44\
\x17\x34\x69\x4a\x40\x77\x14\x5f\x52\x4f\x65\x67\x4d\x52\x3a\x4c\
\x39\x3e\x92\x34\x25\x31\x66\x52\x58\x2a\x32\x86\x68\x66\x8c\x31\
\x2c\x51\xfe\x30\x2b\x4e\x4d\x2e\x32\x01\xfb\x9a\x69\x65\x51\x4b\
\x6c\x8d\xb9\xb9\x00\x00\x00\x00\x02\x00\x5e\x00\x00\x02\x70\x03\
\x8c\x00\x0b\x00\x12\x00\x00\x33\x11\x33\x11\x21\x11\x33\x11\x23\
\x11\x21\x11\x13\x17\x23\x27\x07\x23\x37\x5e\x48\x01\x82\x48\x48\
\xfe\x7e\xe8\x6d\x42\x53\x53\x42\x6d\x02\xc4\xfe\xcd\x01\x33\xfd\
\x3c\x01\x4f\xfe\xb1\x03\x8c\x90\x6c\x6c\x90\x00\x02\x00\x5c\x00\
\x00\x01\xf1\x03\xac\x00\x14\x00\x1b\x00\x00\x13\x33\x3e\x01\x33\
\x32\x16\x15\x11\x23\x11\x34\x26\x23\x22\x06\x1d\x01\x23\x11\x33\
\x37\x17\x23\x27\x07\x23\x37\xa0\x02\x12\x59\x32\x57\x5b\x44\x39\
\x46\x3b\x53\x44\x44\xa8\x6d\x42\x53\x53\x42\x6d\x01\x87\x28\x31\
\x68\x59\xfe\xe1\x01\x03\x4f\x55\x5f\x58\xf0\x02\xf4\xb8\x90\x6c\
\x6c\x90\x00\x00\x02\x00\x5e\x00\x00\x02\x70\x02\xc4\x00\x0b\x00\
\x0f\x00\x00\x33\x11\x33\x15\x21\x35\x33\x11\x23\x11\x21\x19\x01\
\x21\x35\x21\x5e\x48\x01\x82\x48\x48\xfe\x7e\x01\x82\xfe\x7e\x02\
\xc4\x9e\x9e\xfd\x3c\x01\x4f\xfe\xb1\x01\x91\x63\x00\x00\x00\x00\
\x01\x00\x26\x00\x00\x01\xf1\x02\xf4\x00\x1c\x00\x00\x13\x33\x35\
\x33\x15\x33\x15\x23\x15\x33\x3e\x01\x33\x32\x16\x15\x11\x23\x11\
\x34\x26\x23\x22\x06\x1d\x01\x23\x11\x23\x26\x36\x44\x9e\x9e\x02\
\x12\x59\x32\x57\x5b\x44\x39\x46\x3b\x53\x44\x36\x02\x6c\x88\x88\
\x32\xb3\x28\x31\x68\x59\xfe\xe1\x01\x03\x4f\x55\x5f\x58\xf0\x02\
\x3a\x00\x00\x00\x02\xff\xe1\x00\x00\x01\x25\x03\x74\x00\x03\x00\
\x14\x00\x00\x13\x11\x23\x11\x27\x23\x36\x33\x32\x17\x16\x33\x32\
\x37\x33\x06\x23\x22\x26\x23\x22\xa6\x48\x52\x2b\x12\x4a\x1b\x2e\
\x32\x11\x25\x0c\x2b\x12\x4a\x1d\x58\x17\x25\x02\xc4\xfd\x3c\x02\
\xc4\x44\x68\x17\x17\x32\x68\x2e\x00\x00\x00\x00\x02\xff\xdd\x00\
\x00\x01\x21\x02\xac\x00\x03\x00\x14\x00\x00\x13\x11\x23\x11\x27\
\x23\x36\x33\x32\x17\x16\x33\x32\x37\x33\x06\x23\x22\x26\x23\x22\
\x9f\x44\x53\x2b\x12\x4a\x1b\x2e\x32\x11\x25\x0c\x2b\x12\x4a\x1d\
\x58\x17\x25\x01\xd4\xfe\x2c\x01\xd4\x6c\x68\x17\x17\x32\x68\x2e\
\x00\x00\x00\x00\x02\xff\xfc\x00\x00\x01\x0a\x03\x56\x00\x03\x00\
\x07\x00\x00\x13\x11\x23\x11\x37\x15\x21\x35\xa6\x48\xac\xfe\xf2\
\x02\xc4\xfd\x3c\x02\xc4\x92\x36\x36\x00\x00\x00\x02\xff\xf7\x00\
\x00\x01\x05\x02\x8e\x00\x03\x00\x07\x00\x00\x13\x11\x23\x11\x37\
\x15\x21\x35\x9f\x44\xaa\xfe\xf2\x01\xd4\xfe\x2c\x01\xd4\xba\x36\
\x36\x00\x00\x00\x02\xff\xef\x00\x00\x01\x15\x03\x8c\x00\x03\x00\
\x0f\x00\x00\x13\x11\x23\x11\x37\x33\x0e\x01\x22\x26\x27\x33\x1e\
\x01\x32\x36\xa6\x48\x8b\x2c\x04\x51\x7c\x51\x04\x2c\x06\x3a\x4e\
\x3a\x02\xc4\xfd\x3c\x02\xc4\xc8\x3d\x47\x47\x3d\x26\x28\x28\x00\
\x02\xff\xea\x00\x00\x01\x10\x02\xc4\x00\x03\x00\x0f\x00\x00\x13\
\x11\x23\x11\x37\x33\x0e\x01\x22\x26\x27\x33\x1e\x01\x32\x36\x9f\
\x44\x89\x2c\x04\x51\x7c\x51\x04\x2c\x06\x3a\x4e\x3a\x01\xd4\xfe\
\x2c\x01\xd4\xf0\x3d\x47\x47\x3d\x26\x28\x28\x00\x01\x00\x17\xff\
\x21\x00\xcb\x02\xc4\x00\x14\x00\x00\x1f\x01\x06\x23\x22\x26\x35\
\x34\x37\x23\x11\x33\x11\x23\x0e\x01\x15\x14\x16\x33\x32\xb8\x13\
\x26\x34\x25\x35\x59\x12\x48\x06\x29\x24\x1d\x15\x1f\x93\x28\x24\
\x30\x25\x42\x48\x02\xc4\xfd\x3c\x29\x35\x1b\x15\x1b\x00\x00\x00\
\x02\x00\x12\xff\x21\x00\xc6\x02\xb8\x00\x14\x00\x1c\x00\x00\x1f\
\x01\x06\x23\x22\x26\x35\x34\x37\x23\x11\x33\x11\x23\x0e\x01\x15\
\x14\x16\x33\x32\x12\x14\x06\x22\x26\x34\x36\x32\xb3\x13\x26\x34\
\x24\x36\x59\x10\x44\x04\x29\x24\x1d\x15\x1f\x0e\x1d\x26\x1d\x1d\
\x26\x93\x28\x24\x30\x25\x42\x48\x01\xd4\xfe\x2c\x29\x35\x1b\x15\
\x1b\x03\x45\x28\x1c\x1c\x28\x1c\x00\x00\x00\x00\x02\x00\x53\x00\
\x00\x00\xb3\x03\x80\x00\x03\x00\x0b\x00\x00\x13\x11\x23\x11\x36\
\x14\x06\x22\x26\x34\x36\x32\xa6\x48\x55\x1d\x26\x1d\x1d\x26\x02\
\xc4\xfd\x3c\x02\xc4\xa0\x28\x1c\x1c\x28\x1c\x00\x01\x00\x5b\x00\
\x00\x00\x9f\x01\xd4\x00\x03\x00\x00\x13\x11\x23\x11\x9f\x44\x01\
\xd4\xfe\x2c\x01\xd4\x00\x00\x00\x02\x00\x5e\xff\xee\x02\x86\x02\
\xc4\x00\x03\x00\x15\x00\x00\x13\x11\x23\x11\x13\x37\x1e\x01\x33\
\x32\x35\x11\x33\x11\x14\x0e\x03\x23\x22\x26\xa6\x48\xad\x43\x09\
\x3d\x2d\x7d\x48\x09\x1a\x29\x44\x2d\x4b\x66\x02\xc4\xfd\x3c\x02\
\xc4\xfd\xba\x12\x2b\x38\xa4\x01\xf3\xfe\x08\x1e\x39\x3d\x2d\x1d\
\x50\x00\x00\x00\x04\x00\x4d\xff\x10\x01\xa5\x02\xb8\x00\x03\x00\
\x0b\x00\x18\x00\x20\x00\x00\x13\x11\x23\x11\x36\x14\x06\x22\x26\
\x34\x36\x32\x13\x37\x16\x33\x32\x36\x35\x11\x33\x11\x14\x23\x22\
\x12\x14\x06\x22\x26\x34\x36\x32\x9f\x44\x52\x1d\x26\x1d\x1d\x26\
\x4c\x0a\x14\x17\x28\x1a\x44\x85\x1e\xb1\x1d\x26\x1d\x1d\x26\x01\
\xd4\xfe\x2c\x01\xd4\xc8\x28\x1c\x1c\x28\x1c\xfc\x5f\x39\x06\x32\
\x32\x02\x26\xfd\xcf\x93\x03\x8c\x28\x1c\x1c\x28\x1c\x00\x00\x00\
\x02\x00\x19\xff\xee\x02\x04\x03\x8c\x00\x11\x00\x18\x00\x00\x3f\
\x01\x1e\x01\x33\x32\x35\x11\x33\x11\x14\x0e\x03\x23\x22\x26\x01\
\x17\x23\x27\x07\x23\x37\x19\x43\x09\x3d\x2d\x7d\x48\x09\x1a\x29\
\x44\x2d\x4b\x66\x01\x71\x6d\x42\x53\x53\x42\x6d\x7e\x12\x2b\x38\
\xa4\x01\xf3\xfe\x08\x1e\x39\x3d\x2d\x1d\x50\x03\x4e\x90\x6c\x6c\
\x90\x00\x00\x00\x02\xff\xe5\xff\x10\x01\x13\x02\xc4\x00\x0c\x00\
\x13\x00\x00\x07\x37\x16\x33\x32\x36\x35\x11\x33\x11\x14\x23\x22\
\x13\x17\x23\x27\x07\x23\x37\x1b\x0a\x14\x17\x28\x1a\x44\x85\x1e\
\xa9\x6d\x42\x53\x53\x42\x6d\xe9\x39\x06\x32\x32\x02\x26\xfd\xcf\
\x93\x03\xb4\x90\x6c\x6c\x90\x00\x02\x00\x5e\xff\x1a\x02\x73\x02\
\xc4\x00\x0c\x00\x10\x00\x00\x13\x11\x33\x01\x33\x09\x01\x23\x01\
\x23\x11\x23\x11\x01\x07\x23\x37\xa6\x01\x01\x51\x67\xfe\x9b\x01\
\x79\x6a\xfe\x9e\x01\x48\x01\x26\x4c\x39\x3e\x02\xc4\xfe\xc2\x01\
\x3e\xfe\xbf\xfe\x7d\x01\x79\xfe\x87\x02\xc4\xfd\x0f\xb9\xb9\x00\
\x02\x00\x5c\xff\x1a\x01\xf5\x02\xf4\x00\x0c\x00\x10\x00\x00\x13\
\x11\x33\x37\x33\x07\x05\x23\x27\x23\x15\x23\x11\x13\x07\x23\x37\
\xa0\x03\xd8\x62\xec\x01\x04\x64\xee\x03\x44\xed\x4c\x39\x3e\x02\
\xf4\xfe\x0d\xd3\xd6\xfe\xf6\xf6\x02\xf4\xfc\xdf\xb9\xb9\x00\x00\
\x01\x00\x5c\x00\x00\x01\xf5\x01\xd4\x00\x0c\x00\x00\x13\x15\x33\
\x37\x33\x07\x05\x23\x27\x23\x15\x23\x11\xa0\x03\xd8\x62\xec\x01\
\x04\x64\xee\x03\x44\x01\xd4\xd3\xd3\xd6\xfe\xf6\xf6\x01\xd4\x00\
\x02\x00\x5e\x00\x00\x01\xf0\x03\x8c\x00\x05\x00\x09\x00\x00\x13\
\x11\x21\x15\x21\x11\x37\x07\x23\x37\xa6\x01\x4a\xfe\x6e\xc5\x84\
\x3b\x64\x02\xc4\xfd\x7c\x40\x02\xc4\xc8\x90\x90\x00\x00\x00\x00\
\x02\x00\x5c\x00\x00\x01\x1d\x03\xa8\x00\x03\x00\x07\x00\x00\x13\
\x11\x23\x11\x37\x07\x23\x37\xa0\x44\xc1\x84\x3b\x64\x02\xf4\xfd\
\x0c\x02\xf4\xb4\x90\x90\x00\x00\x02\x00\x5e\xff\x1a\x01\xf0\x02\
\xc4\x00\x05\x00\x09\x00\x00\x13\x11\x21\x15\x21\x11\x13\x07\x23\
\x37\xa6\x01\x4a\xfe\x6e\xfd\x4c\x39\x3e\x02\xc4\xfd\x7c\x40\x02\
\xc4\xfd\x0f\xb9\xb9\x00\x00\x00\x02\x00\x2e\xff\x1a\x00\xb3\x02\
\xf4\x00\x03\x00\x07\x00\x00\x13\x11\x23\x11\x13\x07\x23\x37\xa0\
\x44\x57\x4c\x39\x3e\x02\xf4\xfd\x0c\x02\xf4\xfc\xdf\xb9\xb9\x00\
\x02\x00\x5e\x00\x00\x01\xf0\x02\xc4\x00\x05\x00\x09\x00\x00\x13\
\x11\x21\x15\x21\x11\x21\x07\x23\x37\xa6\x01\x4a\xfe\x6e\x01\x1a\
\x4c\x39\x3e\x02\xc4\xfd\x7c\x40\x02\xc4\xb9\xb9\x00\x00\x00\x00\
\x02\x00\x5c\x00\x00\x01\x5e\x02\xf4\x00\x03\x00\x07\x00\x00\x13\
\x11\x23\x11\x05\x07\x23\x37\xa0\x44\x01\x02\x4c\x39\x3e\x02\xf4\
\xfd\x0c\x02\xf4\x30\xb9\xb9\x00\x02\x00\x5e\x00\x00\x01\xf0\x02\
\xc4\x00\x05\x00\x0d\x00\x00\x13\x11\x21\x15\x21\x11\x00\x14\x06\
\x22\x26\x34\x36\x32\xa6\x01\x4a\xfe\x6e\x01\x1b\x1d\x26\x1d\x1d\
\x26\x02\xc4\xfd\x7c\x40\x02\xc4\xfe\xfc\x28\x1c\x1c\x28\x1c\x00\
\x02\x00\x5c\x00\x00\x01\x38\x02\xf4\x00\x03\x00\x0b\x00\x00\x13\
\x11\x23\x11\x12\x14\x06\x22\x26\x34\x36\x32\xa0\x44\xdc\x1d\x26\
\x1d\x1d\x26\x02\xf4\xfd\x0c\x02\xf4\xfe\xea\x28\x1c\x1c\x28\x1c\
\x00\x00\x00\x00\x01\x00\x0c\x00\x00\x01\xf0\x02\xc4\x00\x0d\x00\
\x00\x13\x11\x37\x15\x07\x15\x21\x15\x21\x35\x07\x35\x37\x11\xa6\
\xd8\xd8\x01\x4a\xfe\x6e\x52\x52\x02\xc4\xfe\xa6\xba\x46\xba\xe4\
\x40\xf2\x46\x46\x46\x01\x8c\x00\x01\x00\x0b\x00\x00\x00\xef\x02\
\xf4\x00\x0b\x00\x00\x13\x11\x37\x15\x07\x11\x23\x11\x07\x35\x37\
\x11\x9e\x51\x51\x42\x51\x51\x02\xf4\xfe\xd6\x54\x49\x53\xfe\x7e\
\x01\x4b\x53\x49\x52\x01\x61\x00\x02\x00\x5e\x00\x00\x02\x9e\x03\
\x8c\x00\x0b\x00\x0f\x00\x00\x13\x01\x33\x11\x33\x11\x23\x01\x23\
\x11\x23\x11\x25\x07\x23\x37\xb8\x01\x9c\x02\x48\x5a\xfe\x64\x02\
\x48\x01\xb9\x84\x3b\x64\x02\xc4\xfd\xa5\x02\x5b\xfd\x3c\x02\x61\
\xfd\x9f\x02\xc4\xc8\x90\x90\x00\x02\x00\x56\x00\x00\x01\xef\x02\
\xc4\x00\x17\x00\x1b\x00\x00\x13\x33\x16\x15\x33\x3e\x01\x33\x32\
\x16\x15\x11\x23\x11\x34\x26\x23\x22\x06\x1d\x01\x23\x11\x34\x01\
\x07\x23\x37\x56\x41\x04\x02\x13\x5b\x32\x57\x5b\x44\x39\x46\x3b\
\x53\x44\x01\x5d\x84\x3b\x64\x01\xd4\x32\x1e\x28\x34\x68\x59\xfe\
\xe1\x01\x03\x4f\x55\x5f\x58\xf0\x01\x6d\x3c\x01\x1b\x90\x90\x00\
\x02\x00\x5e\xff\x1a\x02\x9e\x02\xc4\x00\x0b\x00\x0f\x00\x00\x13\
\x01\x33\x11\x33\x11\x23\x01\x23\x11\x23\x11\x01\x07\x23\x37\xb8\
\x01\x9c\x02\x48\x5a\xfe\x64\x02\x48\x01\x4b\x4c\x39\x3e\x02\xc4\
\xfd\xa5\x02\x5b\xfd\x3c\x02\x61\xfd\x9f\x02\xc4\xfd\x0f\xb9\xb9\
\x00\x00\x00\x00\x02\x00\x56\xff\x1a\x01\xef\x01\xe0\x00\x17\x00\
\x1b\x00\x00\x13\x33\x16\x15\x33\x3e\x01\x33\x32\x16\x15\x11\x23\
\x11\x34\x26\x23\x22\x06\x1d\x01\x23\x11\x34\x13\x07\x23\x37\x56\
\x41\x04\x02\x13\x5b\x32\x57\x5b\x44\x39\x46\x3b\x53\x44\xfc\x4c\
\x39\x3e\x01\xd4\x32\x1e\x28\x34\x68\x59\xfe\xe1\x01\x03\x4f\x55\
\x5f\x58\xf0\x01\x6d\x3c\xfe\x2a\xb9\xb9\x00\x00\x02\x00\x5e\x00\
\x00\x02\x9e\x03\x8c\x00\x0b\x00\x12\x00\x00\x13\x01\x33\x11\x33\
\x11\x23\x01\x23\x11\x23\x11\x25\x07\x23\x27\x33\x17\x37\xb8\x01\
\x9c\x02\x48\x5a\xfe\x64\x02\x48\x01\xb6\x6d\x50\x6d\x42\x53\x53\
\x02\xc4\xfd\xa5\x02\x5b\xfd\x3c\x02\x61\xfd\x9f\x02\xc4\xc8\x90\
\x90\x6c\x6c\x00\x02\x00\x56\x00\x00\x01\xef\x02\xc4\x00\x17\x00\
\x1e\x00\x00\x13\x33\x16\x15\x33\x3e\x01\x33\x32\x16\x15\x11\x23\
\x11\x34\x26\x23\x22\x06\x1d\x01\x23\x11\x34\x01\x07\x23\x27\x33\
\x17\x37\x56\x41\x04\x02\x13\x5b\x32\x57\x5b\x44\x39\x46\x3b\x53\
\x44\x01\x60\x6d\x50\x6d\x42\x53\x53\x01\xd4\x32\x1e\x28\x34\x68\
\x59\xfe\xe1\x01\x03\x4f\x55\x5f\x58\xf0\x01\x6d\x3c\x01\x1b\x90\
\x90\x6c\x6c\x00\x02\xff\xe5\x00\x00\x01\xef\x02\xf4\x00\x17\x00\
\x1b\x00\x00\x13\x33\x16\x15\x33\x3e\x01\x33\x32\x16\x15\x11\x23\
\x11\x34\x26\x23\x22\x06\x1d\x01\x23\x11\x34\x13\x07\x23\x37\x56\
\x41\x04\x02\x13\x5b\x32\x57\x5b\x44\x39\x46\x3b\x53\x44\x10\x4c\
\x39\x3e\x01\xd4\x32\x1e\x28\x34\x68\x59\xfe\xe1\x01\x03\x4f\x55\
\x5f\x58\xf0\x01\x6d\x3c\x01\x4b\xb9\xb9\x00\x00\x01\x00\x5e\xff\
\x10\x02\x9e\x02\xc4\x00\x15\x00\x00\x33\x11\x33\x01\x33\x11\x33\
\x11\x14\x23\x22\x27\x37\x16\x33\x32\x36\x3d\x01\x01\x23\x11\x5e\
\x5a\x01\x9c\x02\x48\x85\x1e\x18\x0a\x13\x18\x28\x1a\xfe\x4e\x02\
\x02\xc4\xfd\xb8\x02\x48\xfc\xdf\x93\x07\x39\x06\x32\x32\x48\x02\
\x6b\xfd\x9f\x00\x01\x00\x56\xff\x10\x01\xef\x01\xe0\x00\x20\x00\
\x00\x05\x37\x16\x33\x32\x36\x35\x11\x34\x26\x23\x22\x06\x1d\x01\
\x23\x11\x34\x27\x33\x16\x15\x33\x3e\x01\x33\x32\x16\x15\x11\x14\
\x23\x22\x01\x34\x0a\x14\x17\x28\x1a\x39\x46\x3b\x53\x44\x04\x41\
\x04\x02\x13\x5b\x32\x57\x5b\x85\x1e\xe9\x39\x06\x32\x32\x01\x55\
\x4f\x55\x5f\x58\xf0\x01\x6d\x3c\x2b\x32\x1e\x28\x34\x68\x59\xfe\
\x84\x93\x00\x00\x03\x00\x38\xff\xee\x03\x1a\x03\x56\x00\x07\x00\
\x0f\x00\x13\x00\x00\x00\x10\x06\x20\x26\x10\x36\x20\x12\x10\x26\
\x20\x06\x10\x16\x20\x13\x15\x21\x35\x03\x1a\xd2\xfe\xc2\xd2\xd2\
\x01\x3e\x86\xa1\xfe\xf8\xa1\xa1\x01\x08\x07\xfe\xf2\x02\x03\xfe\
\xbe\xd3\xd3\x01\x42\xd3\xfe\x0b\x01\x02\xb4\xb4\xfe\xfe\xb3\x03\
\x28\x36\x36\x00\x03\x00\x38\xff\xf4\x02\x2b\x02\x8e\x00\x09\x00\
\x14\x00\x18\x00\x00\x00\x14\x06\x23\x22\x26\x34\x36\x33\x32\x12\
\x34\x26\x23\x22\x06\x15\x14\x16\x33\x32\x13\x15\x21\x35\x02\x2b\
\x8d\x6d\x6c\x8d\x8d\x6c\x6d\x45\x62\x50\x4f\x62\x62\x4f\x50\x39\
\xfe\xf2\x01\x54\xd4\x8c\x8c\xd4\x8c\xfe\xb9\xa2\x6c\x6c\x51\x50\
\x6c\x02\x60\x36\x36\x00\x00\x00\x03\x00\x38\xff\xee\x03\x1a\x03\
\x8c\x00\x07\x00\x0f\x00\x1b\x00\x00\x00\x10\x06\x20\x26\x10\x36\
\x20\x12\x10\x26\x20\x06\x10\x16\x20\x03\x33\x0e\x01\x22\x26\x27\
\x33\x1e\x01\x32\x36\x03\x1a\xd2\xfe\xc2\xd2\xd2\x01\x3e\x86\xa1\
\xfe\xf8\xa1\xa1\x01\x08\x1a\x2c\x04\x51\x7c\x51\x04\x2c\x06\x3a\
\x4e\x3a\x02\x03\xfe\xbe\xd3\xd3\x01\x42\xd3\xfe\x0b\x01\x02\xb4\
\xb4\xfe\xfe\xb3\x03\x5e\x3d\x47\x47\x3d\x26\x28\x28\x00\x00\x00\
\x03\x00\x38\xff\xf4\x02\x2b\x02\xc4\x00\x09\x00\x14\x00\x20\x00\
\x00\x00\x14\x06\x23\x22\x26\x34\x36\x33\x32\x12\x34\x26\x23\x22\
\x06\x15\x14\x16\x33\x32\x13\x33\x0e\x01\x22\x26\x27\x33\x1e\x01\
\x32\x36\x02\x2b\x8d\x6d\x6c\x8d\x8d\x6c\x6d\x45\x62\x50\x4f\x62\
\x62\x4f\x50\x19\x2c\x04\x51\x7c\x51\x04\x2c\x06\x3a\x4e\x3a\x01\
\x54\xd4\x8c\x8c\xd4\x8c\xfe\xb9\xa2\x6c\x6c\x51\x50\x6c\x02\x96\
\x3d\x47\x47\x3d\x26\x28\x28\x00\x04\x00\x38\xff\xee\x03\x1a\x03\
\x8c\x00\x07\x00\x0f\x00\x13\x00\x17\x00\x00\x00\x10\x06\x20\x26\
\x10\x36\x20\x12\x10\x26\x20\x06\x10\x16\x20\x03\x07\x23\x37\x21\
\x07\x23\x37\x03\x1a\xd2\xfe\xc2\xd2\xd2\x01\x3e\x86\xa1\xfe\xf8\
\xa1\xa1\x01\x08\x38\x85\x3b\x65\x01\x05\x84\x3b\x64\x02\x03\xfe\
\xbe\xd3\xd3\x01\x42\xd3\xfe\x0b\x01\x02\xb4\xb4\xfe\xfe\xb3\x03\
\x5e\x90\x90\x90\x90\x00\x00\x00\x04\x00\x38\xff\xf4\x02\x2e\x02\
\xc4\x00\x09\x00\x14\x00\x18\x00\x1c\x00\x00\x00\x14\x06\x23\x22\
\x26\x34\x36\x33\x32\x12\x34\x26\x23\x22\x06\x15\x14\x16\x33\x32\
\x13\x07\x23\x37\x21\x07\x23\x37\x02\x2b\x8d\x6d\x6c\x8d\x8d\x6c\
\x6d\x45\x62\x50\x4f\x62\x62\x4f\x50\x03\x85\x3b\x65\x01\x05\x84\
\x3b\x64\x01\x54\xd4\x8c\x8c\xd4\x8c\xfe\xb9\xa2\x6c\x6c\x51\x50\
\x6c\x02\x96\x90\x90\x90\x90\x00\x02\x00\x47\x00\x00\x03\xb1\x02\
\xc4\x00\x13\x00\x1f\x00\x00\x01\x21\x15\x21\x15\x21\x15\x21\x11\
\x21\x15\x21\x22\x2e\x02\x34\x3e\x02\x17\x22\x0e\x02\x14\x1e\x02\
\x3b\x01\x11\x01\xbb\x01\xea\xfe\xb3\x01\x35\xfe\xcb\x01\x59\xfe\
\x0a\x44\x82\x6c\x42\x42\x6c\x82\x58\x4d\x7b\x4c\x28\x28\x4c\x7b\
\x4d\x41\x02\xc4\x40\xf4\x3f\xfe\xef\x40\x2d\x55\x8b\xaa\x8b\x55\
\x2d\x40\x31\x53\x66\x70\x66\x53\x31\x02\x44\x00\x03\x00\x38\xff\
\xf4\x03\xaa\x01\xe0\x00\x1f\x00\x29\x00\x30\x00\x00\x01\x32\x16\
\x15\x14\x07\x21\x1e\x01\x33\x32\x36\x37\x17\x06\x23\x22\x26\x27\
\x0e\x01\x23\x22\x26\x34\x36\x33\x32\x16\x17\x3e\x01\x07\x34\x26\
\x23\x22\x06\x14\x16\x32\x36\x37\x21\x2e\x01\x23\x22\x06\x02\xc9\
\x6b\x76\x01\xfe\x7a\x02\x63\x48\x31\x50\x15\x33\x4e\x7c\x43\x6a\
\x1f\x20\x6d\x46\x6c\x8c\x8c\x6c\x46\x6c\x20\x1f\x68\xa6\x63\x50\
\x4f\x63\x62\xa0\x63\x43\x01\x3f\x03\x51\x47\x42\x5d\x01\xe0\x83\
\x65\x14\x0c\x47\x63\x2f\x22\x28\x63\x3c\x36\x36\x3c\x8c\xd4\x8c\
\x3c\x36\x35\x3d\xf6\x51\x6c\x6d\xa0\x6c\x6c\x74\x44\x55\x5b\x00\
\x03\x00\x5e\x00\x00\x02\x3a\x03\x8c\x00\x0d\x00\x15\x00\x19\x00\
\x00\x13\x11\x23\x11\x33\x32\x16\x15\x14\x06\x07\x13\x23\x0b\x01\
\x15\x33\x32\x36\x35\x34\x23\x13\x07\x23\x37\xa6\x48\xd0\x70\x82\
\x65\x50\xcf\x58\xc4\x78\x7d\x57\x5e\xb2\x80\x84\x3b\x64\x01\x4b\
\xfe\xb5\x02\xc4\x5b\x62\x4d\x60\x09\xfe\xaf\x01\x4b\x01\x3b\xfd\
\x40\x3e\x7f\x01\x06\x90\x90\x00\x02\x00\x56\x00\x00\x01\x60\x02\
\xc4\x00\x13\x00\x17\x00\x00\x13\x34\x27\x33\x16\x15\x33\x3e\x01\
\x33\x32\x17\x07\x26\x23\x22\x06\x1d\x01\x23\x13\x07\x23\x37\x5a\
\x04\x41\x04\x02\x14\x51\x31\x1b\x12\x09\x10\x20\x3b\x4e\x44\xd9\
\x84\x3b\x64\x01\x6d\x3c\x2b\x32\x1e\x29\x33\x05\x40\x06\x59\x58\
\xf0\x02\xc4\x90\x90\x00\x00\x00\x03\x00\x5e\xff\x1a\x02\x3a\x02\
\xc4\x00\x0d\x00\x15\x00\x19\x00\x00\x13\x11\x23\x11\x33\x32\x16\
\x15\x14\x06\x07\x13\x23\x0b\x01\x15\x33\x32\x36\x35\x34\x23\x13\
\x07\x23\x37\xa6\x48\xd0\x70\x82\x65\x50\xcf\x58\xc4\x78\x7d\x57\
\x5e\xb2\x48\x4c\x39\x3e\x01\x4b\xfe\xb5\x02\xc4\x5b\x62\x4d\x60\
\x09\xfe\xaf\x01\x4b\x01\x3b\xfd\x40\x3e\x7f\xfd\x4d\xb9\xb9\x00\
\x02\x00\x2b\xff\x1a\x01\x60\x01\xe0\x00\x13\x00\x17\x00\x00\x13\
\x34\x27\x33\x16\x15\x33\x3e\x01\x33\x32\x17\x07\x26\x23\x22\x06\
\x1d\x01\x23\x17\x07\x23\x37\x5a\x04\x41\x04\x02\x14\x51\x31\x1b\
\x12\x09\x10\x20\x3b\x4e\x44\x56\x4c\x39\x3e\x01\x6d\x3c\x2b\x32\
\x1e\x29\x33\x05\x40\x06\x59\x58\xf0\x2d\xb9\xb9\x00\x00\x00\x00\
\x03\x00\x5e\x00\x00\x02\x3a\x03\x8c\x00\x0d\x00\x15\x00\x1c\x00\
\x00\x13\x11\x23\x11\x33\x32\x16\x15\x14\x06\x07\x13\x23\x0b\x01\
\x15\x33\x32\x36\x35\x34\x23\x13\x07\x23\x27\x33\x17\x37\xa6\x48\
\xd0\x70\x82\x65\x50\xcf\x58\xc4\x78\x7d\x57\x5e\xb2\x8f\x6d\x50\
\x6d\x42\x53\x53\x01\x4b\xfe\xb5\x02\xc4\x5b\x62\x4d\x60\x09\xfe\
\xaf\x01\x4b\x01\x3b\xfd\x40\x3e\x7f\x01\x06\x90\x90\x6c\x6c\x00\
\x02\x00\x42\x00\x00\x01\x6c\x02\xc4\x00\x13\x00\x1a\x00\x00\x13\
\x34\x27\x33\x16\x15\x33\x3e\x01\x33\x32\x17\x07\x26\x23\x22\x06\
\x1d\x01\x23\x01\x07\x23\x27\x33\x17\x37\x5a\x04\x41\x04\x02\x14\
\x51\x31\x1b\x12\x09\x10\x20\x3b\x4e\x44\x01\x12\x6d\x50\x6d\x42\
\x53\x53\x01\x6d\x3c\x2b\x32\x1e\x29\x33\x05\x40\x06\x59\x58\xf0\
\x02\xc4\x90\x90\x6c\x6c\x00\x00\x02\x00\x32\xff\xee\x01\xf8\x03\
\x8c\x00\x32\x00\x36\x00\x00\x01\x07\x26\x23\x22\x06\x15\x14\x1e\
\x03\x17\x1e\x06\x15\x14\x06\x23\x22\x26\x27\x37\x1e\x01\x33\x32\
\x36\x35\x34\x2e\x03\x27\x2e\x03\x35\x34\x3e\x01\x33\x32\x16\x27\
\x07\x23\x37\x01\xee\x39\x32\x60\x3b\x5c\x13\x16\x33\x1d\x21\x22\
\x15\x3b\x17\x29\x11\x0f\x8a\x5d\x43\x77\x25\x3e\x19\x54\x35\x3d\
\x60\x15\x1a\x37\x23\x24\x2a\x39\x3c\x1f\x47\x63\x38\x43\x6a\x21\
\x84\x3b\x64\x02\x80\x2e\x47\x46\x3f\x1a\x2a\x18\x1a\x0a\x0b\x0b\
\x07\x18\x11\x22\x22\x32\x1e\x63\x69\x36\x33\x2e\x28\x31\x49\x40\
\x1d\x2d\x1c\x1b\x0c\x0b\x0d\x1a\x2c\x45\x2e\x41\x5b\x27\x31\xe7\
\x90\x90\x00\x00\x02\x00\x26\xff\xf4\x01\x8f\x02\xc4\x00\x26\x00\
\x2a\x00\x00\x01\x07\x2e\x01\x23\x22\x06\x15\x14\x16\x17\x1e\x01\
\x15\x14\x06\x23\x22\x27\x37\x1e\x01\x33\x32\x36\x35\x34\x26\x27\
\x2e\x03\x35\x34\x36\x33\x32\x16\x13\x07\x23\x37\x01\x87\x34\x0f\
\x3e\x26\x29\x3a\x34\x3c\x53\x4f\x67\x49\x7b\x3e\x36\x13\x47\x28\
\x30\x3e\x41\x49\x1a\x26\x2d\x19\x61\x46\x32\x5c\x0b\x84\x3b\x64\
\x01\x8c\x27\x1e\x24\x25\x24\x20\x24\x0c\x11\x42\x36\x4a\x47\x5b\
\x28\x20\x29\x27\x2b\x23\x26\x11\x06\x0e\x1c\x2f\x1f\x43\x45\x2d\
\x01\x11\x90\x90\x00\x00\x00\x00\x02\x00\x32\xff\xee\x01\xf8\x03\
\x8c\x00\x32\x00\x39\x00\x00\x01\x07\x26\x23\x22\x06\x15\x14\x1e\
\x03\x17\x1e\x06\x15\x14\x06\x23\x22\x26\x27\x37\x1e\x01\x33\x32\
\x36\x35\x34\x2e\x03\x27\x2e\x03\x35\x34\x3e\x01\x33\x32\x16\x27\
\x17\x23\x27\x07\x23\x37\x01\xee\x39\x32\x60\x3b\x5c\x13\x16\x33\
\x1d\x21\x22\x15\x3b\x17\x29\x11\x0f\x8a\x5d\x43\x77\x25\x3e\x19\
\x54\x35\x3d\x60\x15\x1a\x37\x23\x24\x2a\x39\x3c\x1f\x47\x63\x38\
\x43\x6a\x86\x6d\x42\x53\x53\x42\x6d\x02\x80\x2e\x47\x46\x3f\x1a\
\x2a\x18\x1a\x0a\x0b\x0b\x07\x18\x11\x22\x22\x32\x1e\x63\x69\x36\
\x33\x2e\x28\x31\x49\x40\x1d\x2d\x1c\x1b\x0c\x0b\x0d\x1a\x2c\x45\
\x2e\x41\x5b\x27\x31\xe7\x90\x6c\x6c\x90\x00\x00\x02\x00\x26\xff\
\xf4\x01\x8f\x02\xc4\x00\x26\x00\x2d\x00\x00\x01\x07\x2e\x01\x23\
\x22\x06\x15\x14\x16\x17\x1e\x01\x15\x14\x06\x23\x22\x27\x37\x1e\
\x01\x33\x32\x36\x35\x34\x26\x27\x2e\x03\x35\x34\x36\x33\x32\x16\
\x03\x17\x23\x27\x07\x23\x37\x01\x87\x34\x0f\x3e\x26\x29\x3a\x34\
\x3c\x53\x4f\x67\x49\x7b\x3e\x36\x13\x47\x28\x30\x3e\x41\x49\x1a\
\x26\x2d\x19\x61\x46\x32\x5c\x63\x6d\x42\x53\x53\x42\x6d\x01\x8c\
\x27\x1e\x24\x25\x24\x20\x24\x0c\x11\x42\x36\x4a\x47\x5b\x28\x20\
\x29\x27\x2b\x23\x26\x11\x06\x0e\x1c\x2f\x1f\x43\x45\x2d\x01\x11\
\x90\x6c\x6c\x90\x00\x00\x00\x00\x01\x00\x32\xff\x1a\x01\xf8\x02\
\xd6\x00\x49\x00\x00\x01\x07\x26\x23\x22\x06\x15\x14\x1e\x03\x17\
\x1e\x06\x15\x14\x06\x0f\x01\x36\x33\x32\x16\x15\x14\x06\x23\x22\
\x27\x37\x16\x33\x32\x36\x35\x34\x23\x22\x07\x27\x37\x2e\x01\x27\
\x37\x1e\x01\x33\x32\x36\x35\x34\x2e\x03\x27\x2e\x03\x35\x34\x3e\
\x01\x33\x32\x16\x01\xee\x39\x32\x60\x3b\x5c\x13\x16\x33\x1d\x21\
\x22\x15\x3b\x17\x29\x11\x0f\x77\x56\x24\x0d\x16\x21\x31\x46\x30\
\x33\x2b\x10\x1f\x29\x15\x2b\x36\x16\x15\x12\x33\x3e\x6e\x22\x3e\
\x19\x54\x35\x3d\x60\x15\x1a\x37\x23\x24\x2a\x39\x3c\x1f\x47\x63\
\x38\x43\x6a\x02\x80\x2e\x47\x46\x3f\x1a\x2a\x18\x1a\x0a\x0b\x0b\
\x07\x18\x11\x22\x22\x32\x1e\x5c\x68\x07\x3a\x04\x26\x22\x2e\x29\
\x14\x24\x0e\x16\x16\x27\x08\x0f\x51\x03\x35\x30\x2e\x28\x31\x49\
\x40\x1d\x2d\x1c\x1b\x0c\x0b\x0d\x1a\x2c\x45\x2e\x41\x5b\x27\x31\
\x00\x00\x00\x00\x01\x00\x26\xff\x1a\x01\x8f\x01\xe0\x00\x3d\x00\
\x00\x01\x07\x2e\x01\x23\x22\x06\x15\x14\x16\x17\x1e\x01\x15\x14\
\x06\x0f\x01\x36\x33\x32\x16\x15\x14\x06\x23\x22\x27\x37\x16\x33\
\x32\x36\x35\x34\x23\x22\x07\x27\x37\x26\x27\x37\x1e\x01\x33\x32\
\x36\x35\x34\x26\x27\x2e\x03\x35\x34\x36\x33\x32\x16\x01\x87\x34\
\x0f\x3e\x26\x29\x3a\x34\x3c\x53\x4f\x54\x40\x28\x0d\x16\x21\x31\
\x46\x30\x33\x2b\x10\x1f\x29\x15\x2b\x36\x16\x15\x12\x36\x71\x38\
\x36\x13\x47\x28\x30\x3e\x41\x49\x1a\x26\x2d\x19\x61\x46\x32\x5c\
\x01\x8c\x27\x1e\x24\x25\x24\x20\x24\x0c\x11\x42\x36\x42\x46\x07\
\x41\x04\x26\x22\x2e\x29\x14\x24\x0e\x16\x16\x27\x08\x0f\x57\x07\
\x53\x28\x20\x29\x27\x2b\x23\x26\x11\x06\x0e\x1c\x2f\x1f\x43\x45\
\x2d\x00\x00\x00\x02\x00\x32\xff\xee\x01\xf8\x03\x8c\x00\x32\x00\
\x39\x00\x00\x01\x07\x26\x23\x22\x06\x15\x14\x1e\x03\x17\x1e\x06\
\x15\x14\x06\x23\x22\x26\x27\x37\x1e\x01\x33\x32\x36\x35\x34\x2e\
\x03\x27\x2e\x03\x35\x34\x3e\x01\x33\x32\x16\x27\x07\x23\x27\x33\
\x17\x37\x01\xee\x39\x32\x60\x3b\x5c\x13\x16\x33\x1d\x21\x22\x15\
\x3b\x17\x29\x11\x0f\x8a\x5d\x43\x77\x25\x3e\x19\x54\x35\x3d\x60\
\x15\x1a\x37\x23\x24\x2a\x39\x3c\x1f\x47\x63\x38\x43\x6a\x20\x6d\
\x50\x6d\x42\x53\x53\x02\x80\x2e\x47\x46\x3f\x1a\x2a\x18\x1a\x0a\
\x0b\x0b\x07\x18\x11\x22\x22\x32\x1e\x63\x69\x36\x33\x2e\x28\x31\
\x49\x40\x1d\x2d\x1c\x1b\x0c\x0b\x0d\x1a\x2c\x45\x2e\x41\x5b\x27\
\x31\xe7\x90\x90\x6c\x6c\x00\x00\x02\x00\x26\xff\xf4\x01\x8f\x02\
\xc4\x00\x26\x00\x2d\x00\x00\x01\x07\x2e\x01\x23\x22\x06\x15\x14\
\x16\x17\x1e\x01\x15\x14\x06\x23\x22\x27\x37\x1e\x01\x33\x32\x36\
\x35\x34\x26\x27\x2e\x03\x35\x34\x36\x33\x32\x16\x13\x07\x23\x27\
\x33\x17\x37\x01\x87\x34\x0f\x3e\x26\x29\x3a\x34\x3c\x53\x4f\x67\
\x49\x7b\x3e\x36\x13\x47\x28\x30\x3e\x41\x49\x1a\x26\x2d\x19\x61\
\x46\x32\x5c\x0a\x6d\x50\x6d\x42\x53\x53\x01\x8c\x27\x1e\x24\x25\
\x24\x20\x24\x0c\x11\x42\x36\x4a\x47\x5b\x28\x20\x29\x27\x2b\x23\
\x26\x11\x06\x0e\x1c\x2f\x1f\x43\x45\x2d\x01\x11\x90\x90\x6c\x6c\
\x00\x00\x00\x00\x02\x00\x0c\xff\x1a\x02\x2e\x02\xc4\x00\x07\x00\
\x0b\x00\x00\x01\x11\x23\x11\x23\x35\x21\x15\x03\x07\x23\x37\x01\
\x41\x48\xed\x02\x22\xdc\x4c\x39\x3e\x02\x84\xfd\x7c\x02\x84\x40\
\x40\xfd\x4f\xb9\xb9\x00\x00\x00\x02\x00\x04\xff\x1a\x01\x2d\x02\
\x58\x00\x15\x00\x19\x00\x00\x01\x15\x23\x11\x14\x16\x33\x32\x37\
\x17\x06\x23\x22\x26\x35\x11\x23\x35\x33\x35\x33\x15\x13\x07\x23\
\x37\x01\x2d\x84\x24\x22\x1d\x1e\x03\x25\x2b\x30\x48\x61\x61\x44\
\x51\x4c\x39\x3e\x01\xd4\x39\xfe\xef\x31\x25\x0f\x3b\x0e\x38\x45\
\x01\x24\x39\x84\x84\xfd\xff\xb9\xb9\x00\x00\x00\x02\x00\x0c\x00\
\x00\x02\x2e\x03\x8c\x00\x07\x00\x0e\x00\x00\x01\x11\x23\x11\x23\
\x35\x21\x15\x03\x07\x23\x27\x33\x17\x37\x01\x41\x48\xed\x02\x22\
\x7c\x6d\x50\x6d\x42\x53\x53\x02\x84\xfd\x7c\x02\x84\x40\x40\x01\
\x08\x90\x90\x6c\x6c\x00\x00\x00\x02\x00\x04\xff\xfa\x01\x66\x02\
\xdb\x00\x15\x00\x19\x00\x00\x01\x15\x23\x11\x14\x16\x33\x32\x37\
\x17\x06\x23\x22\x26\x35\x11\x23\x35\x33\x35\x33\x15\x13\x07\x23\
\x37\x01\x2d\x84\x24\x22\x1d\x1e\x03\x25\x2b\x30\x48\x61\x61\x44\
\xbd\x4c\x39\x3e\x01\xd4\x39\xfe\xef\x31\x25\x0f\x3b\x0e\x38\x45\
\x01\x24\x39\x84\x84\x01\x07\xb9\xb9\x00\x00\x00\x01\x00\x0c\x00\
\x00\x02\x2e\x02\xc4\x00\x0f\x00\x00\x13\x33\x35\x23\x35\x21\x15\
\x23\x15\x33\x15\x23\x11\x23\x11\x23\x49\xb0\xed\x02\x22\xed\xa6\
\xa6\x48\xb0\x02\x1f\x65\x40\x40\x65\x32\xfe\x13\x01\xed\x00\x00\
\x01\x00\x04\xff\xfa\x01\x2d\x02\x58\x00\x1d\x00\x00\x13\x33\x35\
\x23\x35\x33\x35\x33\x15\x33\x15\x23\x15\x33\x15\x23\x15\x14\x16\
\x33\x32\x37\x17\x06\x23\x22\x26\x3d\x01\x23\x0c\x59\x61\x61\x44\
\x84\x84\x7b\x7b\x24\x22\x1d\x1e\x03\x25\x2b\x30\x48\x59\x01\x3a\
\x61\x39\x84\x84\x39\x61\x32\x7e\x31\x25\x0f\x3b\x0e\x38\x45\x91\
\x00\x00\x00\x00\x02\x00\x5a\xff\xee\x02\x6c\x03\x74\x00\x15\x00\
\x26\x00\x00\x04\x22\x2e\x03\x35\x11\x33\x11\x14\x16\x32\x36\x35\
\x11\x33\x11\x14\x0e\x02\x01\x23\x36\x33\x32\x17\x16\x33\x32\x37\
\x33\x06\x23\x22\x26\x23\x22\x01\xa0\x7a\x5f\x3a\x25\x0e\x48\x5d\
\xc8\x5d\x48\x0e\x25\x3a\xfe\xed\x2b\x12\x4a\x1b\x2e\x32\x11\x25\
\x0c\x2b\x12\x4a\x1d\x58\x17\x25\x12\x25\x38\x4e\x49\x26\x01\xbc\
\xfe\x4c\x60\x82\x82\x60\x01\xb4\xfe\x44\x26\x49\x4e\x38\x02\xf5\
\x68\x17\x17\x32\x68\x2e\x00\x00\x02\x00\x56\xff\xf4\x01\xef\x02\
\xac\x00\x17\x00\x28\x00\x00\x21\x23\x26\x35\x23\x0e\x01\x23\x22\
\x26\x35\x11\x33\x11\x14\x16\x33\x32\x36\x3d\x01\x33\x11\x14\x01\
\x23\x36\x33\x32\x17\x16\x33\x32\x37\x33\x06\x23\x22\x26\x23\x22\
\x01\xef\x41\x04\x02\x13\x5b\x32\x57\x5b\x44\x39\x46\x3b\x53\x44\
\xfe\xc1\x2b\x12\x4a\x1b\x2e\x32\x11\x25\x0c\x2b\x12\x4a\x1d\x58\
\x17\x25\x32\x1e\x28\x34\x68\x59\x01\x1f\xfe\xfd\x4f\x55\x5f\x58\
\xf0\xfe\x93\x3c\x02\x15\x68\x17\x17\x32\x68\x2e\x00\x00\x00\x00\
\x02\x00\x5a\xff\xee\x02\x6c\x03\x56\x00\x15\x00\x19\x00\x00\x04\
\x22\x2e\x03\x35\x11\x33\x11\x14\x16\x32\x36\x35\x11\x33\x11\x14\
\x0e\x02\x03\x15\x21\x35\x01\xa0\x7a\x5f\x3a\x25\x0e\x48\x5d\xc8\
\x5d\x48\x0e\x25\x3a\x14\xfe\xf2\x12\x25\x38\x4e\x49\x26\x01\xbc\
\xfe\x4c\x60\x82\x82\x60\x01\xb4\xfe\x44\x26\x49\x4e\x38\x03\x43\
\x36\x36\x00\x00\x02\x00\x56\xff\xf4\x01\xef\x02\x8e\x00\x17\x00\
\x1b\x00\x00\x21\x23\x26\x35\x23\x0e\x01\x23\x22\x26\x35\x11\x33\
\x11\x14\x16\x33\x32\x36\x3d\x01\x33\x11\x14\x03\x15\x21\x35\x01\
\xef\x41\x04\x02\x13\x5b\x32\x57\x5b\x44\x39\x46\x3b\x53\x44\x42\
\xfe\xf2\x32\x1e\x28\x34\x68\x59\x01\x1f\xfe\xfd\x4f\x55\x5f\x58\
\xf0\xfe\x93\x3c\x02\x63\x36\x36\x00\x00\x00\x00\x02\x00\x5a\xff\
\xee\x02\x6c\x03\x8c\x00\x15\x00\x21\x00\x00\x04\x22\x2e\x03\x35\
\x11\x33\x11\x14\x16\x32\x36\x35\x11\x33\x11\x14\x0e\x02\x03\x33\
\x0e\x01\x22\x26\x27\x33\x1e\x01\x32\x36\x01\xa0\x7a\x5f\x3a\x25\
\x0e\x48\x5d\xc8\x5d\x48\x0e\x25\x3a\x35\x2c\x04\x51\x7c\x51\x04\
\x2c\x06\x3a\x4e\x3a\x12\x25\x38\x4e\x49\x26\x01\xbc\xfe\x4c\x60\
\x82\x82\x60\x01\xb4\xfe\x44\x26\x49\x4e\x38\x03\x79\x3d\x47\x47\
\x3d\x26\x28\x28\x00\x00\x00\x00\x02\x00\x56\xff\xf4\x01\xef\x02\
\xc4\x00\x17\x00\x23\x00\x00\x21\x23\x26\x35\x23\x0e\x01\x23\x22\
\x26\x35\x11\x33\x11\x14\x16\x33\x32\x36\x3d\x01\x33\x11\x14\x03\
\x33\x0e\x01\x22\x26\x27\x33\x1e\x01\x32\x36\x01\xef\x41\x04\x02\
\x13\x5b\x32\x57\x5b\x44\x39\x46\x3b\x53\x44\x60\x2c\x04\x51\x7c\
\x51\x04\x2c\x06\x3a\x4e\x3a\x32\x1e\x28\x34\x68\x59\x01\x1f\xfe\
\xfd\x4f\x55\x5f\x58\xf0\xfe\x93\x3c\x02\x99\x3d\x47\x47\x3d\x26\
\x28\x28\x00\x00\x03\x00\x5a\xff\xee\x02\x6c\x03\xb1\x00\x15\x00\
\x1d\x00\x25\x00\x00\x04\x22\x2e\x03\x35\x11\x33\x11\x14\x16\x32\
\x36\x35\x11\x33\x11\x14\x0e\x02\x02\x14\x06\x22\x26\x34\x36\x32\
\x16\x34\x26\x22\x06\x14\x16\x32\x01\xa0\x7a\x5f\x3a\x25\x0e\x48\
\x5d\xc8\x5d\x48\x0e\x25\x3a\x3a\x39\x4e\x39\x39\x4e\x15\x23\x32\
\x23\x23\x32\x12\x25\x38\x4e\x49\x26\x01\xbc\xfe\x4c\x60\x82\x82\
\x60\x01\xb4\xfe\x44\x26\x49\x4e\x38\x03\x67\x50\x37\x37\x50\x37\
\x78\x32\x22\x22\x32\x22\x00\x00\x03\x00\x56\xff\xf4\x01\xef\x02\
\xe9\x00\x17\x00\x1f\x00\x27\x00\x00\x21\x23\x26\x35\x23\x0e\x01\
\x23\x22\x26\x35\x11\x33\x11\x14\x16\x33\x32\x36\x3d\x01\x33\x11\
\x14\x02\x14\x06\x22\x26\x34\x36\x32\x16\x34\x26\x22\x06\x14\x16\
\x32\x01\xef\x41\x04\x02\x13\x5b\x32\x57\x5b\x44\x39\x46\x3b\x53\
\x44\x69\x39\x4e\x39\x39\x4e\x15\x23\x32\x23\x23\x32\x32\x1e\x28\
\x34\x68\x59\x01\x1f\xfe\xfd\x4f\x55\x5f\x58\xf0\xfe\x93\x3c\x02\
\x87\x50\x37\x37\x50\x37\x78\x32\x22\x22\x32\x22\x00\x00\x00\x00\
\x03\x00\x5a\xff\xee\x02\x6c\x03\x8c\x00\x15\x00\x19\x00\x1d\x00\
\x00\x04\x22\x2e\x03\x35\x11\x33\x11\x14\x16\x32\x36\x35\x11\x33\
\x11\x14\x0e\x02\x03\x07\x23\x37\x21\x07\x23\x37\x01\xa0\x7a\x5f\
\x3a\x25\x0e\x48\x5d\xc8\x5d\x48\x0e\x25\x3a\x56\x85\x3b\x65\x01\
\x05\x84\x3b\x64\x12\x25\x38\x4e\x49\x26\x01\xbc\xfe\x4c\x60\x82\
\x82\x60\x01\xb4\xfe\x44\x26\x49\x4e\x38\x03\x79\x90\x90\x90\x90\
\x00\x00\x00\x00\x03\x00\x56\xff\xf4\x02\x14\x02\xc4\x00\x17\x00\
\x1b\x00\x1f\x00\x00\x21\x23\x26\x35\x23\x0e\x01\x23\x22\x26\x35\
\x11\x33\x11\x14\x16\x33\x32\x36\x3d\x01\x33\x11\x14\x03\x07\x23\
\x37\x21\x07\x23\x37\x01\xef\x41\x04\x02\x13\x5b\x32\x57\x5b\x44\
\x39\x46\x3b\x53\x44\x81\x85\x3b\x65\x01\x05\x84\x3b\x64\x32\x1e\
\x28\x34\x68\x59\x01\x1f\xfe\xfd\x4f\x55\x5f\x58\xf0\xfe\x93\x3c\
\x02\x99\x90\x90\x90\x90\x00\x00\x01\x00\x5a\xff\x21\x02\x6c\x02\
\xc4\x00\x26\x00\x00\x05\x22\x2e\x03\x35\x11\x33\x11\x14\x16\x32\
\x36\x35\x11\x33\x11\x14\x0e\x02\x07\x0e\x01\x15\x14\x16\x33\x32\
\x37\x17\x06\x23\x22\x26\x35\x34\x37\x01\x63\x3d\x5f\x3a\x25\x0e\
\x48\x5d\xc8\x5d\x48\x13\x2c\x54\x39\x22\x1e\x1d\x15\x1f\x14\x13\
\x26\x34\x24\x36\x44\x12\x25\x38\x4e\x49\x26\x01\xbc\xfe\x4c\x60\
\x82\x82\x60\x01\xb4\xfe\x44\x2c\x52\x52\x3b\x0a\x22\x31\x19\x15\
\x1b\x16\x28\x24\x30\x25\x3c\x3c\x00\x00\x00\x00\x01\x00\x56\xff\
\x21\x02\x0a\x01\xd4\x00\x28\x00\x00\x05\x17\x06\x23\x22\x26\x35\
\x34\x37\x23\x26\x35\x23\x0e\x01\x23\x22\x26\x35\x11\x33\x11\x14\
\x16\x33\x32\x36\x3d\x01\x33\x11\x14\x17\x23\x0e\x01\x15\x14\x16\
\x33\x32\x01\xf7\x13\x26\x34\x24\x36\x59\x01\x04\x02\x13\x5b\x32\
\x57\x5b\x44\x39\x46\x3b\x53\x44\x04\x10\x29\x24\x1d\x15\x1f\x93\
\x28\x24\x30\x25\x42\x48\x32\x1e\x28\x34\x68\x59\x01\x1f\xfe\xfd\
\x4f\x55\x5f\x58\xf0\xfe\x93\x3c\x2b\x29\x35\x1b\x15\x1b\x00\x00\
\x02\x00\x0e\x00\x00\x03\xbe\x03\x8c\x00\x0f\x00\x16\x00\x00\x1b\
\x01\x33\x13\x33\x13\x33\x13\x33\x03\x23\x03\x23\x03\x23\x03\x25\
\x17\x23\x27\x07\x23\x37\x5a\xaf\x02\xb1\x56\xb1\x02\xad\x4c\xd1\
\x54\xb2\x02\xb2\x54\xd1\x02\x00\x6d\x42\x53\x53\x42\x6d\x02\xc4\
\xfd\x9f\x02\x61\xfd\x9f\x02\x61\xfd\x3c\x02\x60\xfd\xa0\x02\xc4\
\xc8\x90\x6c\x6c\x90\x00\x00\x00\x02\x00\x1a\x00\x00\x02\xd0\x02\
\xc4\x00\x0f\x00\x16\x00\x00\x13\x33\x13\x33\x13\x33\x13\x33\x13\
\x33\x03\x23\x03\x23\x03\x23\x13\x17\x23\x27\x07\x23\x37\x1a\x49\
\x71\x02\x7e\x42\x80\x02\x70\x48\x94\x4a\x7d\x02\x7b\x4a\xee\x6d\
\x42\x53\x53\x42\x6d\x01\xd4\xfe\x84\x01\x7c\xfe\x84\x01\x7c\xfe\
\x2c\x01\x7b\xfe\x85\x02\xc4\x90\x6c\x6c\x90\x00\x02\x00\x00\x00\
\x00\x02\x5a\x03\x8c\x00\x08\x00\x0f\x00\x00\x01\x11\x23\x11\x01\
\x33\x1b\x01\x33\x25\x17\x23\x27\x07\x23\x37\x01\x51\x48\xfe\xf7\
\x5a\xd5\xd7\x54\xfe\xfd\x6d\x42\x53\x53\x42\x6d\x01\x31\xfe\xcf\
\x01\x31\x01\x93\xfe\xa9\x01\x57\xc8\x90\x6c\x6c\x90\x00\x00\x00\
\x02\x00\x10\xff\x10\x01\xd8\x02\xc4\x00\x12\x00\x19\x00\x00\x1b\
\x01\x33\x13\x33\x03\x0e\x01\x23\x22\x27\x37\x16\x33\x32\x36\x3f\
\x01\x03\x25\x17\x23\x27\x07\x23\x37\x5c\x9f\x02\x91\x4a\xe9\x17\
\x43\x39\x1f\x1e\x07\x18\x1a\x21\x29\x10\x26\xc8\x01\x14\x6d\x42\
\x53\x53\x42\x6d\x01\xd4\xfe\x75\x01\x8b\xfd\xb3\x3b\x3c\x06\x3e\
\x08\x29\x2a\x62\x01\xd3\xf0\x90\x6c\x6c\x90\x00\x03\x00\x00\x00\
\x00\x02\x5a\x03\x82\x00\x08\x00\x10\x00\x18\x00\x00\x01\x11\x23\
\x11\x01\x33\x1b\x01\x33\x24\x34\x36\x32\x16\x14\x06\x22\x36\x34\
\x36\x32\x16\x14\x06\x22\x01\x51\x48\xfe\xf7\x5a\xd5\xd7\x54\xfe\
\x42\x1d\x2c\x1d\x1d\x2c\xa3\x1d\x2c\x1d\x1d\x2c\x01\x31\xfe\xcf\
\x01\x31\x01\x93\xfe\xa9\x01\x57\x77\x28\x1f\x1f\x28\x1f\x1f\x28\
\x1f\x1f\x28\x1f\x00\x00\x00\x00\x02\x00\x1f\x00\x00\x02\x1d\x03\
\x8c\x00\x09\x00\x0d\x00\x00\x01\x15\x01\x21\x15\x21\x35\x01\x21\
\x35\x25\x07\x23\x37\x02\x17\xfe\x63\x01\xa3\xfe\x02\x01\x9e\xfe\
\x6d\x01\x85\x84\x3b\x64\x02\xc4\x3c\xfd\xb8\x40\x3c\x02\x48\x40\
\xc8\x90\x90\x00\x02\x00\x1f\x00\x00\x01\x9b\x02\xc4\x00\x09\x00\
\x0d\x00\x00\x01\x15\x01\x21\x15\x21\x35\x01\x21\x35\x25\x07\x23\
\x37\x01\x91\xfe\xe8\x01\x22\xfe\x84\x01\x17\xfe\xf7\x01\x48\x84\
\x3b\x64\x01\xd4\x30\xfe\x97\x3b\x30\x01\x6b\x39\xf0\x90\x90\x00\
\x02\x00\x1f\x00\x00\x02\x1d\x03\x80\x00\x09\x00\x11\x00\x00\x01\
\x15\x01\x21\x15\x21\x35\x01\x21\x35\x24\x14\x06\x22\x26\x34\x36\
\x32\x02\x17\xfe\x63\x01\xa3\xfe\x02\x01\x9e\xfe\x6d\x01\x23\x1d\
\x26\x1d\x1d\x26\x02\xc4\x3c\xfd\xb8\x40\x3c\x02\x48\x40\xa0\x28\
\x1c\x1c\x28\x1c\x00\x00\x00\x00\x02\x00\x1f\x00\x00\x01\x9b\x02\
\xb8\x00\x09\x00\x11\x00\x00\x01\x15\x01\x21\x15\x21\x35\x01\x21\
\x35\x36\x14\x06\x22\x26\x34\x36\x32\x01\x91\xfe\xe8\x01\x22\xfe\
\x84\x01\x17\xfe\xf7\xe1\x1d\x26\x1d\x1d\x26\x01\xd4\x30\xfe\x97\
\x3b\x30\x01\x6b\x39\xc8\x28\x1c\x1c\x28\x1c\x00\x02\x00\x1f\x00\
\x00\x02\x1d\x03\x8c\x00\x09\x00\x10\x00\x00\x01\x15\x01\x21\x15\
\x21\x35\x01\x21\x35\x25\x07\x23\x27\x33\x17\x37\x02\x17\xfe\x63\
\x01\xa3\xfe\x02\x01\x9e\xfe\x6d\x01\x8a\x6d\x50\x6d\x42\x53\x53\
\x02\xc4\x3c\xfd\xb8\x40\x3c\x02\x48\x40\xc8\x90\x90\x6c\x6c\x00\
\x02\x00\x1f\x00\x00\x01\x9b\x02\xc4\x00\x09\x00\x10\x00\x00\x01\
\x15\x01\x21\x15\x21\x35\x01\x21\x35\x25\x07\x23\x27\x33\x17\x37\
\x01\x91\xfe\xe8\x01\x22\xfe\x84\x01\x17\xfe\xf7\x01\x49\x6d\x50\
\x6d\x42\x53\x53\x01\xd4\x30\xfe\x97\x3b\x30\x01\x6b\x39\xf0\x90\
\x90\x6c\x6c\x00\x01\x00\x17\xff\x75\x02\x19\x02\xd0\x00\x1d\x00\
\x00\x01\x15\x23\x03\x0e\x01\x23\x22\x27\x37\x16\x33\x32\x36\x37\
\x13\x23\x35\x33\x37\x36\x33\x32\x17\x07\x26\x23\x22\x0f\x01\x01\
\xba\x77\x43\x0d\x45\x49\x2f\x1f\x1b\x18\x1d\x2a\x23\x09\x3f\x6c\
\x77\x1b\x1d\x7b\x37\x28\x22\x18\x21\x47\x13\x16\x01\xa3\x36\xfe\
\xa0\x43\x55\x12\x37\x0d\x39\x31\x01\x52\x36\x90\x9d\x1d\x30\x11\
\x74\x7d\x00\x00\x02\x00\x32\xff\x1a\x01\xf8\x02\xd6\x00\x32\x00\
\x36\x00\x00\x01\x07\x26\x23\x22\x06\x15\x14\x1e\x03\x17\x1e\x06\
\x15\x14\x06\x23\x22\x26\x27\x37\x1e\x01\x33\x32\x36\x35\x34\x2e\
\x03\x27\x2e\x03\x35\x34\x3e\x01\x33\x32\x16\x03\x07\x23\x37\x01\
\xee\x39\x32\x60\x3b\x5c\x13\x16\x33\x1d\x21\x22\x15\x3b\x17\x29\
\x11\x0f\x8a\x5d\x43\x77\x25\x3e\x19\x54\x35\x3d\x60\x15\x1a\x37\
\x23\x24\x2a\x39\x3c\x1f\x47\x63\x38\x43\x6a\x81\x4c\x39\x3e\x02\
\x80\x2e\x47\x46\x3f\x1a\x2a\x18\x1a\x0a\x0b\x0b\x07\x18\x11\x22\
\x22\x32\x1e\x63\x69\x36\x33\x2e\x28\x31\x49\x40\x1d\x2d\x1c\x1b\
\x0c\x0b\x0d\x1a\x2c\x45\x2e\x41\x5b\x27\x31\xfd\x2e\xb9\xb9\x00\
\x02\x00\x26\xff\x1a\x01\x8f\x01\xe0\x00\x26\x00\x2a\x00\x00\x01\
\x07\x2e\x01\x23\x22\x06\x15\x14\x16\x17\x1e\x01\x15\x14\x06\x23\
\x22\x27\x37\x1e\x01\x33\x32\x36\x35\x34\x26\x27\x2e\x03\x35\x34\
\x36\x33\x32\x16\x03\x07\x23\x37\x01\x87\x34\x0f\x3e\x26\x29\x3a\
\x34\x3c\x53\x4f\x67\x49\x7b\x3e\x36\x13\x47\x28\x30\x3e\x41\x49\
\x1a\x26\x2d\x19\x61\x46\x32\x5c\x60\x4c\x39\x3e\x01\x8c\x27\x1e\
\x24\x25\x24\x20\x24\x0c\x11\x42\x36\x4a\x47\x5b\x28\x20\x29\x27\
\x2b\x23\x26\x11\x06\x0e\x1c\x2f\x1f\x43\x45\x2d\xfe\x20\xb9\xb9\
\x00\x00\x00\x00\x02\x00\x0c\xff\x1a\x02\x2e\x02\xc4\x00\x07\x00\
\x0b\x00\x00\x01\x11\x23\x11\x23\x35\x21\x15\x03\x07\x23\x37\x01\
\x41\x48\xed\x02\x22\xdc\x4c\x39\x3e\x02\x84\xfd\x7c\x02\x84\x40\
\x40\xfd\x4f\xb9\xb9\x00\x00\x00\x02\x00\x04\xff\x1a\x01\x2d\x02\
\x58\x00\x15\x00\x19\x00\x00\x01\x15\x23\x11\x14\x16\x33\x32\x37\
\x17\x06\x23\x22\x26\x35\x11\x23\x35\x33\x35\x33\x15\x13\x07\x23\
\x37\x01\x2d\x84\x24\x22\x1d\x1e\x03\x25\x2b\x30\x48\x61\x61\x44\
\x51\x4c\x39\x3e\x01\xd4\x39\xfe\xef\x31\x25\x0f\x3b\x0e\x38\x45\
\x01\x24\x39\x84\x84\xfd\xff\xb9\xb9\x00\x00\x00\x01\xff\xe5\xff\
\x10\x00\xa0\x01\xd4\x00\x0c\x00\x00\x07\x37\x16\x33\x32\x36\x35\
\x11\x33\x11\x14\x23\x22\x1b\x0a\x14\x17\x28\x1a\x44\x85\x1e\xe9\
\x39\x06\x32\x32\x02\x26\xfd\xcf\x93\x00\x00\x00\x01\xff\xe3\x02\
\x34\x01\x0d\x02\xc4\x00\x06\x00\x00\x13\x17\x23\x27\x07\x23\x37\
\xa0\x6d\x42\x53\x53\x42\x6d\x02\xc4\x90\x6c\x6c\x90\x00\x00\x00\
\x01\xff\xe3\x02\x34\x01\x0d\x02\xc4\x00\x06\x00\x00\x01\x07\x23\
\x27\x33\x17\x37\x01\x0d\x6d\x50\x6d\x42\x53\x53\x02\xc4\x90\x90\
\x6c\x6c\x00\x00\x01\xff\xf1\x03\x20\x00\xff\x03\x56\x00\x03\x00\
\x00\x01\x15\x21\x35\x00\xff\xfe\xf2\x03\x56\x36\x36\x00\x00\x00\
\x01\xff\xe5\x02\x40\x01\x0b\x02\xc4\x00\x0b\x00\x00\x13\x33\x0e\
\x01\x22\x26\x27\x33\x1e\x01\x32\x36\xdf\x2c\x04\x51\x7c\x51\x04\
\x2c\x06\x3a\x4e\x3a\x02\xc4\x3d\x47\x47\x3d\x26\x28\x28\x00\x00\
\x01\x00\x48\x02\x58\x00\xa8\x02\xb8\x00\x07\x00\x00\x12\x14\x06\
\x22\x26\x34\x36\x32\xa8\x1d\x26\x1d\x1d\x26\x02\x9c\x28\x1c\x1c\
\x28\x1c\x00\x00\x02\x00\x18\x02\x2b\x00\xd8\x02\xe9\x00\x07\x00\
\x0f\x00\x00\x12\x14\x06\x22\x26\x34\x36\x32\x16\x34\x26\x22\x06\
\x14\x16\x32\xd8\x39\x4e\x39\x39\x4e\x15\x23\x32\x23\x23\x32\x02\
\xb2\x50\x37\x37\x50\x37\x78\x32\x22\x22\x32\x22\x00\x00\x00\x00\
\x01\x00\x1e\xff\x21\x00\xd2\x00\x00\x00\x10\x00\x00\x1f\x01\x06\
\x23\x22\x26\x35\x34\x37\x33\x0e\x01\x15\x14\x16\x33\x32\xbf\x13\
\x26\x34\x24\x36\x59\x30\x29\x24\x1d\x15\x1f\x93\x28\x24\x30\x25\
\x42\x48\x29\x35\x1b\x15\x1b\x00\x01\xff\xd6\x02\x40\x01\x1a\x02\
\xac\x00\x10\x00\x00\x13\x23\x36\x33\x32\x17\x16\x33\x32\x37\x33\
\x06\x23\x22\x26\x23\x22\x01\x2b\x12\x4a\x1b\x2e\x32\x11\x25\x0c\
\x2b\x12\x4a\x1d\x58\x17\x25\x02\x40\x68\x17\x17\x32\x68\x2e\x00\
\x02\xff\xc3\x02\x34\x01\x2d\x02\xc4\x00\x03\x00\x07\x00\x00\x13\
\x07\x23\x37\x21\x07\x23\x37\x83\x85\x3b\x65\x01\x05\x84\x3b\x64\
\x02\xc4\x90\x90\x90\x90\x00\x00\x02\x00\x19\x00\x00\x02\xa1\x02\
\xc4\x00\x05\x00\x08\x00\x00\x29\x01\x35\x01\x33\x01\x27\x0b\x01\
\x02\xa1\xfd\x78\x01\x22\x46\x01\x20\x56\xef\xee\x31\x02\x93\xfd\
\x6d\x10\x02\x32\xfd\xce\x00\x00\x01\x00\x3c\x00\x00\x02\xc9\x02\
\xd6\x00\x21\x00\x00\x01\x22\x06\x15\x14\x16\x17\x15\x21\x35\x33\
\x35\x2e\x01\x35\x34\x36\x33\x32\x16\x15\x14\x06\x07\x15\x33\x15\
\x21\x35\x3e\x01\x35\x34\x26\x01\x83\x76\x85\x67\x58\xfe\xfc\xca\
\x62\x6f\xbc\x8b\x8d\xb9\x6e\x63\xca\xfe\xfc\x5a\x65\x83\x02\x97\
\x93\x6e\x63\x82\x16\x9b\x3c\x2e\x1f\x9f\x6d\x93\xae\xb0\x91\x6d\
\x9f\x1f\x2e\x3c\x9b\x16\x83\x62\x6c\x95\x00\x00\x01\x00\x5a\xff\
\x10\x02\x28\x01\xd4\x00\x1d\x00\x00\x13\x33\x11\x14\x33\x32\x36\
\x3d\x01\x33\x11\x14\x16\x33\x32\x37\x17\x06\x23\x22\x27\x23\x0e\
\x01\x23\x22\x27\x23\x11\x23\x5a\x44\x7c\x45\x4c\x44\x0b\x11\x0d\
\x0d\x03\x17\x16\x49\x02\x02\x14\x5a\x31\x50\x1f\x02\x44\x01\xd4\
\xfe\xfa\xa1\x68\x4c\xf3\xfe\x8b\x17\x14\x05\x38\x07\x56\x29\x33\
\x30\xfe\xec\x00\x01\x00\x28\xff\xfa\x02\x54\x01\xd4\x00\x14\x00\
\x00\x01\x11\x14\x33\x32\x37\x17\x06\x23\x22\x26\x35\x11\x23\x03\
\x23\x13\x23\x35\x21\x15\x01\xdc\x32\x11\x14\x03\x1c\x16\x41\x2a\
\xb7\x3e\x44\x41\x79\x02\x2c\x01\x98\xfe\xd9\x3d\x05\x38\x07\x3b\
\x42\x01\x21\xfe\x68\x01\x98\x3c\x3c\x00\x00\x00\x02\x00\x5e\x00\
\x00\x02\x21\x03\x8c\x00\x0b\x00\x0f\x00\x00\x33\x11\x21\x15\x21\
\x15\x21\x15\x21\x11\x21\x15\x03\x27\x33\x17\x5e\x01\xb7\xfe\x91\
\x01\x57\xfe\xa9\x01\x7b\xe5\x84\x5b\x64\x02\xc4\x40\xf4\x3f\xfe\
\xef\x40\x02\xfc\x90\x90\x00\x00\x03\x00\x5e\x00\x00\x02\x21\x03\
\x82\x00\x0b\x00\x13\x00\x1b\x00\x00\x33\x11\x21\x15\x21\x15\x21\
\x15\x21\x11\x21\x15\x00\x34\x36\x32\x16\x14\x06\x22\x36\x34\x36\
\x32\x16\x14\x06\x22\x5e\x01\xb7\xfe\x91\x01\x57\xfe\xa9\x01\x7b\
\xfe\x88\x1d\x2c\x1d\x1d\x2c\xa3\x1d\x2c\x1d\x1d\x2c\x02\xc4\x40\
\xf4\x3f\xfe\xef\x40\x03\x3b\x28\x1f\x1f\x28\x1f\x1f\x28\x1f\x1f\
\x28\x1f\x00\x00\x01\x00\x0c\xff\xf7\x02\xed\x02\xc4\x00\x1b\x00\
\x00\x05\x22\x27\x37\x16\x33\x32\x36\x34\x26\x23\x22\x07\x11\x23\
\x11\x23\x35\x21\x15\x23\x15\x36\x33\x32\x16\x14\x06\x01\xf2\x2d\
\x26\x0b\x1e\x24\x58\x60\x61\x5f\x68\x3b\x48\xed\x02\x22\xed\x4d\
\x5a\x7a\x8b\x87\x09\x08\x3f\x07\x49\x92\x4f\x18\xfe\xb7\x02\x84\
\x40\x40\xfb\x16\x6d\xd0\x6b\x00\x02\x00\x5e\x00\x00\x01\xf0\x03\
\x8c\x00\x05\x00\x09\x00\x00\x33\x11\x21\x15\x21\x11\x01\x07\x23\
\x37\x5e\x01\x92\xfe\xb6\x01\x11\x84\x3b\x64\x02\xc4\x40\xfd\x7c\
\x03\x8c\x90\x90\x00\x00\x00\x00\x01\x00\x38\xff\xee\x02\xb2\x02\
\xd6\x00\x1a\x00\x00\x05\x22\x26\x10\x36\x33\x32\x16\x17\x07\x2e\
\x01\x23\x22\x06\x07\x21\x15\x21\x1e\x01\x33\x32\x37\x17\x0e\x01\
\x01\xa9\xa0\xd1\xd2\x9f\x4e\x89\x25\x3c\x19\x67\x3f\x78\x9c\x0f\
\x01\x63\xfe\x9b\x05\xa1\x7f\x8a\x46\x38\x26\x89\x12\xd3\x01\x42\
\xd3\x3d\x33\x2c\x26\x37\x96\x71\x3f\x7b\xa9\x69\x24\x3a\x4a\x00\
\x01\x00\x32\xff\xee\x01\xf8\x02\xd6\x00\x32\x00\x00\x05\x22\x26\
\x27\x37\x1e\x01\x33\x32\x36\x35\x34\x2e\x03\x27\x2e\x03\x35\x34\
\x3e\x01\x33\x32\x16\x17\x07\x26\x23\x22\x06\x15\x14\x1e\x03\x17\
\x1e\x06\x15\x14\x06\x01\x11\x43\x77\x25\x3e\x19\x54\x35\x3d\x60\
\x15\x1a\x37\x23\x24\x2a\x39\x3c\x1f\x47\x63\x38\x43\x6a\x1b\x39\
\x32\x60\x3b\x5c\x13\x16\x33\x1d\x21\x22\x15\x3b\x17\x29\x11\x0f\
\x8a\x12\x36\x33\x2e\x28\x31\x49\x40\x1d\x2d\x1c\x1b\x0c\x0b\x0d\
\x1a\x2c\x45\x2e\x41\x5b\x27\x31\x25\x2e\x47\x46\x3f\x1a\x2a\x18\
\x1a\x0a\x0b\x0b\x07\x18\x11\x22\x22\x32\x1e\x63\x69\x00\x00\x00\
\x01\x00\x5e\x00\x00\x00\xa6\x02\xc4\x00\x03\x00\x00\x33\x11\x33\
\x11\x5e\x48\x02\xc4\xfd\x3c\x00\x03\xff\xef\x00\x00\x01\x15\x03\
\x82\x00\x03\x00\x0b\x00\x13\x00\x00\x33\x11\x33\x11\x02\x34\x36\
\x32\x16\x14\x06\x22\x36\x34\x36\x32\x16\x14\x06\x22\x5e\x48\xb7\
\x1d\x2c\x1d\x1d\x2c\xa3\x1d\x2c\x1d\x1d\x2c\x02\xc4\xfd\x3c\x03\
\x3b\x28\x1f\x1f\x28\x1f\x1f\x28\x1f\x1f\x28\x1f\x00\x00\x00\x00\
\x01\x00\x19\xff\xee\x01\x94\x02\xc4\x00\x11\x00\x00\x17\x22\x26\
\x27\x37\x1e\x01\x33\x32\x35\x11\x33\x11\x14\x0e\x03\xd7\x4b\x66\
\x0d\x43\x09\x3d\x2d\x7d\x48\x09\x1a\x29\x44\x12\x50\x40\x12\x2b\
\x38\xa4\x01\xf3\xfe\x08\x1e\x39\x3d\x2d\x1d\x00\x02\x00\x01\xff\
\xf9\x04\x01\x02\xc4\x00\x18\x00\x20\x00\x00\x17\x22\x27\x37\x16\
\x33\x32\x3e\x01\x3d\x01\x21\x11\x33\x32\x16\x14\x06\x2b\x01\x11\
\x21\x15\x10\x06\x25\x33\x32\x35\x34\x26\x2b\x01\x45\x24\x20\x0d\
\x1a\x11\x3d\x47\x21\x01\xa8\x7c\x75\x8a\x87\x76\xc6\xfe\xe6\x64\
\x01\xc6\x76\xbc\x61\x5b\x76\x07\x09\x41\x08\x60\xd7\xb9\x99\xfe\
\xcd\x67\xc4\x66\x02\x85\x7e\xfe\xf1\xff\x45\x89\x44\x48\x00\x00\
\x02\x00\x5e\x00\x00\x03\xeb\x02\xc4\x00\x11\x00\x19\x00\x00\x33\
\x11\x33\x11\x21\x11\x33\x11\x33\x32\x16\x14\x06\x2b\x01\x11\x21\
\x11\x25\x33\x32\x35\x34\x26\x2b\x01\x5e\x48\x01\x82\x48\x7c\x75\
\x8a\x87\x76\xc6\xfe\x7e\x01\xca\x76\xbc\x61\x5b\x76\x02\xc4\xfe\
\xcd\x01\x33\xfe\xcd\x67\xc4\x66\x01\x53\xfe\xad\x3e\x89\x44\x48\
\x00\x00\x00\x00\x01\x00\x0c\x00\x00\x02\xca\x02\xc4\x00\x14\x00\
\x00\x33\x11\x23\x35\x21\x15\x23\x15\x36\x33\x32\x16\x1d\x01\x23\
\x35\x34\x23\x22\x07\x11\xf9\xed\x02\x22\xed\x4d\x57\x75\x70\x48\
\x9a\x71\x36\x02\x84\x40\x40\xfb\x16\x5e\x61\xe0\xd9\x86\x16\xfe\
\xb7\x00\x00\x00\x02\x00\x5e\x00\x00\x02\x73\x03\x8c\x00\x0c\x00\
\x10\x00\x00\x33\x11\x33\x11\x33\x01\x33\x09\x01\x23\x01\x23\x11\
\x01\x07\x23\x37\x5e\x48\x01\x01\x51\x67\xfe\x9b\x01\x79\x6a\xfe\
\x9e\x01\x01\x39\x84\x3b\x64\x02\xc4\xfe\xc2\x01\x3e\xfe\xbf\xfe\
\x7d\x01\x79\xfe\x87\x03\x8c\x90\x90\x00\x00\x00\x02\x00\x5e\x00\
\x00\x02\x7f\x03\x8c\x00\x0b\x00\x0f\x00\x00\x33\x11\x33\x11\x33\
\x01\x33\x11\x23\x11\x23\x01\x13\x27\x33\x17\x5e\x48\x02\x01\x86\
\x51\x48\x02\xfe\x7a\xb5\x84\x5b\x64\x02\xc4\xfd\xac\x02\x54\xfd\
\x3c\x02\x5a\xfd\xa6\x02\xfc\x90\x90\x00\x00\x00\x02\x00\x03\xff\
\xf8\x02\x6e\x03\x91\x00\x11\x00\x1d\x00\x00\x17\x22\x27\x37\x16\
\x33\x32\x36\x3f\x01\x01\x33\x1b\x01\x33\x01\x0e\x01\x12\x22\x26\
\x27\x37\x1e\x01\x32\x36\x37\x17\x06\x80\x22\x1d\x0b\x16\x1d\x22\
\x2f\x17\x2f\xfe\xed\x54\xe7\xe1\x4f\xfe\xb7\x22\x4a\xc1\x7a\x4f\
\x06\x2e\x07\x37\x4c\x37\x07\x2e\x06\x08\x06\x44\x08\x26\x29\x57\
\x01\xe4\xfe\x65\x01\x9b\xfd\xad\x3c\x3d\x03\x10\x45\x3b\x09\x26\
\x2d\x2d\x26\x09\x3b\x00\x00\x00\x01\x00\x5e\xff\x52\x02\x70\x02\
\xc4\x00\x0b\x00\x00\x05\x35\x23\x11\x33\x11\x21\x11\x33\x11\x23\
\x15\x01\x45\xe7\x48\x01\x82\x48\xe7\xae\xae\x02\xc4\xfd\x7c\x02\
\x84\xfd\x3c\xae\x00\x00\x00\x00\x02\x00\x0a\x00\x00\x02\xb2\x02\
\xc4\x00\x07\x00\x0a\x00\x00\x33\x01\x33\x01\x23\x27\x21\x07\x37\
\x21\x03\x0a\x01\x32\x46\x01\x30\x50\x4e\xfe\x92\x4d\x68\x01\x38\
\x9c\x02\xc4\xfd\x3c\xba\xba\xfc\x01\x78\x00\x00\x02\x00\x5e\x00\
\x00\x02\x32\x02\xc4\x00\x0b\x00\x13\x00\x00\x33\x11\x21\x15\x21\
\x15\x33\x32\x16\x14\x06\x23\x27\x33\x32\x35\x34\x26\x2b\x01\x5e\
\x01\xa5\xfe\xa3\x8d\x75\x8a\x87\x76\x8f\x87\xbc\x61\x5b\x87\x02\
\xc4\x40\xf3\x67\xc4\x66\x3e\x89\x44\x48\x00\x00\x03\x00\x5e\x00\
\x00\x02\x38\x02\xc4\x00\x11\x00\x1a\x00\x22\x00\x00\x33\x11\x33\
\x32\x1e\x02\x15\x14\x06\x07\x15\x1e\x01\x15\x14\x06\x23\x27\x33\
\x32\x36\x35\x34\x26\x2b\x01\x35\x33\x32\x36\x34\x26\x2b\x01\x5e\
\xd3\x2c\x4c\x44\x28\x45\x38\x47\x59\x8e\x7a\x8a\x86\x55\x6e\x5e\
\x58\x93\x91\x3d\x59\x5e\x4c\x7d\x02\xc4\x11\x27\x4a\x33\x38\x53\
\x0d\x02\x08\x5e\x4b\x59\x6b\x3e\x44\x46\x45\x46\x3b\x3c\x80\x3c\
\x00\x00\x00\x00\x01\x00\x5e\x00\x00\x01\xf0\x02\xc4\x00\x05\x00\
\x00\x33\x11\x21\x15\x21\x11\x5e\x01\x92\xfe\xb6\x02\xc4\x40\xfd\
\x7c\x00\x00\x00\x02\x00\x10\xff\x52\x02\xc8\x02\xc4\x00\x0d\x00\
\x13\x00\x00\x17\x35\x33\x36\x11\x35\x21\x11\x33\x15\x23\x35\x21\
\x15\x37\x21\x11\x21\x15\x10\x10\x39\x7c\x01\xb3\x50\x44\xfd\xd0\
\x50\x01\x8c\xfe\xdb\xae\xee\x81\x01\x43\xc0\xfd\x7c\xee\xae\xae\
\xee\x02\x44\x80\xfe\xc7\x00\x00\x01\x00\x5e\x00\x00\x02\x21\x02\
\xc4\x00\x0b\x00\x00\x33\x11\x21\x15\x21\x15\x21\x15\x21\x11\x21\
\x15\x5e\x01\xb7\xfe\x91\x01\x57\xfe\xa9\x01\x7b\x02\xc4\x40\xf4\
\x3f\xfe\xef\x40\x00\x00\x00\x00\x01\x00\x01\x00\x00\x03\xc9\x02\
\xc4\x00\x15\x00\x00\x33\x09\x01\x33\x01\x33\x11\x33\x11\x33\x01\
\x33\x09\x01\x23\x01\x23\x11\x23\x11\x23\x01\x01\x01\x6c\xfe\xa8\
\x67\x01\x44\x01\x48\x01\x01\x44\x67\xfe\xa8\x01\x6c\x6a\xfe\xab\
\x01\x48\x01\xfe\xab\x01\x83\x01\x41\xfe\xc2\x01\x3e\xfe\xc2\x01\
\x3e\xfe\xbf\xfe\x7d\x01\x79\xfe\x87\x01\x79\xfe\x87\x00\x00\x00\
\x01\x00\x1e\xff\xee\x02\x02\x02\xd6\x00\x28\x00\x00\x05\x22\x26\
\x27\x37\x1e\x01\x33\x32\x36\x35\x34\x26\x2b\x01\x35\x33\x32\x36\
\x35\x34\x26\x23\x22\x07\x27\x3e\x01\x33\x32\x16\x15\x14\x06\x07\
\x15\x1e\x01\x15\x14\x06\x01\x0a\x46\x7e\x28\x3e\x19\x5d\x39\x45\
\x69\x72\x53\x29\x29\x4f\x60\x5c\x3d\x66\x33\x37\x1c\x6a\x47\x66\
\x7a\x47\x39\x43\x58\x90\x12\x36\x33\x2e\x27\x32\x54\x44\x4a\x45\
\x3e\x42\x47\x35\x4a\x47\x2d\x26\x31\x64\x5b\x3d\x56\x0f\x02\x0d\
\x5e\x44\x62\x74\x00\x00\x00\x00\x01\x00\x5e\x00\x00\x02\x7f\x02\
\xc4\x00\x0b\x00\x00\x33\x11\x33\x11\x33\x01\x33\x11\x23\x11\x23\
\x01\x5e\x48\x02\x01\x86\x51\x48\x02\xfe\x7a\x02\xc4\xfd\xac\x02\
\x54\xfd\x3c\x02\x5a\xfd\xa6\x00\x02\x00\x5e\x00\x00\x02\x7f\x03\
\x91\x00\x0b\x00\x17\x00\x00\x33\x11\x33\x11\x33\x01\x33\x11\x23\
\x11\x23\x01\x12\x22\x26\x27\x37\x1e\x01\x32\x36\x37\x17\x06\x5e\
\x48\x02\x01\x86\x51\x48\x02\xfe\x7a\xfc\x7a\x4f\x06\x2e\x07\x37\
\x4c\x37\x07\x2e\x06\x02\xc4\xfd\xac\x02\x54\xfd\x3c\x02\x5a\xfd\
\xa6\x03\x08\x45\x3b\x09\x26\x2d\x2d\x26\x09\x3b\x00\x00\x00\x00\
\x01\x00\x5e\x00\x00\x02\x73\x02\xc4\x00\x0c\x00\x00\x33\x11\x33\
\x11\x33\x01\x33\x09\x01\x23\x01\x23\x11\x5e\x48\x01\x01\x51\x67\
\xfe\x9b\x01\x79\x6a\xfe\x9e\x01\x02\xc4\xfe\xc2\x01\x3e\xfe\xbf\
\xfe\x7d\x01\x79\xfe\x87\x00\x00\x01\x00\x01\xff\xf9\x02\x86\x02\
\xc4\x00\x12\x00\x00\x17\x22\x27\x37\x16\x33\x32\x3e\x01\x3d\x01\
\x21\x11\x23\x11\x21\x15\x10\x06\x45\x24\x20\x0d\x1a\x11\x3d\x47\
\x21\x01\xa8\x48\xfe\xe6\x64\x07\x09\x41\x08\x60\xd7\xb9\x99\xfd\
\x3c\x02\x85\x7e\xfe\xf1\xff\x00\x01\x00\x5e\x00\x00\x03\x18\x02\
\xc4\x00\x0f\x00\x00\x33\x11\x33\x13\x33\x13\x33\x11\x23\x11\x23\
\x01\x23\x01\x23\x11\x5e\x6e\xf0\x01\xed\x6e\x48\x02\xff\x00\x26\
\xff\x00\x02\x02\xc4\xfd\xb6\x02\x4a\xfd\x3c\x02\x67\xfd\x99\x02\
\x67\xfd\x99\x00\x01\x00\x5e\x00\x00\x02\x70\x02\xc4\x00\x0b\x00\
\x00\x33\x11\x33\x11\x21\x11\x33\x11\x23\x11\x21\x11\x5e\x48\x01\
\x82\x48\x48\xfe\x7e\x02\xc4\xfe\xcd\x01\x33\xfd\x3c\x01\x4f\xfe\
\xb1\x00\x00\x00\x02\x00\x38\xff\xee\x03\x1a\x02\xd6\x00\x07\x00\
\x0f\x00\x00\x04\x20\x26\x10\x36\x20\x16\x10\x04\x20\x36\x10\x26\
\x20\x06\x10\x02\x48\xfe\xc2\xd2\xd2\x01\x3e\xd2\xfe\x0b\x01\x08\
\xa1\xa1\xfe\xf8\xa1\x12\xd3\x01\x42\xd3\xd3\xfe\xbe\x93\xb3\x01\
\x02\xb4\xb4\xfe\xfe\x00\x00\x00\x01\x00\x5e\x00\x00\x02\x70\x02\
\xc4\x00\x07\x00\x00\x33\x11\x21\x11\x23\x11\x21\x11\x5e\x02\x12\
\x48\xfe\x7e\x02\xc4\xfd\x3c\x02\x84\xfd\x7c\x00\x02\x00\x5e\x00\
\x00\x02\x15\x02\xc4\x00\x09\x00\x11\x00\x00\x33\x11\x33\x32\x16\
\x14\x06\x2b\x01\x19\x01\x33\x32\x36\x35\x34\x2b\x01\x5e\xc8\x6f\
\x80\x82\x6f\x7e\x7a\x54\x59\xad\x7a\x02\xc4\x60\xba\x61\xfe\xb7\
\x01\x86\x42\x3f\x7f\x00\x00\x00\x01\x00\x38\xff\xee\x02\xb2\x02\
\xd6\x00\x16\x00\x00\x05\x22\x26\x10\x36\x33\x32\x16\x17\x07\x2e\
\x01\x23\x22\x06\x10\x16\x33\x32\x37\x17\x0e\x01\x01\xa9\xa0\xd1\
\xd2\x9f\x4e\x89\x25\x3c\x19\x67\x3f\x85\xa1\xa2\x84\x8a\x46\x38\
\x26\x89\x12\xd3\x01\x42\xd3\x3d\x33\x2c\x26\x37\xb4\xfe\xfe\xb4\
\x69\x24\x3a\x4a\x00\x00\x00\x00\x01\x00\x0c\x00\x00\x02\x2e\x02\
\xc4\x00\x07\x00\x00\x33\x11\x23\x35\x21\x15\x23\x11\xf9\xed\x02\
\x22\xed\x02\x84\x40\x40\xfd\x7c\x00\x00\x00\x00\x01\x00\x03\xff\
\xf8\x02\x6e\x02\xc4\x00\x11\x00\x00\x17\x22\x27\x37\x16\x33\x32\
\x36\x3f\x01\x01\x33\x1b\x01\x33\x01\x0e\x01\x80\x22\x1d\x0b\x16\
\x1d\x22\x2f\x17\x2f\xfe\xed\x54\xe7\xe1\x4f\xfe\xb7\x22\x4a\x08\
\x06\x44\x08\x26\x29\x57\x01\xe4\xfe\x65\x01\x9b\xfd\xad\x3c\x3d\
\x00\x00\x00\x00\x03\x00\x32\xff\xed\x03\x16\x02\xd6\x00\x11\x00\
\x18\x00\x1f\x00\x00\x05\x35\x2e\x01\x35\x34\x36\x37\x35\x33\x15\
\x1e\x01\x15\x14\x06\x07\x15\x27\x11\x0e\x01\x15\x14\x16\x17\x3e\
\x01\x35\x34\x26\x27\x01\x80\x98\xb6\xb9\x95\x48\x95\xb9\xb6\x98\
\x48\x7a\x88\x85\xc5\x7d\x85\x88\x7a\x13\x55\x02\xa6\x83\x86\xa0\
\x04\x3f\x3f\x04\xa0\x86\x83\xa6\x02\x55\x94\x01\xd7\x04\x83\x65\
\x68\x7c\x07\x07\x7c\x68\x65\x83\x04\x00\x00\x00\x01\x00\x13\x00\
\x00\x02\x76\x02\xc4\x00\x0b\x00\x00\x33\x01\x03\x33\x1b\x01\x33\
\x03\x01\x23\x0b\x01\x13\x01\x04\xed\x5a\xc2\xc1\x56\xeb\x01\x04\
\x5a\xd8\xd7\x01\x74\x01\x50\xfe\xe2\x01\x1e\xfe\xaf\xfe\x8d\x01\
\x3f\xfe\xc1\x00\x01\x00\x5e\xff\x52\x02\xc0\x02\xc4\x00\x0b\x00\
\x00\x05\x35\x21\x11\x33\x11\x21\x11\x33\x11\x33\x15\x02\x7c\xfd\
\xe2\x48\x01\x82\x48\x50\xae\xae\x02\xc4\xfd\x7c\x02\x84\xfd\x7c\
\xee\x00\x00\x00\x01\x00\x51\x00\x00\x02\x22\x02\xc4\x00\x10\x00\
\x00\x21\x11\x06\x23\x22\x26\x3d\x01\x33\x15\x14\x33\x32\x37\x11\
\x33\x11\x01\xda\x4d\x57\x75\x70\x48\x9a\x71\x36\x48\x01\x27\x16\
\x5e\x61\xf4\xed\x86\x16\x01\x5d\xfd\x3c\x00\x00\x01\x00\x5e\x00\
\x00\x03\xbc\x02\xc4\x00\x0b\x00\x00\x33\x11\x33\x11\x21\x11\x33\
\x11\x21\x11\x33\x11\x5e\x48\x01\x43\x48\x01\x43\x48\x02\xc4\xfd\
\x7c\x02\x84\xfd\x7c\x02\x84\xfd\x3c\x00\x00\x00\x01\x00\x5e\xff\
\x52\x04\x0c\x02\xc4\x00\x0f\x00\x00\x05\x35\x21\x11\x33\x11\x21\
\x11\x33\x11\x21\x11\x33\x11\x33\x15\x03\xc8\xfc\x96\x48\x01\x43\
\x48\x01\x43\x48\x50\xae\xae\x02\xc4\xfd\x7c\x02\x84\xfd\x7c\x02\
\x84\xfd\x7c\xee\x00\x00\x00\x00\x02\x00\x0c\x00\x00\x02\x85\x02\
\xc4\x00\x0b\x00\x13\x00\x00\x33\x11\x23\x35\x33\x11\x33\x32\x16\
\x14\x06\x23\x27\x33\x32\x35\x34\x26\x2b\x01\xc2\xb6\xfe\x7c\x75\
\x8a\x87\x76\x7e\x76\xbc\x61\x5b\x76\x02\x84\x40\xfe\xcd\x67\xc4\
\x66\x3e\x89\x44\x48\x00\x00\x00\x03\x00\x5e\x00\x00\x02\xd4\x02\
\xc4\x00\x09\x00\x11\x00\x15\x00\x00\x33\x11\x33\x11\x33\x32\x16\
\x14\x06\x23\x27\x33\x32\x35\x34\x26\x2b\x01\x01\x11\x33\x11\x5e\
\x48\x7c\x75\x8a\x87\x76\x7e\x76\xbc\x61\x5b\x76\x01\xe6\x48\x02\
\xc4\xfe\xcd\x67\xc4\x66\x3e\x89\x44\x48\xfe\xad\x02\xc4\xfd\x3c\
\x00\x00\x00\x00\x02\x00\x5e\x00\x00\x02\x21\x02\xc4\x00\x09\x00\
\x11\x00\x00\x33\x11\x33\x11\x33\x32\x16\x14\x06\x23\x27\x33\x32\
\x35\x34\x26\x2b\x01\x5e\x48\x7c\x75\x8a\x87\x76\x7e\x76\xbc\x61\
\x5b\x76\x02\xc4\xfe\xcd\x67\xc4\x66\x3e\x89\x44\x48\x00\x00\x00\
\x01\x00\x1e\xff\xee\x02\x98\x02\xd6\x00\x1a\x00\x00\x05\x22\x26\
\x27\x37\x16\x33\x32\x36\x37\x21\x35\x21\x2e\x01\x23\x22\x06\x07\
\x27\x3e\x01\x33\x32\x16\x10\x06\x01\x27\x5a\x89\x26\x38\x46\x8a\
\x7f\xa1\x05\xfe\x9b\x01\x63\x0f\x9c\x78\x3f\x67\x19\x3c\x25\x89\
\x4e\x9f\xd2\xd1\x12\x4a\x3a\x24\x69\xa9\x7b\x3f\x71\x96\x37\x26\
\x2c\x33\x3d\xd3\xfe\xbe\xd3\x00\x02\x00\x5e\xff\xee\x03\xec\x02\
\xd6\x00\x11\x00\x1b\x00\x00\x05\x22\x26\x27\x23\x11\x23\x11\x33\
\x11\x33\x3e\x01\x33\x32\x16\x10\x06\x27\x32\x36\x34\x26\x23\x22\
\x06\x14\x16\x02\x96\x93\xbd\x06\x9a\x48\x48\x9c\x0f\xba\x8b\x97\
\xbf\xbf\x97\x7a\x90\x90\x7a\x7b\x8f\x8f\x12\xca\x99\xfe\xaf\x02\
\xc4\xfe\xcc\x8e\xb8\xd5\xfe\xc2\xd5\x40\xb5\xfe\xb6\xb6\xfe\xb5\
\x00\x00\x00\x00\x02\x00\x27\x00\x00\x01\xfa\x02\xc4\x00\x0d\x00\
\x15\x00\x00\x33\x13\x2e\x01\x35\x34\x36\x3b\x01\x11\x23\x11\x23\
\x03\x13\x33\x11\x23\x22\x15\x14\x16\x27\xc0\x53\x5d\x87\x76\xc6\
\x48\x7d\xb6\xbd\x76\x76\xbc\x61\x01\x39\x0f\x63\x51\x62\x66\xfd\
\x3c\x01\x33\xfe\xcd\x01\x71\x01\x15\x89\x44\x48\x00\x00\x00\x00\
\x02\x00\x37\xff\xf4\x01\xc9\x01\xe0\x00\x1d\x00\x2a\x00\x00\x17\
\x22\x26\x35\x34\x3e\x04\x33\x35\x34\x23\x22\x07\x27\x36\x33\x32\
\x16\x1d\x01\x14\x17\x23\x26\x35\x23\x06\x27\x32\x36\x3d\x01\x23\
\x22\x0e\x02\x15\x14\x16\xd9\x3f\x63\x18\x30\x38\x52\x47\x31\x7d\
\x54\x37\x26\x43\x75\x50\x66\x08\x3d\x07\x02\x3d\x5b\x45\x51\x14\
\x30\x4b\x4b\x2a\x40\x0c\x47\x47\x23\x35\x22\x15\x0b\x03\x0f\x79\
\x37\x2d\x43\x58\x52\xcd\x3f\x2a\x28\x24\x58\x38\x5a\x41\x23\x07\
\x14\x2a\x20\x2e\x2b\x00\x00\x00\x02\x00\x41\xff\xf4\x02\x33\x03\
\x00\x00\x1d\x00\x28\x00\x00\x05\x22\x27\x26\x35\x34\x3e\x02\x3f\
\x01\x3e\x01\x37\x17\x0e\x01\x0f\x01\x0e\x01\x07\x33\x36\x33\x32\
\x16\x15\x14\x06\x27\x32\x36\x34\x26\x23\x22\x06\x15\x14\x16\x01\
\x39\x8c\x40\x2c\x0f\x2b\x58\x44\x8e\x24\x29\x07\x31\x0b\x33\x32\
\x85\x68\x52\x02\x03\x3b\x93\x67\x82\x8d\x6d\x50\x62\x62\x50\x4f\
\x62\x62\x0c\x62\x43\x9a\x5e\x7b\x70\x3d\x08\x11\x04\x14\x16\x0f\
\x28\x27\x07\x11\x0d\x75\x9f\x77\x8b\x6b\x6a\x8c\x3a\x6b\xa2\x6c\
\x6c\x51\x50\x6c\x00\x00\x00\x00\x03\x00\x5a\x00\x00\x01\xe3\x01\
\xd4\x00\x0f\x00\x17\x00\x1f\x00\x00\x33\x11\x33\x32\x16\x15\x14\
\x06\x07\x15\x1e\x01\x15\x14\x06\x23\x27\x33\x32\x36\x35\x34\x2b\
\x01\x35\x33\x32\x36\x35\x34\x2b\x01\x5a\xdb\x40\x57\x2d\x25\x2f\
\x3a\x5e\x50\x97\x8f\x31\x3f\x68\x97\x95\x23\x33\x62\x89\x01\xd4\
\x38\x40\x25\x37\x08\x01\x05\x3e\x32\x3b\x47\x3a\x26\x28\x4f\x38\
\x22\x24\x47\x00\x01\x00\x5a\x00\x00\x01\x90\x01\xd4\x00\x05\x00\
\x00\x33\x11\x21\x15\x23\x11\x5a\x01\x36\xf2\x01\xd4\x39\xfe\x65\
\x00\x00\x00\x00\x02\x00\x18\xff\x68\x02\x38\x01\xd4\x00\x0d\x00\
\x13\x00\x00\x17\x35\x33\x36\x3d\x01\x21\x11\x33\x15\x23\x35\x21\
\x15\x37\x21\x11\x23\x15\x14\x18\x36\x4b\x01\x54\x4b\x3f\xfe\x5e\
\x44\x01\x0f\xcf\x98\xd3\x60\xbd\x7c\xfe\x67\xd3\x98\x98\xd3\x01\
\x60\x56\x97\x00\x02\x00\x38\xff\xf4\x02\x04\x01\xe0\x00\x14\x00\
\x1b\x00\x00\x05\x22\x26\x35\x34\x36\x33\x32\x16\x15\x14\x07\x21\
\x1e\x01\x33\x32\x36\x37\x17\x06\x01\x21\x2e\x01\x23\x22\x06\x01\
\x2a\x68\x8a\x88\x64\x6a\x76\x01\xfe\x7c\x02\x62\x47\x31\x50\x15\
\x33\x4e\xfe\xdb\x01\x3f\x03\x51\x47\x42\x5d\x0c\x8c\x6a\x69\x8d\
\x83\x65\x14\x0c\x47\x63\x2f\x22\x28\x63\x01\x1a\x44\x55\x5b\x00\
\x01\x00\x09\x00\x00\x02\xdf\x01\xd4\x00\x15\x00\x00\x33\x37\x27\
\x33\x17\x33\x35\x33\x15\x33\x37\x33\x07\x17\x23\x27\x23\x15\x23\
\x35\x23\x07\x09\xf5\xdd\x62\xcc\x03\x44\x03\xcc\x62\xdd\xf5\x64\
\xe2\x03\x44\x03\xe2\xf4\xe0\xdd\xdd\xdd\xdd\xe0\xf4\xec\xec\xec\
\xec\x00\x00\x00\x01\x00\x1e\xff\xf4\x01\x9c\x01\xe0\x00\x27\x00\
\x00\x17\x22\x27\x37\x1e\x01\x33\x32\x36\x35\x34\x26\x2b\x01\x35\
\x33\x32\x36\x35\x34\x23\x22\x06\x07\x27\x3e\x01\x33\x32\x16\x15\
\x14\x06\x07\x15\x1e\x01\x15\x14\x06\xe6\x89\x3f\x38\x12\x50\x2d\
\x30\x43\x51\x3a\x20\x1e\x38\x45\x6d\x24\x42\x12\x35\x17\x5e\x3a\
\x4d\x62\x37\x2b\x33\x3f\x65\x0c\x5c\x28\x20\x2a\x29\x2e\x2a\x29\
\x36\x28\x2b\x46\x24\x1d\x26\x27\x2d\x43\x3b\x27\x3b\x09\x02\x08\
\x3e\x2d\x42\x4c\x00\x00\x00\x00\x01\x00\x5a\x00\x00\x01\xfe\x01\
\xd4\x00\x0b\x00\x00\x33\x11\x33\x11\x33\x01\x33\x11\x23\x11\x23\
\x01\x5a\x44\x01\x01\x15\x4a\x43\x02\xfe\xeb\x01\xd4\xfe\x8a\x01\
\x76\xfe\x2c\x01\x7a\xfe\x86\x00\x02\x00\x5a\x00\x00\x01\xfe\x02\
\xc9\x00\x0b\x00\x17\x00\x00\x33\x11\x33\x11\x33\x01\x33\x11\x23\
\x11\x23\x01\x12\x22\x26\x27\x37\x1e\x01\x32\x36\x37\x17\x06\x5a\
\x44\x01\x01\x15\x4a\x43\x02\xfe\xeb\xc1\x7a\x4f\x06\x2e\x07\x37\
\x4c\x37\x07\x2e\x06\x01\xd4\xfe\x8a\x01\x76\xfe\x2c\x01\x7a\xfe\
\x86\x02\x40\x45\x3b\x09\x26\x2d\x2d\x26\x09\x3b\x00\x00\x00\x00\
\x01\x00\x5c\x00\x00\x01\xf5\x01\xd4\x00\x0c\x00\x00\x33\x11\x33\
\x15\x33\x37\x33\x07\x05\x23\x27\x23\x15\x5c\x44\x03\xd8\x62\xec\
\x01\x04\x64\xee\x03\x01\xd4\xdd\xdd\xe0\xf4\xec\xec\x00\x00\x00\
\x01\x00\x09\xff\xfb\x01\xec\x01\xd4\x00\x11\x00\x00\x17\x22\x27\
\x37\x16\x33\x32\x36\x3d\x01\x21\x11\x23\x11\x23\x15\x14\x06\x3c\
\x1d\x16\x08\x0f\x11\x37\x35\x01\x4f\x44\xc9\x4b\x05\x06\x3b\x05\
\x75\x8a\x9e\xfe\x2c\x01\x9b\x7d\x8d\x96\x00\x00\x01\x00\x5a\x00\
\x00\x02\x78\x01\xd4\x00\x0f\x00\x00\x33\x11\x33\x13\x33\x13\x33\
\x11\x23\x11\x23\x03\x23\x03\x23\x11\x5a\x62\xad\x01\xac\x62\x44\
\x02\xb8\x23\xb8\x01\x01\xd4\xfe\x91\x01\x6f\xfe\x2c\x01\x83\xfe\
\x7d\x01\x83\xfe\x7d\x00\x00\x00\x01\x00\x5a\x00\x00\x01\xef\x01\
\xd4\x00\x0b\x00\x00\x33\x11\x33\x15\x21\x35\x33\x11\x23\x35\x21\
\x15\x5a\x44\x01\x0d\x44\x44\xfe\xf3\x01\xd4\xc4\xc4\xfe\x2c\xd7\
\xd7\x00\x00\x00\x02\x00\x38\xff\xf4\x02\x2b\x01\xe0\x00\x09\x00\
\x14\x00\x00\x05\x22\x26\x34\x36\x33\x32\x16\x14\x06\x27\x32\x36\
\x34\x26\x23\x22\x06\x15\x14\x16\x01\x31\x6c\x8d\x8d\x6c\x6d\x8d\
\x8d\x6d\x50\x62\x62\x50\x4f\x62\x62\x0c\x8c\xd4\x8c\x8c\xd4\x8c\
\x3a\x6b\xa2\x6c\x6c\x51\x50\x6c\x00\x00\x00\x00\x01\x00\x5a\x00\
\x00\x01\xe8\x01\xd4\x00\x07\x00\x00\x33\x11\x21\x11\x23\x11\x21\
\x11\x5a\x01\x8e\x44\xfe\xfa\x01\xd4\xfe\x2c\x01\x9b\xfe\x65\x00\
\x02\x00\x5a\xff\x10\x02\x43\x01\xe0\x00\x11\x00\x1b\x00\x00\x17\
\x11\x33\x15\x33\x3e\x01\x33\x32\x16\x14\x06\x23\x22\x26\x27\x23\
\x11\x13\x32\x36\x34\x26\x23\x22\x06\x14\x16\x5a\x44\x03\x1c\x60\
\x34\x6c\x86\x86\x6c\x33\x60\x1d\x03\xac\x52\x5f\x5f\x52\x4e\x66\
\x66\xf0\x02\xc4\x51\x2c\x31\x8d\xd2\x8d\x30\x2b\xfe\xc1\x01\x1e\
\x6b\xa2\x6c\x6c\xa2\x6b\x00\x00\x01\x00\x38\xff\xf4\x01\xe4\x01\
\xe0\x00\x15\x00\x00\x04\x22\x26\x34\x36\x33\x32\x16\x17\x07\x2e\
\x01\x23\x22\x06\x15\x14\x16\x33\x32\x37\x17\x01\xa2\xe0\x8a\x8a\
\x70\x32\x5f\x1d\x35\x11\x41\x26\x50\x63\x62\x50\x51\x2e\x33\x0c\
\x8b\xd6\x8b\x2a\x27\x26\x1b\x23\x6b\x52\x51\x6b\x3d\x26\x00\x00\
\x01\x00\x14\x00\x00\x01\xaa\x01\xd4\x00\x07\x00\x00\x33\x11\x23\
\x35\x21\x15\x23\x11\xbd\xa9\x01\x96\xa9\x01\x9b\x39\x39\xfe\x65\
\x00\x00\x00\x00\x01\x00\x10\xff\x10\x01\xd8\x01\xd4\x00\x12\x00\
\x00\x17\x22\x27\x37\x16\x33\x32\x36\x3f\x01\x03\x33\x13\x33\x13\
\x33\x03\x0e\x01\x5c\x1f\x1e\x07\x18\x1a\x21\x29\x10\x26\xc8\x4c\
\x9f\x02\x91\x4a\xe9\x17\x43\xf0\x06\x3e\x08\x29\x2a\x62\x01\xd3\
\xfe\x75\x01\x8b\xfd\xb3\x3b\x3c\x00\x00\x00\x00\x03\x00\x32\xff\
\x10\x02\x96\x02\xf4\x00\x11\x00\x18\x00\x1f\x00\x00\x05\x35\x22\
\x26\x35\x34\x36\x33\x11\x33\x11\x32\x16\x15\x14\x06\x23\x15\x03\
\x11\x0e\x01\x15\x14\x16\x33\x32\x36\x35\x34\x26\x27\x01\x42\x7e\
\x92\x92\x7e\x44\x7e\x92\x92\x7e\x44\x60\x68\x67\xa5\x61\x67\x68\
\x60\xf0\xe2\x84\x72\x71\x85\x01\x16\xfe\xea\x85\x71\x72\x84\xe2\
\x01\x1c\x01\x79\x01\x63\x58\x5b\x62\x62\x5b\x58\x63\x01\x00\x00\
\x01\x00\x10\x00\x00\x01\xd4\x01\xd4\x00\x0b\x00\x00\x33\x37\x27\
\x33\x17\x37\x33\x07\x17\x23\x27\x07\x10\xb8\xad\x57\x80\x80\x52\
\xaa\xba\x58\x8b\x8f\xf2\xe2\xb2\xb2\xdf\xf5\xc3\xc3\x00\x00\x00\
\x01\x00\x5a\xff\x68\x02\x33\x01\xd4\x00\x0b\x00\x00\x05\x35\x21\
\x11\x33\x11\x21\x11\x33\x11\x33\x15\x01\xf4\xfe\x66\x44\x01\x06\
\x44\x4b\x98\x98\x01\xd4\xfe\x67\x01\x99\xfe\x67\xd3\x00\x00\x00\
\x01\x00\x4a\x00\x00\x01\xb5\x01\xd4\x00\x10\x00\x00\x21\x35\x06\
\x23\x22\x3d\x01\x33\x15\x14\x16\x33\x32\x37\x35\x33\x11\x01\x71\
\x3e\x4b\x9e\x44\x34\x36\x38\x41\x44\xc0\x12\x96\x90\x88\x3b\x2a\
\x11\xdc\xfe\x2c\x00\x00\x00\x00\x01\x00\x5a\x00\x00\x02\xec\x01\
\xd4\x00\x0b\x00\x00\x33\x11\x33\x11\x33\x11\x33\x11\x33\x11\x33\
\x11\x5a\x44\xe3\x44\xe3\x44\x01\xd4\xfe\x67\x01\x99\xfe\x67\x01\
\x99\xfe\x2c\x00\x01\x00\x5a\xff\x68\x03\x37\x01\xd4\x00\x0f\x00\
\x00\x05\x35\x21\x11\x33\x11\x33\x11\x33\x11\x33\x11\x33\x11\x33\
\x15\x02\xf8\xfd\x62\x44\xe3\x44\xe3\x44\x4b\x98\x98\x01\xd4\xfe\
\x67\x01\x99\xfe\x67\x01\x99\xfe\x67\xd3\x00\x00\x02\x00\x14\x00\
\x00\x02\x0d\x01\xd4\x00\x0c\x00\x13\x00\x00\x33\x11\x23\x35\x33\
\x15\x33\x32\x16\x15\x14\x06\x23\x27\x33\x32\x35\x34\x2b\x01\xa0\
\x8c\xd0\x71\x57\x61\x5f\x58\x72\x79\x6a\x6a\x79\x01\x9b\x39\xb0\
\x4c\x47\x46\x4b\x3b\x56\x5a\x00\x03\x00\x5a\x00\x00\x02\x67\x01\
\xd4\x00\x0a\x00\x11\x00\x15\x00\x00\x33\x11\x33\x15\x33\x32\x16\
\x15\x14\x06\x23\x27\x33\x32\x35\x34\x2b\x01\x05\x11\x33\x11\x5a\
\x44\x71\x57\x61\x5f\x58\x72\x79\x6a\x6a\x79\x01\x85\x44\x01\xd4\
\xb0\x4c\x47\x46\x4b\x3b\x56\x5a\xeb\x01\xd4\xfe\x2c\x00\x00\x00\
\x02\x00\x5a\x00\x00\x01\xc7\x01\xd4\x00\x0a\x00\x11\x00\x00\x33\
\x11\x33\x15\x33\x32\x16\x15\x14\x06\x23\x27\x33\x32\x35\x34\x2b\
\x01\x5a\x44\x71\x57\x61\x5f\x58\x72\x79\x6a\x6a\x79\x01\xd4\xb0\
\x4c\x47\x46\x4b\x3b\x56\x5a\x00\x01\x00\x10\xff\xf4\x01\xbf\x01\
\xe0\x00\x17\x00\x00\x17\x22\x27\x37\x16\x33\x32\x36\x37\x23\x35\
\x33\x2e\x01\x23\x22\x07\x27\x36\x33\x32\x16\x14\x06\xc5\x75\x40\
\x31\x32\x52\x4d\x61\x05\xe1\xdf\x0b\x5e\x47\x4e\x36\x2e\x3c\x77\
\x71\x87\x89\x0c\x4f\x28\x3f\x60\x4b\x39\x45\x54\x3f\x2a\x4c\x88\
\xdc\x88\x00\x00\x02\x00\x5a\xff\xf4\x02\xe8\x01\xe0\x00\x11\x00\
\x19\x00\x00\x05\x22\x26\x27\x23\x15\x23\x11\x33\x15\x33\x3e\x01\
\x33\x32\x16\x14\x06\x26\x32\x36\x34\x26\x22\x06\x14\x01\xf8\x64\
\x85\x07\x6a\x44\x44\x6c\x0d\x83\x5e\x69\x87\x87\xb5\x98\x5c\x5c\
\x98\x5c\x0c\x7f\x64\xd7\x01\xd4\xc4\x5c\x74\x8c\xd4\x8c\x3a\x6b\
\xa2\x6c\x6c\xa2\x00\x00\x00\x00\x02\x00\x3c\x00\x00\x01\xc1\x01\
\xd4\x00\x0d\x00\x14\x00\x00\x33\x37\x2e\x01\x35\x34\x36\x3b\x01\
\x11\x23\x35\x23\x07\x37\x33\x35\x23\x22\x15\x14\x3c\x7d\x36\x3d\
\x60\x52\xc9\x44\x7b\x73\x6d\x81\x81\x71\xbe\x0c\x45\x37\x44\x4a\
\xfe\x2c\xb8\xb8\xf2\xa9\x55\x54\x00\x00\x00\x00\x03\x00\x38\xff\
\xf4\x02\x04\x02\xc4\x00\x14\x00\x1b\x00\x1f\x00\x00\x05\x22\x26\
\x35\x34\x36\x33\x32\x16\x15\x14\x07\x21\x1e\x01\x33\x32\x36\x37\
\x17\x06\x01\x21\x2e\x01\x23\x22\x06\x37\x27\x33\x17\x01\x2a\x68\
\x8a\x88\x64\x6a\x76\x01\xfe\x7c\x02\x62\x47\x31\x50\x15\x33\x4e\
\xfe\xdb\x01\x3f\x03\x51\x47\x42\x5d\x95\x84\x5b\x64\x0c\x8c\x6a\
\x69\x8d\x83\x65\x14\x0c\x47\x63\x2f\x22\x28\x63\x01\x1a\x44\x55\
\x5b\xe8\x90\x90\x00\x00\x00\x00\x04\x00\x38\xff\xf4\x02\x04\x02\
\xba\x00\x14\x00\x1b\x00\x23\x00\x2b\x00\x00\x05\x22\x26\x35\x34\
\x36\x33\x32\x16\x15\x14\x07\x21\x1e\x01\x33\x32\x36\x37\x17\x06\
\x01\x21\x2e\x01\x23\x22\x06\x12\x34\x36\x32\x16\x14\x06\x22\x36\
\x34\x36\x32\x16\x14\x06\x22\x01\x2a\x68\x8a\x88\x64\x6a\x76\x01\
\xfe\x7c\x02\x62\x47\x31\x50\x15\x33\x4e\xfe\xdb\x01\x3f\x03\x51\
\x47\x42\x5d\x13\x1d\x2c\x1d\x1d\x2c\xa3\x1d\x2c\x1d\x1d\x2c\x0c\
\x8c\x6a\x69\x8d\x83\x65\x14\x0c\x47\x63\x2f\x22\x28\x63\x01\x1a\
\x44\x55\x5b\x01\x27\x28\x1f\x1f\x28\x1f\x1f\x28\x1f\x1f\x28\x1f\
\x00\x00\x00\x00\x01\x00\x08\xff\x10\x01\xf1\x02\xf4\x00\x26\x00\
\x00\x05\x22\x27\x37\x16\x33\x32\x36\x35\x11\x34\x26\x23\x22\x06\
\x1d\x01\x23\x11\x23\x35\x33\x35\x33\x15\x33\x15\x23\x15\x33\x3e\
\x01\x33\x32\x16\x15\x11\x14\x06\x01\x57\x25\x18\x0c\x18\x17\x33\
\x25\x39\x46\x3b\x53\x44\x54\x54\x44\x9e\x9e\x02\x12\x59\x32\x57\
\x5b\x4f\xf0\x07\x3c\x07\x3e\x3a\x01\x3f\x4f\x55\x5f\x58\xf0\x02\
\x3a\x32\x88\x88\x32\xb3\x28\x31\x68\x59\xfe\x9d\x51\x5b\x00\x00\
\x02\x00\x5a\x00\x00\x01\x90\x02\xc4\x00\x05\x00\x09\x00\x00\x33\
\x11\x21\x15\x23\x11\x13\x07\x23\x37\x5a\x01\x36\xf2\xe2\x84\x3b\
\x64\x01\xd4\x39\xfe\x65\x02\xc4\x90\x90\x00\x00\x01\x00\x38\xff\
\xf4\x01\xe7\x01\xe0\x00\x17\x00\x00\x05\x22\x26\x34\x36\x33\x32\
\x17\x07\x26\x23\x22\x06\x07\x33\x15\x23\x1e\x01\x33\x32\x37\x17\
\x06\x01\x32\x71\x89\x87\x71\x77\x3c\x2e\x36\x4e\x47\x5e\x0b\xf3\
\xf5\x05\x61\x4d\x52\x32\x31\x40\x0c\x88\xdc\x88\x4c\x2a\x3f\x54\
\x45\x39\x4b\x60\x3f\x28\x4f\x00\x01\x00\x26\xff\xf4\x01\x8f\x01\
\xe0\x00\x26\x00\x00\x17\x22\x27\x37\x1e\x01\x33\x32\x36\x35\x34\
\x26\x27\x2e\x03\x35\x34\x36\x33\x32\x16\x17\x07\x2e\x01\x23\x22\
\x06\x15\x14\x16\x17\x1e\x01\x15\x14\x06\xdf\x7b\x3e\x36\x13\x47\
\x28\x30\x3e\x41\x49\x1a\x26\x2d\x19\x61\x46\x32\x5c\x16\x34\x0f\
\x3e\x26\x29\x3a\x34\x3c\x53\x4f\x67\x0c\x5b\x28\x20\x29\x27\x2b\
\x23\x26\x11\x06\x0e\x1c\x2f\x1f\x43\x45\x2d\x27\x27\x1e\x24\x25\
\x24\x20\x24\x0c\x11\x42\x36\x4a\x47\x00\x00\x00\x02\x00\x4d\x00\
\x00\x00\xad\x02\xb8\x00\x03\x00\x0b\x00\x00\x33\x11\x33\x11\x02\
\x22\x26\x34\x36\x32\x16\x14\x5b\x44\x0f\x26\x1d\x1d\x26\x1d\x01\
\xd4\xfe\x2c\x02\x58\x1c\x28\x1c\x1c\x28\x00\x00\x03\xff\xea\x00\
\x00\x01\x10\x02\xba\x00\x07\x00\x0f\x00\x13\x00\x00\x02\x34\x36\
\x32\x16\x14\x06\x22\x36\x34\x36\x32\x16\x14\x06\x22\x07\x11\x23\
\x11\x16\x1d\x2c\x1d\x1d\x2c\xa3\x1d\x2c\x1d\x1d\x2c\x28\x44\x02\
\x73\x28\x1f\x1f\x28\x1f\x1f\x28\x1f\x1f\x28\x1f\x80\xfe\x2c\x01\
\xd4\x00\x00\x00\x02\xff\xe5\xff\x10\x00\xae\x02\xb8\x00\x0c\x00\
\x14\x00\x00\x17\x22\x27\x37\x16\x33\x32\x36\x35\x11\x33\x11\x14\
\x02\x22\x26\x34\x36\x32\x16\x14\x1b\x1e\x18\x0a\x14\x17\x28\x1a\
\x44\x0f\x26\x1d\x1d\x26\x1d\xf0\x07\x39\x06\x32\x32\x02\x26\xfd\
\xcf\x93\x03\x48\x1c\x28\x1c\x1c\x28\x00\x00\x00\x02\x00\x09\xff\
\xfb\x03\x15\x01\xd4\x00\x18\x00\x1f\x00\x00\x17\x22\x27\x37\x16\
\x33\x32\x36\x3d\x01\x21\x15\x33\x32\x16\x15\x14\x06\x2b\x01\x11\
\x23\x15\x14\x06\x25\x33\x32\x35\x34\x2b\x01\x3c\x1d\x16\x08\x0f\
\x11\x37\x35\x01\x4f\x71\x57\x61\x5f\x58\xb6\xc9\x4b\x01\x58\x79\
\x6a\x6a\x79\x05\x06\x3b\x05\x75\x8a\x9e\xb0\x4c\x47\x46\x4b\x01\
\x9b\x7d\x8d\x96\x40\x56\x5a\x00\x02\x00\x5a\x00\x00\x03\x18\x01\
\xd4\x00\x12\x00\x19\x00\x00\x33\x11\x33\x15\x21\x35\x33\x15\x33\
\x32\x16\x15\x14\x06\x2b\x01\x35\x21\x15\x25\x33\x32\x35\x34\x2b\
\x01\x5a\x44\x01\x0d\x44\x71\x58\x60\x5e\x59\xb6\xfe\xf3\x01\x51\
\x79\x6a\x6a\x79\x01\xd4\xbc\xbc\xbc\x47\x46\x45\x46\xdf\xdf\x3b\
\x50\x54\x00\x00\x01\x00\x08\x00\x00\x01\xf1\x02\xf4\x00\x1c\x00\
\x00\x33\x11\x23\x35\x33\x35\x33\x15\x33\x15\x23\x15\x33\x3e\x01\
\x33\x32\x16\x15\x11\x23\x11\x34\x26\x23\x22\x06\x1d\x01\x5c\x54\
\x54\x44\x9e\x9e\x02\x12\x59\x32\x57\x5b\x44\x39\x46\x3b\x53\x02\
\x3a\x32\x88\x88\x32\xb3\x28\x31\x68\x59\xfe\xe1\x01\x03\x4f\x55\
\x5f\x58\xf0\x00\x02\x00\x5c\x00\x00\x01\xf5\x02\xc4\x00\x0c\x00\
\x10\x00\x00\x33\x11\x33\x15\x33\x37\x33\x07\x05\x23\x27\x23\x15\
\x01\x07\x23\x37\x5c\x44\x03\xd8\x62\xec\x01\x04\x64\xee\x03\x01\
\x04\x84\x3b\x64\x01\xd4\xdd\xdd\xe0\xf4\xec\xec\x02\xc4\x90\x90\
\x00\x00\x00\x00\x02\x00\x5a\x00\x00\x01\xfe\x02\xc4\x00\x0b\x00\
\x0f\x00\x00\x33\x11\x33\x11\x33\x01\x33\x11\x23\x11\x23\x01\x13\
\x27\x33\x17\x5a\x44\x01\x01\x15\x4a\x43\x02\xfe\xeb\x81\x84\x5b\
\x64\x01\xd4\xfe\x8a\x01\x76\xfe\x2c\x01\x7a\xfe\x86\x02\x34\x90\
\x90\x00\x00\x00\x02\x00\x10\xff\x10\x01\xd8\x02\xc9\x00\x12\x00\
\x1e\x00\x00\x17\x22\x27\x37\x16\x33\x32\x36\x3f\x01\x03\x33\x13\
\x33\x13\x33\x03\x0e\x01\x12\x22\x26\x27\x37\x1e\x01\x32\x36\x37\
\x17\x06\x5c\x1f\x1e\x07\x18\x1a\x21\x29\x10\x26\xc8\x4c\x9f\x02\
\x91\x4a\xe9\x17\x43\xa4\x7a\x4f\x06\x2e\x07\x37\x4c\x37\x07\x2e\
\x06\xf0\x06\x3e\x08\x29\x2a\x62\x01\xd3\xfe\x75\x01\x8b\xfd\xb3\
\x3b\x3c\x03\x30\x45\x3b\x09\x26\x2d\x2d\x26\x09\x3b\x00\x00\x00\
\x01\x00\x5a\xff\x68\x01\xe8\x01\xd4\x00\x0b\x00\x00\x05\x35\x23\
\x11\x33\x11\x21\x11\x33\x11\x23\x15\x01\x02\xa8\x44\x01\x06\x44\
\xa7\x98\x98\x01\xd4\xfe\x67\x01\x99\xfe\x2c\x98\x00\x00\x00\x00\
\x01\x00\x5e\x00\x00\x01\xf0\x03\x54\x00\x07\x00\x00\x33\x11\x21\
\x35\x33\x15\x21\x11\x5e\x01\x4e\x44\xfe\xb6\x02\xc4\x90\xd0\xfd\
\x7c\x00\x00\x00\x01\x00\x5a\x00\x00\x01\x90\x02\x50\x00\x07\x00\
\x00\x33\x11\x33\x35\x33\x15\x23\x11\x5a\xf7\x3f\xf2\x01\xd4\x7c\
\xb5\xfe\x65\x00\x02\x00\x0e\x00\x00\x03\xbe\x03\x8c\x00\x0f\x00\
\x13\x00\x00\x1b\x01\x33\x13\x33\x13\x33\x13\x33\x03\x23\x03\x23\
\x03\x23\x03\x25\x27\x33\x17\x5a\xaf\x02\xb1\x56\xb1\x02\xad\x4c\
\xd1\x54\xb2\x02\xb2\x54\xd1\x01\xc2\x84\x5b\x64\x02\xc4\xfd\x9f\
\x02\x61\xfd\x9f\x02\x61\xfd\x3c\x02\x60\xfd\xa0\x02\xc4\x38\x90\
\x90\x00\x00\x00\x02\x00\x1a\x00\x00\x02\xd0\x02\xc4\x00\x0f\x00\
\x13\x00\x00\x13\x33\x13\x33\x13\x33\x13\x33\x13\x33\x03\x23\x03\
\x23\x03\x23\x13\x27\x33\x17\x1a\x49\x71\x02\x7e\x42\x80\x02\x70\
\x48\x94\x4a\x7d\x02\x7b\x4a\xa5\x84\x5b\x64\x01\xd4\xfe\x84\x01\
\x7c\xfe\x84\x01\x7c\xfe\x2c\x01\x7b\xfe\x85\x02\x34\x90\x90\x00\
\x02\x00\x0e\x00\x00\x03\xbe\x03\x8c\x00\x0f\x00\x13\x00\x00\x1b\
\x01\x33\x13\x33\x13\x33\x13\x33\x03\x23\x03\x23\x03\x23\x03\x25\
\x07\x23\x37\x5a\xaf\x02\xb1\x56\xb1\x02\xad\x4c\xd1\x54\xb2\x02\
\xb2\x54\xd1\x02\x75\x84\x3b\x64\x02\xc4\xfd\x9f\x02\x61\xfd\x9f\
\x02\x61\xfd\x3c\x02\x60\xfd\xa0\x02\xc4\xc8\x90\x90\x00\x00\x00\
\x02\x00\x1a\x00\x00\x02\xd0\x02\xc4\x00\x0f\x00\x13\x00\x00\x13\
\x33\x13\x33\x13\x33\x13\x33\x13\x33\x03\x23\x03\x23\x03\x23\x01\
\x07\x23\x37\x1a\x49\x71\x02\x7e\x42\x80\x02\x70\x48\x94\x4a\x7d\
\x02\x7b\x4a\x01\x6d\x84\x3b\x64\x01\xd4\xfe\x84\x01\x7c\xfe\x84\
\x01\x7c\xfe\x2c\x01\x7b\xfe\x85\x02\xc4\x90\x90\x00\x00\x00\x00\
\x03\x00\x0e\x00\x00\x03\xbe\x03\x82\x00\x0f\x00\x17\x00\x1f\x00\
\x00\x1b\x01\x33\x13\x33\x13\x33\x13\x33\x03\x23\x03\x23\x03\x23\
\x03\x24\x34\x36\x32\x16\x14\x06\x22\x36\x34\x36\x32\x16\x14\x06\
\x22\x5a\xaf\x02\xb1\x56\xb1\x02\xad\x4c\xd1\x54\xb2\x02\xb2\x54\
\xd1\x01\x45\x1d\x2c\x1d\x1d\x2c\xa3\x1d\x2c\x1d\x1d\x2c\x02\xc4\
\xfd\x9f\x02\x61\xfd\x9f\x02\x61\xfd\x3c\x02\x60\xfd\xa0\x02\xc4\
\x77\x28\x1f\x1f\x28\x1f\x1f\x28\x1f\x1f\x28\x1f\x00\x00\x00\x00\
\x03\x00\x1a\x00\x00\x02\xd0\x02\xba\x00\x0f\x00\x17\x00\x1f\x00\
\x00\x13\x33\x13\x33\x13\x33\x13\x33\x13\x33\x03\x23\x03\x23\x03\
\x23\x12\x34\x36\x32\x16\x14\x06\x22\x36\x34\x36\x32\x16\x14\x06\
\x22\x1a\x49\x71\x02\x7e\x42\x80\x02\x70\x48\x94\x4a\x7d\x02\x7b\
\x4a\x33\x1d\x2c\x1d\x1d\x2c\xa3\x1d\x2c\x1d\x1d\x2c\x01\xd4\xfe\
\x84\x01\x7c\xfe\x84\x01\x7c\xfe\x2c\x01\x7b\xfe\x85\x02\x73\x28\
\x1f\x1f\x28\x1f\x1f\x28\x1f\x1f\x28\x1f\x00\x00\x02\x00\x00\x00\
\x00\x02\x5a\x03\x8c\x00\x08\x00\x0c\x00\x00\x01\x11\x23\x11\x01\
\x33\x1b\x01\x33\x25\x27\x33\x17\x01\x51\x48\xfe\xf7\x5a\xd5\xd7\
\x54\xfe\xc2\x84\x5b\x64\x01\x31\xfe\xcf\x01\x31\x01\x93\xfe\xa9\
\x01\x57\x38\x90\x90\x00\x00\x00\x02\x00\x10\xff\x10\x01\xd8\x02\
\xc4\x00\x12\x00\x16\x00\x00\x1b\x01\x33\x13\x33\x03\x0e\x01\x23\
\x22\x27\x37\x16\x33\x32\x36\x3f\x01\x03\x37\x27\x33\x17\x5c\x9f\
\x02\x91\x4a\xe9\x17\x43\x39\x1f\x1e\x07\x18\x1a\x21\x29\x10\x26\
\xc8\xd6\x84\x5b\x64\x01\xd4\xfe\x75\x01\x8b\xfd\xb3\x3b\x3c\x06\
\x3e\x08\x29\x2a\x62\x01\xd3\x60\x90\x90\x00\x00\x01\x00\x30\x00\
\xd6\x01\x10\x01\x0f\x00\x03\x00\x00\x01\x15\x23\x35\x01\x10\xe0\
\x01\x0f\x39\x39\x00\x00\x00\x00\x01\x00\x1e\x00\xd6\x01\x72\x01\
\x0f\x00\x03\x00\x00\x01\x15\x21\x35\x01\x72\xfe\xac\x01\x0f\x39\
\x39\x00\x00\x00\x01\x00\x1e\x00\xd6\x02\x3a\x01\x0f\x00\x03\x00\
\x00\x01\x15\x21\x35\x02\x3a\xfd\xe4\x01\x0f\x39\x39\x00\x00\x00\
\x01\x00\x2a\x01\xd9\x00\xb4\x02\xc4\x00\x03\x00\x00\x13\x37\x33\
\x07\x2a\x51\x39\x43\x01\xd9\xeb\xeb\x00\x00\x00\x01\x00\x2a\x01\
\xd9\x00\xb4\x02\xc4\x00\x03\x00\x00\x13\x07\x23\x37\xb4\x51\x39\
\x43\x02\xc4\xeb\xeb\x00\x00\x00\x01\x00\x2a\xff\x74\x00\xb4\x00\
\x5f\x00\x03\x00\x00\x37\x07\x23\x37\xb4\x51\x39\x43\x5f\xeb\xeb\
\x00\x00\x00\x00\x02\x00\x2a\x01\xd9\x01\x59\x02\xc4\x00\x03\x00\
\x07\x00\x00\x13\x37\x33\x07\x33\x37\x33\x07\x2a\x51\x39\x43\x5e\
\x51\x39\x43\x01\xd9\xeb\xeb\xeb\xeb\x00\x00\x00\x02\x00\x2a\x01\
\xd9\x01\x59\x02\xc4\x00\x03\x00\x07\x00\x00\x01\x07\x23\x37\x23\
\x07\x23\x37\x01\x59\x51\x39\x43\x5e\x51\x39\x43\x02\xc4\xeb\xeb\
\xeb\xeb\x00\x00\x02\x00\x2a\xff\x74\x01\x59\x00\x5f\x00\x03\x00\
\x07\x00\x00\x25\x07\x23\x37\x23\x07\x23\x37\x01\x59\x51\x39\x43\
\x5e\x51\x39\x43\x5f\xeb\xeb\xeb\xeb\x00\x00\x00\x01\x00\x29\xff\
\x82\x02\x03\x02\xc4\x00\x0b\x00\x00\x01\x15\x33\x15\x23\x11\x23\
\x11\x23\x35\x33\x35\x01\x37\xcc\xcc\x42\xcc\xcc\x02\xc4\xcc\x3c\
\xfd\xc6\x02\x3a\x3c\xcc\x00\x00\x01\x00\x32\xff\x82\x01\xfa\x02\
\xc4\x00\x13\x00\x00\x01\x15\x33\x15\x23\x11\x33\x15\x23\x15\x23\
\x35\x23\x35\x33\x11\x23\x35\x33\x35\x01\x37\xc3\xc3\xc3\xc3\x42\
\xc3\xc3\xc3\xc3\x02\xc4\xc0\x3c\xfe\xb6\x3c\xc0\xc0\x3c\x01\x4a\
\x3c\xc0\x00\x00\x01\x00\x49\x00\xb1\x01\xab\x02\x13\x00\x07\x00\
\x00\x12\x34\x36\x32\x16\x14\x06\x22\x49\x67\x94\x67\x67\x94\x01\
\x18\x94\x67\x67\x94\x67\x00\x00\x03\x00\x71\xff\xfa\x03\x77\x00\
\x66\x00\x07\x00\x0f\x00\x17\x00\x00\x36\x14\x06\x22\x26\x34\x36\
\x32\x04\x14\x06\x22\x26\x34\x36\x32\x04\x14\x06\x22\x26\x34\x36\
\x32\xdd\x1f\x2e\x1f\x1f\x2e\x01\x6c\x1f\x2e\x1f\x1f\x2e\x01\x6c\
\x1f\x2e\x1f\x1f\x2e\x46\x2c\x20\x20\x2c\x20\x20\x2c\x20\x20\x2c\
\x20\x20\x2c\x20\x20\x2c\x20\x00\x07\x00\x19\xff\xe1\x03\xcf\x02\
\xe3\x00\x07\x00\x0f\x00\x17\x00\x1f\x00\x27\x00\x2f\x00\x33\x00\
\x00\x00\x14\x06\x22\x26\x34\x36\x32\x16\x34\x26\x22\x06\x14\x16\
\x32\x00\x14\x06\x22\x26\x34\x36\x32\x16\x34\x26\x22\x06\x14\x16\
\x32\x24\x14\x06\x22\x26\x34\x36\x32\x16\x34\x26\x22\x06\x14\x16\
\x32\x09\x01\x27\x01\x01\x4b\x5a\x7e\x5a\x5a\x7e\x24\x3a\x52\x3a\
\x3a\x52\x01\x96\x5a\x7e\x5a\x5a\x7e\x24\x3a\x52\x3a\x3a\x52\x01\
\xce\x5a\x7e\x5a\x5a\x7e\x24\x3a\x52\x3a\x3a\x52\xfe\xe0\xfe\x3e\
\x34\x01\xc3\x02\x75\x7e\x5b\x5b\x7e\x5b\xc3\x52\x3b\x3b\x52\x3b\
\xfe\xfb\x7e\x5b\x5b\x7e\x5b\xc3\x52\x3b\x3b\x52\x3b\xa3\x7e\x5b\
\x5b\x7e\x5b\xc3\x52\x3b\x3b\x52\x3b\x02\x9e\xfd\x19\x1b\x02\xe7\
\x00\x00\x00\x00\x01\x00\x3b\x00\x1f\x00\xf6\x01\xc1\x00\x05\x00\
\x00\x37\x17\x07\x27\x37\x17\x83\x73\x2f\x8c\x8c\x2f\xf0\xb0\x21\
\xd1\xd1\x21\x00\x01\x00\x45\x00\x1f\x01\x00\x01\xc1\x00\x05\x00\
\x00\x37\x27\x37\x17\x07\x27\xb8\x73\x2f\x8c\x8c\x2f\xf0\xb0\x21\
\xd1\xd1\x21\x00\x02\x00\x30\xff\xfa\x01\xba\x02\xd0\x00\x1b\x00\
\x23\x00\x00\x25\x23\x03\x33\x07\x33\x36\x37\x36\x35\x34\x26\x23\
\x22\x06\x07\x27\x3e\x01\x33\x32\x16\x15\x14\x0e\x02\x15\x16\x14\
\x06\x22\x26\x34\x36\x32\x01\x12\x44\x01\x45\x04\x01\x0a\x27\x35\
\x49\x37\x35\x45\x08\x43\x0f\x6c\x4d\x53\x6f\x2b\x5a\x23\x1a\x1f\
\x2e\x1f\x1f\x2e\xc0\x01\x59\xa6\x0e\x29\x36\x3c\x38\x3f\x42\x34\
\x0c\x4d\x5a\x5e\x52\x35\x48\x52\x34\x29\xae\x2c\x20\x20\x2c\x20\
\x00\x00\x00\x00\x01\xff\x33\xff\xe1\x01\x29\x02\xe3\x00\x03\x00\
\x00\x09\x01\x27\x01\x01\x29\xfe\x3e\x34\x01\xc3\x02\xc8\xfd\x19\
\x1b\x02\xe7\x00\x02\x00\x2a\x01\xbd\x01\x47\x03\x71\x00\x0d\x00\
\x1a\x00\x00\x00\x14\x06\x23\x22\x2e\x02\x34\x3e\x02\x33\x32\x17\
\x34\x2e\x01\x23\x22\x06\x15\x14\x16\x33\x32\x36\x01\x47\x43\x4b\
\x28\x3a\x1f\x0e\x0e\x1f\x3a\x28\x4b\x05\x0e\x25\x1d\x2b\x26\x26\
\x2b\x2a\x26\x02\xf4\xba\x7d\x25\x40\x4a\x56\x4a\x40\x25\xda\x29\
\x47\x35\x62\x43\x44\x60\x61\x00\x02\x00\x21\x01\xc4\x01\x50\x03\
\x6a\x00\x0a\x00\x0e\x00\x00\x01\x23\x35\x23\x35\x13\x33\x11\x33\
\x15\x23\x27\x35\x23\x07\x01\x14\x37\xbc\xaf\x44\x3c\x3c\x37\x03\
\x7a\x01\xc4\x62\x34\x01\x10\xfe\xf2\x36\x36\xbd\xbd\x00\x00\x00\
\x01\x00\x29\x01\xbd\x01\x3e\x03\x6a\x00\x19\x00\x00\x01\x14\x06\
\x23\x22\x26\x27\x37\x16\x33\x32\x36\x34\x26\x23\x22\x07\x37\x33\
\x15\x23\x07\x36\x33\x32\x16\x01\x3e\x4f\x40\x30\x46\x10\x37\x1a\
\x35\x24\x2e\x31\x27\x28\x37\x04\xe0\xa6\x03\x13\x1e\x3d\x4b\x02\
\x4d\x41\x4f\x2f\x27\x16\x36\x2f\x4e\x30\x1e\xe8\x36\x69\x08\x4a\
\x00\x00\x00\x00\x02\x00\x2c\x01\xbd\x01\x47\x03\x6a\x00\x10\x00\
\x1b\x00\x00\x01\x14\x06\x23\x22\x26\x35\x34\x3f\x01\x33\x07\x17\
\x36\x33\x32\x16\x06\x34\x26\x23\x22\x06\x15\x14\x16\x33\x32\x01\
\x47\x51\x3c\x3d\x51\x27\x70\x47\x6b\x01\x10\x11\x3a\x4c\x3c\x2d\
\x24\x25\x2d\x2e\x24\x23\x02\x46\x3c\x4d\x4d\x3c\x34\x3d\xb3\xa3\
\x01\x06\x4b\x5e\x46\x2f\x2f\x23\x24\x2f\x00\x00\x01\x00\x3d\x01\
\xc4\x01\x3e\x03\x6a\x00\x06\x00\x00\x13\x23\x13\x23\x35\x21\x15\
\x98\x43\xa7\xbf\x01\x01\x01\xc4\x01\x70\x36\x2f\x00\x00\x00\x00\
\x03\x00\x2e\x01\xbd\x01\x43\x03\x71\x00\x15\x00\x21\x00\x2c\x00\
\x00\x01\x14\x06\x22\x26\x35\x34\x37\x35\x26\x35\x34\x36\x33\x32\
\x16\x15\x14\x07\x15\x1e\x01\x27\x22\x06\x15\x14\x16\x33\x32\x36\
\x35\x34\x26\x16\x22\x06\x15\x14\x16\x33\x32\x36\x35\x34\x01\x43\
\x51\x72\x52\x41\x32\x48\x34\x33\x48\x32\x1e\x23\x8a\x1c\x24\x25\
\x1b\x1a\x25\x24\x08\x46\x2c\x2b\x24\x23\x2b\x02\x39\x37\x45\x45\
\x37\x4a\x20\x01\x1d\x3d\x33\x40\x40\x33\x3c\x1e\x01\x0e\x38\xdf\
\x24\x1c\x1b\x24\x24\x1b\x1c\x24\xb5\x2a\x20\x21\x29\x29\x21\x20\
\x00\x00\x00\x00\x02\x00\x2b\x01\xc4\x01\x46\x03\x71\x00\x0f\x00\
\x19\x00\x00\x01\x14\x0f\x01\x23\x37\x27\x06\x23\x22\x26\x35\x34\
\x36\x32\x16\x06\x34\x26\x23\x22\x06\x14\x16\x33\x32\x01\x46\x27\
\x70\x47\x6c\x01\x0c\x16\x39\x4d\x51\x7a\x50\x3c\x2e\x23\x24\x2e\
\x2d\x25\x24\x02\xe9\x34\x3f\xb2\xa4\x01\x06\x4c\x3a\x3b\x4d\x4d\
\x5e\x46\x30\x30\x46\x2f\x00\x00\x02\x00\x2a\xff\x6f\x01\x47\x01\
\x23\x00\x0d\x00\x1a\x00\x00\x24\x14\x06\x23\x22\x2e\x02\x34\x3e\
\x02\x33\x32\x17\x34\x2e\x01\x23\x22\x06\x15\x14\x16\x33\x32\x36\
\x01\x47\x43\x4b\x28\x3a\x1f\x0e\x0e\x1f\x3a\x28\x4b\x05\x0e\x25\
\x1d\x2b\x26\x26\x2b\x2a\x26\xa6\xba\x7d\x25\x40\x4a\x56\x4a\x40\
\x25\xda\x29\x47\x35\x62\x43\x44\x60\x61\x00\x00\x01\x00\x45\xff\
\x76\x00\xe8\x01\x1c\x00\x06\x00\x00\x17\x11\x07\x27\x37\x33\x11\
\xab\x40\x26\x70\x33\x8a\x01\x5a\x39\x29\x5c\xfe\x5a\x00\x00\x00\
\x01\x00\x2b\xff\x76\x01\x3f\x01\x23\x00\x18\x00\x00\x05\x21\x35\
\x37\x36\x35\x34\x26\x23\x22\x06\x07\x27\x3e\x01\x33\x32\x16\x15\
\x14\x0e\x01\x0f\x01\x33\x01\x3f\xfe\xec\xa7\x2b\x26\x1d\x1c\x28\
\x07\x3c\x0a\x4b\x32\x38\x4b\x18\x18\x17\x80\xc9\x8a\x39\xa9\x2d\
\x29\x1c\x22\x26\x20\x09\x33\x41\x3d\x38\x1b\x34\x1c\x17\x80\x00\
\x01\x00\x27\xff\x6f\x01\x40\x01\x23\x00\x22\x00\x00\x05\x14\x06\
\x23\x22\x27\x37\x1e\x01\x33\x32\x36\x35\x34\x26\x2b\x01\x35\x33\
\x32\x35\x34\x26\x23\x22\x07\x27\x36\x33\x32\x16\x15\x14\x07\x16\
\x01\x40\x51\x3b\x66\x27\x39\x0a\x2c\x1e\x21\x2f\x37\x29\x1b\x1b\
\x54\x28\x1d\x30\x1b\x32\x2c\x53\x37\x48\x39\x45\x12\x3c\x43\x60\
\x13\x1d\x20\x26\x23\x26\x23\x33\x46\x1b\x23\x32\x1a\x4d\x3b\x37\
\x3f\x1e\x1a\x00\x02\x00\x21\xff\x76\x01\x50\x01\x1c\x00\x0a\x00\
\x0e\x00\x00\x05\x23\x35\x23\x35\x13\x33\x11\x33\x15\x23\x27\x35\
\x23\x07\x01\x14\x37\xbc\xaf\x44\x3c\x3c\x37\x03\x7a\x8a\x62\x34\
\x01\x10\xfe\xf2\x36\x36\xbd\xbd\x00\x00\x00\x00\x01\x00\x29\xff\
\x6f\x01\x3e\x01\x1c\x00\x19\x00\x00\x05\x14\x06\x23\x22\x26\x27\
\x37\x16\x33\x32\x36\x34\x26\x23\x22\x07\x37\x33\x15\x23\x07\x36\
\x33\x32\x16\x01\x3e\x4f\x40\x30\x46\x10\x37\x1a\x35\x24\x2e\x31\
\x27\x28\x37\x04\xe0\xa6\x03\x13\x1e\x3d\x4b\x01\x41\x4f\x2f\x27\
\x16\x36\x2f\x4e\x30\x1e\xe8\x36\x69\x08\x4a\x00\x02\x00\x2c\xff\
\x6f\x01\x47\x01\x1c\x00\x10\x00\x1b\x00\x00\x05\x14\x06\x23\x22\
\x26\x35\x34\x3f\x01\x33\x07\x17\x36\x33\x32\x16\x06\x34\x26\x23\
\x22\x06\x15\x14\x16\x33\x32\x01\x47\x51\x3c\x3d\x51\x27\x70\x47\
\x6b\x01\x10\x11\x3a\x4c\x3c\x2d\x24\x25\x2d\x2e\x24\x23\x08\x3c\
\x4d\x4d\x3c\x34\x3d\xb3\xa3\x01\x06\x4b\x5e\x46\x2f\x2f\x23\x24\
\x2f\x00\x00\x00\x01\x00\x3d\xff\x76\x01\x3e\x01\x1c\x00\x06\x00\
\x00\x17\x23\x13\x23\x35\x21\x15\x98\x43\xa7\xbf\x01\x01\x8a\x01\
\x70\x36\x2f\x00\x03\x00\x2e\xff\x6f\x01\x43\x01\x23\x00\x15\x00\
\x21\x00\x2c\x00\x00\x05\x14\x06\x22\x26\x35\x34\x37\x35\x26\x35\
\x34\x36\x33\x32\x16\x15\x14\x07\x15\x1e\x01\x27\x22\x06\x15\x14\
\x16\x33\x32\x36\x35\x34\x26\x16\x22\x06\x15\x14\x16\x33\x32\x36\
\x35\x34\x01\x43\x51\x72\x52\x41\x32\x48\x34\x33\x48\x32\x1e\x23\
\x8a\x1c\x24\x25\x1b\x1a\x25\x24\x08\x46\x2c\x2b\x24\x23\x2b\x15\
\x37\x45\x45\x37\x4a\x20\x01\x1d\x3d\x33\x40\x40\x33\x3c\x1e\x01\
\x0e\x38\xdf\x24\x1c\x1b\x24\x24\x1b\x1c\x24\xb5\x2a\x20\x21\x29\
\x29\x21\x20\x00\x02\x00\x2b\xff\x76\x01\x46\x01\x23\x00\x0f\x00\
\x19\x00\x00\x25\x14\x0f\x01\x23\x37\x27\x06\x23\x22\x26\x35\x34\
\x36\x32\x16\x06\x34\x26\x23\x22\x06\x14\x16\x33\x32\x01\x46\x27\
\x70\x47\x6c\x01\x0c\x16\x39\x4d\x51\x7a\x50\x3c\x2e\x23\x24\x2e\
\x2d\x25\x24\x9b\x34\x3f\xb2\xa4\x01\x06\x4c\x3a\x3b\x4d\x4d\x5e\
\x46\x30\x30\x46\x2f\x00\x00\x00\x01\x00\x0c\xff\xee\x02\x25\x02\
\xd6\x00\x29\x00\x00\x01\x26\x23\x22\x06\x07\x21\x07\x21\x06\x15\
\x14\x17\x21\x07\x23\x1e\x01\x33\x32\x37\x17\x06\x23\x22\x26\x27\
\x23\x37\x33\x26\x35\x34\x37\x23\x37\x33\x3e\x01\x33\x32\x17\x01\
\xff\x33\x4c\x55\x73\x15\x01\x2c\x12\xfe\xdd\x05\x04\x01\x00\x12\
\xe7\x10\x7c\x54\x4f\x39\x1d\x43\x6b\x73\x99\x13\x4c\x14\x31\x03\
\x04\x45\x14\x39\x1b\xa0\x6e\x58\x3d\x02\x79\x1e\x67\x5b\x37\x21\
\x20\x19\x20\x37\x57\x69\x28\x38\x2f\x96\x69\x37\x27\x11\x22\x20\
\x37\x79\x88\x20\x00\x00\x00\x00\x04\x00\x28\xff\xe1\x03\x27\x02\
\xe3\x00\x14\x00\x18\x00\x23\x00\x2d\x00\x00\x13\x22\x26\x35\x34\
\x36\x33\x32\x17\x07\x26\x23\x22\x06\x14\x16\x33\x32\x37\x17\x06\
\x03\x27\x01\x17\x12\x14\x06\x23\x22\x26\x35\x34\x36\x33\x32\x17\
\x34\x26\x22\x06\x15\x14\x16\x32\x36\xdb\x51\x62\x62\x51\x56\x2d\
\x31\x1d\x35\x33\x3c\x3c\x33\x35\x22\x30\x35\x4d\x34\x01\xc3\x33\
\x85\x64\x4f\x4e\x65\x65\x4e\x4f\x20\x3d\x64\x3d\x3c\x66\x3c\x01\
\x72\x62\x4d\x4c\x63\x3f\x24\x2c\x44\x68\x44\x2c\x24\x3f\xfe\x6f\
\x1b\x02\xe7\x1b\xfe\x27\x98\x63\x63\x4c\x4b\x64\xaf\x33\x45\x45\
\x33\x34\x44\x44\x00\x00\x00\x00\x02\x00\x48\xff\xf2\x01\x9f\x02\
\xd1\x00\x1a\x00\x23\x00\x00\x25\x06\x23\x22\x26\x3d\x01\x07\x23\
\x27\x37\x11\x34\x36\x33\x32\x16\x15\x14\x07\x15\x14\x16\x33\x32\
\x37\x33\x03\x34\x26\x23\x22\x06\x1d\x01\x36\x01\x9f\x3b\x47\x39\
\x46\x3a\x02\x1a\x56\x49\x38\x31\x3d\xab\x2c\x1f\x2e\x2a\x02\x33\
\x1e\x17\x19\x24\x72\x29\x37\x42\x3e\x72\x3e\x25\x54\x01\x03\x51\
\x5e\x45\x3b\x8e\xb0\x96\x2f\x28\x26\x02\x00\x26\x2f\x3c\x38\xde\
\x84\x00\x00\x00\x04\x00\x5e\x00\x00\x03\xf2\x02\xcc\x00\x0b\x00\
\x0f\x00\x19\x00\x23\x00\x00\x33\x11\x33\x01\x33\x11\x33\x11\x23\
\x01\x23\x11\x01\x35\x21\x15\x26\x22\x26\x35\x34\x36\x32\x16\x15\
\x14\x06\x32\x36\x35\x34\x26\x22\x06\x15\x14\x5e\x5f\x01\x58\x02\
\x48\x5f\xfe\xa8\x02\x02\x26\x01\x1c\x4c\x84\x56\x56\x84\x56\xc4\
\x58\x32\x32\x58\x32\x02\xc4\xfd\xa5\x02\x5b\xfd\x3c\x02\x61\xfd\
\x9f\x01\x2e\x39\x39\x76\x54\x40\x41\x53\x53\x41\x40\x26\x3c\x2a\
\x2b\x3b\x3b\x2b\x2a\x00\x00\x00\x04\x00\x14\xff\xea\x03\x0c\x02\
\xda\x00\x0b\x00\x17\x00\x22\x00\x2a\x00\x00\x13\x34\x36\x33\x32\
\x16\x15\x14\x06\x23\x22\x26\x37\x14\x16\x33\x32\x36\x35\x34\x26\
\x23\x22\x06\x13\x11\x33\x32\x16\x15\x14\x06\x2b\x01\x15\x35\x33\
\x32\x36\x34\x26\x2b\x01\x14\xdf\x9e\x9d\xde\xde\x9d\x9e\xdf\x3c\
\xbc\x85\x84\xbb\xbb\x84\x85\xbc\xc5\x9d\x4d\x54\x57\x4b\x5a\x57\
\x31\x31\x31\x31\x57\x01\x61\x9d\xdc\xdc\x9d\x9c\xdb\xdb\x9c\x84\
\xbb\xbb\x84\x85\xbc\xbc\xfe\x9b\x01\xb5\x4a\x42\x40\x4d\x9c\xd7\
\x2c\x4c\x2b\x00\x02\x00\x48\x01\x28\x03\xa0\x02\xc4\x00\x07\x00\
\x16\x00\x00\x01\x15\x23\x11\x23\x11\x23\x35\x21\x11\x23\x11\x23\
\x03\x23\x03\x23\x11\x23\x11\x33\x1b\x01\x01\x91\x85\x3c\x88\x03\
\x58\x3c\x02\x8b\x27\x8b\x02\x3c\x5d\x81\x81\x02\xc4\x36\xfe\x9a\
\x01\x66\x36\xfe\x64\x01\x5a\xfe\xa6\x01\x5a\xfe\xa6\x01\x9c\xfe\
\xc4\x01\x3c\x00\x01\x00\x3c\x00\x00\x02\xc9\x02\xd6\x00\x21\x00\
\x00\x01\x22\x06\x15\x14\x16\x17\x15\x21\x35\x33\x35\x2e\x01\x35\
\x34\x36\x33\x32\x16\x15\x14\x06\x07\x15\x33\x15\x21\x35\x3e\x01\
\x35\x34\x26\x01\x83\x76\x85\x67\x58\xfe\xfc\xca\x62\x6f\xbc\x8b\
\x8d\xb9\x6e\x63\xca\xfe\xfc\x5a\x65\x83\x02\x97\x93\x6e\x63\x82\
\x16\x9b\x3c\x2e\x1f\x9f\x6d\x93\xae\xb0\x91\x6d\x9f\x1f\x2e\x3c\
\x9b\x16\x83\x62\x6c\x95\x00\x00\x02\x00\x2c\xff\xef\x02\x31\x02\
\x17\x00\x12\x00\x18\x00\x00\x01\x21\x15\x16\x33\x32\x37\x17\x0e\
\x01\x23\x22\x26\x35\x34\x36\x33\x32\x16\x05\x21\x35\x26\x22\x07\
\x02\x31\xfe\x6c\x3b\x56\x7a\x47\x23\x2e\x68\x4e\x73\x8f\x8e\x74\
\x73\x8f\xfe\x6d\x01\x23\x3f\xa8\x3c\x01\x03\xb5\x3b\x78\x15\x48\
\x3f\x9e\x76\x77\x9d\x9a\x56\x91\x3c\x3c\x00\x00\x02\x00\x1f\xff\
\xf4\x01\xc7\x02\xd1\x00\x1f\x00\x2b\x00\x00\x01\x14\x0e\x03\x23\
\x22\x26\x35\x34\x36\x33\x32\x17\x34\x36\x35\x34\x2e\x02\x23\x22\
\x07\x27\x36\x33\x32\x1e\x02\x07\x26\x23\x22\x06\x14\x16\x33\x32\
\x3e\x02\x01\xc7\x09\x1e\x2f\x54\x37\x5a\x6d\x69\x59\x61\x45\x01\
\x12\x27\x49\x31\x34\x3c\x24\x43\x4e\x44\x65\x34\x18\x45\x44\x57\
\x40\x49\x49\x40\x29\x3e\x21\x11\x01\x6b\x32\x5c\x6a\x4c\x33\x84\
\x5c\x5a\x7b\x54\x09\x22\x09\x2e\x59\x55\x35\x2e\x2b\x3a\x42\x6f\
\x75\x95\x5b\x5d\x84\x67\x2f\x4c\x4b\x00\x00\x00\x02\x00\x19\x00\
\x00\x02\xa1\x02\xc4\x00\x05\x00\x08\x00\x00\x29\x01\x35\x01\x33\
\x01\x27\x0b\x01\x02\xa1\xfd\x78\x01\x22\x46\x01\x20\x56\xef\xee\
\x31\x02\x93\xfd\x6d\x10\x02\x32\xfd\xce\x00\x00\x01\x00\x47\xff\
\x2a\x02\x81\x03\x12\x00\x07\x00\x00\x05\x23\x11\x21\x11\x23\x11\
\x21\x02\x81\x42\xfe\x4a\x42\x02\x3a\xd6\x03\xaa\xfc\x56\x03\xe8\
\x00\x00\x00\x00\x01\x00\x19\xff\x2a\x02\x42\x03\x12\x00\x0b\x00\
\x00\x05\x21\x35\x09\x01\x35\x21\x15\x21\x09\x01\x21\x02\x42\xfd\
\xd7\x01\x49\xfe\xc5\x02\x0f\xfe\x46\x01\x35\xfe\xb8\x01\xd9\xd6\
\x37\x01\xc0\x01\xb9\x38\x3e\xfe\x4d\xfe\x46\x00\x01\x00\x4e\x01\
\x11\x02\x4c\x01\x4d\x00\x03\x00\x00\x01\x15\x21\x35\x02\x4c\xfe\
\x02\x01\x4d\x3c\x3c\x00\x00\x00\x01\xff\x33\xff\xe1\x01\x29\x02\
\xe3\x00\x03\x00\x00\x09\x01\x27\x01\x01\x29\xfe\x3e\x34\x01\xc3\
\x02\xc8\xfd\x19\x1b\x02\xe7\x00\x01\x00\x4c\x01\x04\x00\xb8\x01\
\x70\x00\x07\x00\x00\x12\x14\x06\x22\x26\x34\x36\x32\xb8\x1f\x2e\
\x1f\x1f\x2e\x01\x50\x2c\x20\x20\x2c\x20\x00\x00\x01\xff\xf8\xff\
\x2a\x01\xf6\x03\x12\x00\x08\x00\x00\x01\x03\x23\x03\x07\x27\x37\
\x1b\x01\x01\xf6\xd2\x42\xa4\x2e\x18\x64\x9e\xbd\x03\x12\xfc\x18\
\x01\x54\x16\x32\x30\xfe\xb4\x03\x94\x00\x00\x00\x03\x00\x29\x00\
\x68\x02\xbc\x01\x8e\x00\x22\x00\x36\x00\x46\x00\x00\x25\x14\x06\
\x23\x22\x2e\x01\x27\x0e\x04\x23\x22\x26\x35\x34\x36\x33\x32\x1e\
\x02\x17\x3e\x06\x33\x32\x16\x07\x34\x26\x23\x22\x0e\x07\x07\x1e\
\x02\x33\x32\x36\x25\x2e\x06\x23\x22\x06\x15\x14\x16\x33\x32\x02\
\xbc\x4d\x3f\x24\x4b\x2b\x23\x09\x30\x19\x2b\x2a\x17\x3e\x4e\x4c\
\x3e\x1c\x33\x3a\x17\x20\x05\x23\x0e\x20\x17\x1f\x1f\x10\x3f\x4f\
\x39\x2c\x27\x09\x13\x13\x10\x15\x0c\x16\x08\x17\x02\x21\x1d\x40\
\x1c\x25\x2b\xfe\xca\x03\x1e\x0c\x1d\x13\x1a\x18\x0c\x25\x2b\x2d\
\x27\x3e\xfc\x40\x54\x25\x24\x22\x07\x2b\x13\x1b\x0b\x53\x3e\x3f\
\x55\x11\x2c\x14\x1f\x05\x21\x0d\x1c\x0c\x10\x06\x53\x42\x28\x34\
\x03\x09\x08\x0f\x08\x14\x07\x15\x02\x1d\x18\x21\x31\x26\x02\x1a\
\x0a\x17\x0b\x0d\x06\x35\x25\x27\x31\x00\x00\x00\x01\x00\x65\xff\
\x2b\x01\x96\x03\x12\x00\x2b\x00\x00\x01\x14\x06\x23\x22\x26\x23\
\x22\x0e\x03\x1e\x01\x15\x11\x14\x07\x06\x23\x22\x26\x35\x34\x36\
\x33\x32\x1e\x01\x33\x32\x35\x37\x11\x34\x26\x3e\x04\x33\x32\x16\
\x01\x96\x15\x10\x14\x19\x07\x0a\x0e\x07\x04\x01\x01\x01\x10\x1c\
\x4e\x18\x24\x13\x0e\x0f\x11\x0b\x07\x20\x01\x02\x02\x05\x10\x19\
\x2c\x1d\x1b\x2b\x02\xe0\x10\x12\x28\x13\x20\x24\x2a\x1f\x1d\x02\
\xfe\x08\x7a\x33\x57\x18\x17\x0d\x13\x13\x13\x9f\x15\x01\xef\x08\
\x47\x24\x44\x26\x2a\x14\x19\x00\x02\x00\x47\x00\x57\x02\x54\x01\
\x92\x00\x14\x00\x29\x00\x00\x01\x0e\x01\x23\x22\x27\x26\x23\x22\
\x06\x07\x23\x3e\x01\x33\x32\x17\x16\x33\x32\x37\x17\x0e\x01\x23\
\x22\x27\x26\x23\x22\x06\x07\x23\x3e\x01\x33\x32\x17\x16\x33\x32\
\x37\x02\x54\x06\x3e\x37\x30\x61\x62\x23\x20\x2a\x05\x2d\x08\x3c\
\x38\x2d\x62\x61\x27\x3e\x11\x2b\x07\x3d\x38\x31\x5f\x62\x23\x20\
\x2a\x05\x2d\x09\x3a\x38\x2c\x64\x5f\x29\x3d\x11\x01\x92\x3a\x4f\
\x25\x24\x2f\x21\x3c\x4f\x24\x25\x4e\xaa\x3b\x4f\x25\x24\x2f\x21\
\x3c\x50\x24\x25\x4e\x00\x00\x00\x01\x00\x52\xff\xe8\x02\x48\x02\
\x05\x00\x13\x00\x00\x25\x21\x07\x27\x37\x23\x35\x33\x37\x23\x35\
\x21\x37\x17\x07\x33\x15\x23\x07\x21\x02\x48\xfe\xe1\x4c\x34\x3e\
\x95\xb5\x44\xf9\x01\x1a\x4d\x34\x3f\x9a\xba\x45\x00\xff\x78\x90\
\x1b\x75\x3c\x82\x3c\x93\x1c\x77\x3c\x82\x00\x00\x02\x00\x52\x00\
\x06\x02\x48\x02\x26\x00\x06\x00\x0a\x00\x00\x2d\x01\x35\x25\x15\
\x0d\x01\x15\x21\x35\x21\x02\x48\xfe\x0a\x01\xf6\xfe\x5d\x01\xa3\
\xfe\x0a\x01\xf6\x6c\xbc\x41\xbd\x41\x9d\x9b\xa7\x3b\x00\x00\x00\
\x02\x00\x52\x00\x06\x02\x48\x02\x26\x00\x06\x00\x0a\x00\x00\x01\
\x05\x35\x2d\x01\x35\x05\x11\x21\x35\x21\x02\x48\xfe\x0a\x01\xa4\
\xfe\x5c\x01\xf6\xfe\x0a\x01\xf6\x01\x28\xbc\x41\x9b\x9d\x41\xbd\
\xfe\x9d\x3b\x00\x02\x00\x5f\xff\xdd\x01\xf2\x02\xeb\x00\x05\x00\
\x09\x00\x00\x01\x03\x23\x03\x13\x33\x13\x0b\x01\x13\x01\xf2\xab\
\x3f\xa9\xa9\x3f\x6a\x89\x88\x88\x01\x64\xfe\x79\x01\x87\x01\x87\
\xfe\x79\x01\x45\xfe\xbb\xfe\xbb\x00\x00\x00\x00\x03\x00\x0c\x00\
\x00\x01\xd3\x03\x00\x00\x15\x00\x19\x00\x21\x00\x00\x01\x15\x23\
\x11\x23\x11\x23\x35\x33\x35\x34\x36\x33\x32\x17\x07\x26\x23\x22\
\x06\x1d\x01\x21\x11\x23\x11\x36\x14\x06\x22\x26\x34\x36\x32\x01\
\x20\x6e\x44\x62\x62\x50\x4f\x20\x18\x0c\x18\x17\x33\x25\x01\x13\
\x44\x52\x1d\x26\x1d\x1d\x26\x01\xd4\x39\xfe\x65\x01\x9b\x39\x80\
\x51\x5b\x07\x3c\x07\x3e\x3a\x78\xfe\x2c\x01\xd4\xc8\x28\x1c\x1c\
\x28\x1c\x00\x00\x02\x00\x0c\x00\x00\x01\xc4\x03\x00\x00\x15\x00\
\x19\x00\x00\x01\x15\x23\x11\x23\x11\x23\x35\x33\x35\x34\x36\x33\
\x32\x17\x07\x26\x23\x22\x06\x1d\x01\x01\x11\x23\x11\x01\x20\x6e\
\x44\x62\x62\x50\x4f\x20\x18\x0c\x18\x17\x33\x25\x01\x12\x44\x01\
\xd4\x39\xfe\x65\x01\x9b\x39\x80\x51\x5b\x07\x3c\x07\x3e\x3a\x78\
\x01\x20\xfd\x0c\x02\xf4\x00\x00\x04\x00\x00\x00\x00\x02\x00\x02\
\xce\x00\x03\x00\x1f\x00\x23\x00\x27\x00\x00\x25\x23\x35\x33\x27\
\x23\x27\x34\x37\x36\x37\x3e\x01\x35\x34\x26\x23\x22\x07\x27\x3e\
\x01\x33\x32\x16\x15\x14\x06\x07\x06\x07\x06\x07\x21\x11\x21\x27\
\x21\x11\x21\x01\x16\x38\x38\x07\x2e\x02\x0d\x0f\x1f\x1f\x13\x2d\
\x1f\x47\x0b\x32\x07\x48\x38\x36\x46\x1a\x25\x25\x06\x06\xdd\x01\
\x9c\xfe\x64\x32\x02\x00\xfe\x00\x75\x43\x32\x11\x38\x19\x1c\x1f\
\x1d\x22\x14\x24\x31\x5f\x08\x45\x44\x48\x3b\x22\x34\x22\x21\x13\
\x14\xec\x02\x69\x33\xfd\x32\x00\x01\x00\x0c\x00\x00\x02\x5a\x03\
\x00\x00\x27\x00\x00\x01\x15\x23\x11\x23\x11\x23\x11\x23\x11\x23\
\x35\x33\x35\x34\x36\x33\x32\x17\x07\x26\x23\x22\x06\x1d\x01\x33\
\x35\x34\x36\x33\x32\x17\x07\x26\x23\x22\x06\x1d\x01\x02\x35\x6e\
\x44\xd1\x44\x62\x62\x50\x4f\x20\x18\x0c\x18\x17\x33\x25\xd1\x50\
\x4f\x20\x18\x0c\x18\x17\x33\x25\x01\xd4\x39\xfe\x65\x01\x9b\xfe\
\x65\x01\x9b\x39\x80\x51\x5b\x07\x3c\x07\x3e\x3a\x78\x80\x51\x5b\
\x07\x3c\x07\x3e\x3a\x78\x00\x00\x03\x00\x0c\x00\x00\x01\xd3\x03\
\x00\x00\x03\x00\x0b\x00\x21\x00\x00\x01\x11\x23\x11\x36\x14\x06\
\x22\x26\x34\x36\x32\x07\x15\x23\x11\x23\x11\x23\x35\x33\x35\x34\
\x36\x33\x32\x17\x07\x26\x23\x22\x06\x1d\x01\x01\xc4\x44\x53\x1d\
\x26\x1d\x1d\x26\x96\x6e\x44\x62\x62\x50\x4f\x20\x18\x0c\x18\x17\
\x33\x25\x01\xd4\xfe\x2c\x01\xd4\xc8\x28\x1c\x1c\x28\x1c\xe4\x39\
\xfe\x65\x01\x9b\x39\x80\x51\x5b\x07\x3c\x07\x3e\x3a\x78\x00\x00\
\x02\x00\x0c\x00\x00\x01\xc4\x03\x00\x00\x03\x00\x19\x00\x00\x01\
\x11\x23\x11\x03\x15\x23\x11\x23\x11\x23\x35\x33\x35\x34\x36\x33\
\x32\x17\x07\x26\x23\x22\x06\x1d\x01\x01\xc4\x44\x60\x6e\x44\x62\
\x62\x50\x4f\x20\x18\x0c\x18\x17\x33\x25\x02\xf4\xfd\x0c\x02\xf4\
\xfe\xe0\x39\xfe\x65\x01\x9b\x39\x80\x51\x5b\x07\x3c\x07\x3e\x3a\
\x78\x00\x00\x00\x03\x00\x0c\x00\x00\x02\xe8\x03\x00\x00\x27\x00\
\x2b\x00\x33\x00\x00\x01\x15\x23\x11\x23\x11\x23\x11\x23\x11\x23\
\x35\x33\x35\x34\x36\x33\x32\x17\x07\x26\x23\x22\x06\x1d\x01\x33\
\x35\x34\x36\x33\x32\x17\x07\x26\x23\x22\x06\x1d\x01\x21\x11\x23\
\x11\x36\x14\x06\x22\x26\x34\x36\x32\x02\x35\x6e\x44\xd1\x44\x62\
\x62\x50\x4f\x20\x18\x0c\x18\x17\x33\x25\xd1\x50\x4f\x20\x18\x0c\
\x18\x17\x33\x25\x01\x13\x44\x52\x1d\x26\x1d\x1d\x26\x01\xd4\x39\
\xfe\x65\x01\x9b\xfe\x65\x01\x9b\x39\x80\x51\x5b\x07\x3c\x07\x3e\
\x3a\x78\x80\x51\x5b\x07\x3c\x07\x3e\x3a\x78\xfe\x2c\x01\xd4\xc8\
\x28\x1c\x1c\x28\x1c\x00\x00\x00\x02\x00\x0c\x00\x00\x02\xd9\x03\
\x00\x00\x03\x00\x2b\x00\x00\x01\x11\x23\x11\x03\x15\x23\x11\x23\
\x11\x23\x11\x23\x11\x23\x35\x33\x35\x34\x36\x33\x32\x17\x07\x26\
\x23\x22\x06\x1d\x01\x33\x35\x34\x36\x33\x32\x17\x07\x26\x23\x22\
\x06\x1d\x01\x02\xd9\x44\x60\x6e\x44\xd1\x44\x62\x62\x50\x4f\x20\
\x18\x0c\x18\x17\x33\x25\xd1\x50\x4f\x20\x18\x0c\x18\x17\x33\x25\
\x02\xf4\xfd\x0c\x02\xf4\xfe\xe0\x39\xfe\x65\x01\x9b\xfe\x65\x01\
\x9b\x39\x80\x51\x5b\x07\x3c\x07\x3e\x3a\x78\x80\x51\x5b\x07\x3c\
\x07\x3e\x3a\x78\x00\x00\x00\x00\x01\xff\xf6\x02\xfc\x00\xb5\x03\
\x8c\x00\x03\x00\x00\x13\x27\x33\x17\x7a\x84\x5b\x64\x02\xfc\x90\
\x90\x00\x00\x00\x01\x00\x3b\x02\xfc\x00\xfa\x03\x8c\x00\x03\x00\
\x00\x13\x07\x23\x37\xfa\x84\x3b\x64\x03\x8c\x90\x90\x00\x00\x00\
\x01\xff\xe3\x02\xfc\x01\x0d\x03\x8c\x00\x06\x00\x00\x13\x17\x23\
\x27\x07\x23\x37\xa0\x6d\x42\x53\x53\x42\x6d\x03\x8c\x90\x6c\x6c\
\x90\x00\x00\x00\x01\xff\xe3\x02\xfc\x01\x0d\x03\x8c\x00\x06\x00\
\x00\x01\x07\x23\x27\x33\x17\x37\x01\x0d\x6d\x50\x6d\x42\x53\x53\
\x03\x8c\x90\x90\x6c\x6c\x00\x00\x01\x00\x56\x02\x0b\x00\xdb\x02\
\xc4\x00\x03\x00\x00\x13\x07\x23\x37\xdb\x4c\x39\x3e\x02\xc4\xb9\
\xb9\x00\x00\x00\x01\xff\xd6\x03\x08\x01\x1a\x03\x74\x00\x10\x00\
\x00\x13\x23\x36\x33\x32\x17\x16\x33\x32\x37\x33\x06\x23\x22\x26\
\x23\x22\x01\x2b\x12\x4a\x1b\x2e\x32\x11\x25\x0c\x2b\x12\x4a\x1d\
\x58\x17\x25\x03\x08\x68\x17\x17\x32\x68\x2e\x00\x02\xff\xe5\x03\
\x1c\x01\x0b\x03\x82\x00\x07\x00\x0f\x00\x00\x02\x34\x36\x32\x16\
\x14\x06\x22\x36\x34\x36\x32\x16\x14\x06\x22\x1b\x1d\x2c\x1d\x1d\
\x2c\xa3\x1d\x2c\x1d\x1d\x2c\x03\x3b\x28\x1f\x1f\x28\x1f\x1f\x28\
\x1f\x1f\x28\x1f\x00\x00\x00\x00\x01\xff\xf1\x03\x20\x00\xff\x03\
\x56\x00\x03\x00\x00\x01\x15\x21\x35\x00\xff\xfe\xf2\x03\x56\x36\
\x36\x00\x00\x00\x01\xff\xe5\x03\x08\x01\x0b\x03\x8c\x00\x0b\x00\
\x00\x13\x33\x0e\x01\x22\x26\x27\x33\x1e\x01\x32\x36\xdf\x2c\x04\
\x51\x7c\x51\x04\x2c\x06\x3a\x4e\x3a\x03\x8c\x3d\x47\x47\x3d\x26\
\x28\x28\x00\x00\x02\x00\x18\x02\xf3\x00\xd8\x03\xb1\x00\x07\x00\
\x0f\x00\x00\x12\x14\x06\x22\x26\x34\x36\x32\x16\x34\x26\x22\x06\
\x14\x16\x32\xd8\x39\x4e\x39\x39\x4e\x15\x23\x32\x23\x23\x32\x03\
\x7a\x50\x37\x37\x50\x37\x78\x32\x22\x22\x32\x22\x00\x00\x00\x00\
\x02\xff\xc3\x02\xfc\x01\x2d\x03\x8c\x00\x03\x00\x07\x00\x00\x13\
\x07\x23\x37\x21\x07\x23\x37\x83\x85\x3b\x65\x01\x05\x84\x3b\x64\
\x03\x8c\x90\x90\x90\x90\x00\x00\x01\x00\x48\x03\x20\x00\xa8\x03\
\x80\x00\x07\x00\x00\x12\x14\x06\x22\x26\x34\x36\x32\xa8\x1d\x26\
\x1d\x1d\x26\x03\x64\x28\x1c\x1c\x28\x1c\x00\x00\x01\x00\x30\xff\
\x1a\x00\xb5\xff\xd3\x00\x03\x00\x00\x17\x07\x23\x37\xb5\x4c\x39\
\x3e\x2d\xb9\xb9\x00\x00\x00\x00\x01\x00\x60\x02\x34\x00\xe5\x02\
\xed\x00\x03\x00\x00\x13\x37\x33\x07\x60\x4c\x39\x3e\x02\x34\xb9\
\xb9\x00\x00\x00\x02\x00\x2a\xff\xf9\x01\x47\x01\xad\x00\x0d\x00\
\x1a\x00\x00\x00\x14\x06\x23\x22\x2e\x02\x34\x3e\x02\x33\x32\x17\
\x34\x2e\x01\x23\x22\x06\x15\x14\x16\x33\x32\x36\x01\x47\x43\x4b\
\x28\x3a\x1f\x0e\x0e\x1f\x3a\x28\x4b\x05\x0e\x25\x1d\x2b\x26\x26\
\x2b\x2a\x26\x01\x30\xba\x7d\x25\x40\x4a\x56\x4a\x40\x25\xda\x29\
\x47\x35\x62\x43\x44\x60\x61\x00\x01\x00\x45\x00\x00\x00\xe8\x01\
\xa6\x00\x06\x00\x00\x33\x11\x07\x27\x37\x33\x11\xab\x40\x26\x70\
\x33\x01\x5a\x39\x29\x5c\xfe\x5a\x00\x00\x00\x00\x01\x00\x2b\x00\
\x00\x01\x3f\x01\xad\x00\x18\x00\x00\x29\x01\x35\x37\x36\x35\x34\
\x26\x23\x22\x06\x07\x27\x3e\x01\x33\x32\x16\x15\x14\x0e\x01\x0f\
\x01\x33\x01\x3f\xfe\xec\xa7\x2b\x26\x1d\x1c\x28\x07\x3c\x0a\x4b\
\x32\x38\x4b\x18\x18\x17\x80\xc9\x39\xa9\x2d\x29\x1c\x22\x26\x20\
\x09\x33\x41\x3d\x38\x1b\x34\x1c\x17\x80\x00\x00\x01\x00\x27\xff\
\xf9\x01\x40\x01\xad\x00\x22\x00\x00\x25\x14\x06\x23\x22\x27\x37\
\x1e\x01\x33\x32\x36\x35\x34\x26\x2b\x01\x35\x33\x32\x35\x34\x26\
\x23\x22\x07\x27\x36\x33\x32\x16\x15\x14\x07\x16\x01\x40\x51\x3b\
\x66\x27\x39\x0a\x2c\x1e\x21\x2f\x37\x29\x1b\x1b\x54\x28\x1d\x30\
\x1b\x32\x2c\x53\x37\x48\x39\x45\x78\x3c\x43\x60\x13\x1d\x20\x26\
\x23\x26\x23\x33\x46\x1b\x23\x32\x1a\x4d\x3b\x37\x3f\x1e\x1a\x00\
\x02\x00\x21\x00\x00\x01\x50\x01\xa6\x00\x0a\x00\x0e\x00\x00\x21\
\x23\x35\x23\x35\x13\x33\x11\x33\x15\x23\x27\x35\x23\x07\x01\x14\
\x37\xbc\xaf\x44\x3c\x3c\x37\x03\x7a\x62\x34\x01\x10\xfe\xf2\x36\
\x36\xbd\xbd\x00\x01\x00\x29\xff\xf9\x01\x3e\x01\xa6\x00\x19\x00\
\x00\x25\x14\x06\x23\x22\x26\x27\x37\x16\x33\x32\x36\x34\x26\x23\
\x22\x07\x37\x33\x15\x23\x07\x36\x33\x32\x16\x01\x3e\x4f\x40\x30\
\x46\x10\x37\x1a\x35\x24\x2e\x31\x27\x28\x37\x04\xe0\xa6\x03\x13\
\x1e\x3d\x4b\x89\x41\x4f\x2f\x27\x16\x36\x2f\x4e\x30\x1e\xe8\x36\
\x69\x08\x4a\x00\x02\x00\x2c\xff\xf9\x01\x47\x01\xa6\x00\x10\x00\
\x1b\x00\x00\x25\x14\x06\x23\x22\x26\x35\x34\x3f\x01\x33\x07\x17\
\x36\x33\x32\x16\x06\x34\x26\x23\x22\x06\x15\x14\x16\x33\x32\x01\
\x47\x51\x3c\x3d\x51\x27\x70\x47\x6b\x01\x10\x11\x3a\x4c\x3c\x2d\
\x24\x25\x2d\x2e\x24\x23\x82\x3c\x4d\x4d\x3c\x34\x3d\xb3\xa3\x01\
\x06\x4b\x5e\x46\x2f\x2f\x23\x24\x2f\x00\x00\x00\x01\x00\x3d\x00\
\x00\x01\x3e\x01\xa6\x00\x06\x00\x00\x33\x23\x13\x23\x35\x21\x15\
\x98\x43\xa7\xbf\x01\x01\x01\x70\x36\x2f\x00\x00\x03\x00\x2e\xff\
\xf9\x01\x43\x01\xad\x00\x15\x00\x21\x00\x2c\x00\x00\x25\x14\x06\
\x22\x26\x35\x34\x37\x35\x26\x35\x34\x36\x33\x32\x16\x15\x14\x07\
\x15\x1e\x01\x27\x22\x06\x15\x14\x16\x33\x32\x36\x35\x34\x26\x16\
\x22\x06\x15\x14\x16\x33\x32\x36\x35\x34\x01\x43\x51\x72\x52\x41\
\x32\x48\x34\x33\x48\x32\x1e\x23\x8a\x1c\x24\x25\x1b\x1a\x25\x24\
\x08\x46\x2c\x2b\x24\x23\x2b\x75\x37\x45\x45\x37\x4a\x20\x01\x1d\
\x3d\x33\x40\x40\x33\x3c\x1e\x01\x0e\x38\xdf\x24\x1c\x1b\x24\x24\
\x1b\x1c\x24\xb5\x2a\x20\x21\x29\x29\x21\x20\x00\x02\x00\x2b\x00\
\x00\x01\x46\x01\xad\x00\x0f\x00\x19\x00\x00\x01\x14\x0f\x01\x23\
\x37\x27\x06\x23\x22\x26\x35\x34\x36\x32\x16\x06\x34\x26\x23\x22\
\x06\x14\x16\x33\x32\x01\x46\x27\x70\x47\x6c\x01\x0c\x16\x39\x4d\
\x51\x7a\x50\x3c\x2e\x23\x24\x2e\x2d\x25\x24\x01\x25\x34\x3f\xb2\
\xa4\x01\x06\x4c\x3a\x3b\x4d\x4d\x5e\x46\x30\x30\x46\x2f\x00\x00\
\x02\x00\x2a\x01\x17\x01\x47\x02\xcb\x00\x0d\x00\x1a\x00\x00\x00\
\x14\x06\x23\x22\x2e\x02\x34\x3e\x02\x33\x32\x17\x34\x2e\x01\x23\
\x22\x06\x15\x14\x16\x33\x32\x36\x01\x47\x43\x4b\x28\x3a\x1f\x0e\
\x0e\x1f\x3a\x28\x4b\x05\x0e\x25\x1d\x2b\x26\x26\x2b\x2a\x26\x02\
\x4e\xba\x7d\x25\x40\x4a\x56\x4a\x40\x25\xda\x29\x47\x35\x62\x43\
\x44\x60\x61\x00\x01\x00\x45\x01\x1e\x00\xe8\x02\xc4\x00\x06\x00\
\x00\x13\x11\x07\x27\x37\x33\x11\xab\x40\x26\x70\x33\x01\x1e\x01\
\x5a\x39\x29\x5c\xfe\x5a\x00\x00\x01\x00\x2b\x01\x1e\x01\x3f\x02\
\xcb\x00\x18\x00\x00\x01\x21\x35\x37\x36\x35\x34\x26\x23\x22\x06\
\x07\x27\x3e\x01\x33\x32\x16\x15\x14\x0e\x01\x0f\x01\x33\x01\x3f\
\xfe\xec\xa7\x2b\x26\x1d\x1c\x28\x07\x3c\x0a\x4b\x32\x38\x4b\x18\
\x18\x17\x80\xc9\x01\x1e\x39\xa9\x2d\x29\x1c\x22\x26\x20\x09\x33\
\x41\x3d\x38\x1b\x34\x1c\x17\x80\x00\x00\x00\x00\x01\x00\x27\x01\
\x17\x01\x40\x02\xcb\x00\x22\x00\x00\x01\x14\x06\x23\x22\x27\x37\
\x1e\x01\x33\x32\x36\x35\x34\x26\x2b\x01\x35\x33\x32\x35\x34\x26\
\x23\x22\x07\x27\x36\x33\x32\x16\x15\x14\x07\x16\x01\x40\x51\x3b\
\x66\x27\x39\x0a\x2c\x1e\x21\x2f\x37\x29\x1b\x1b\x54\x28\x1d\x30\
\x1b\x32\x2c\x53\x37\x48\x39\x45\x01\x96\x3c\x43\x60\x13\x1d\x20\
\x26\x23\x26\x23\x33\x46\x1b\x23\x32\x1a\x4d\x3b\x37\x3f\x1e\x1a\
\x00\x00\x00\x00\x02\x00\x21\x01\x1e\x01\x50\x02\xc4\x00\x0a\x00\
\x0e\x00\x00\x01\x23\x35\x23\x35\x13\x33\x11\x33\x15\x23\x27\x35\
\x23\x07\x01\x14\x37\xbc\xaf\x44\x3c\x3c\x37\x03\x7a\x01\x1e\x62\
\x34\x01\x10\xfe\xf2\x36\x36\xbd\xbd\x00\x00\x00\x01\x00\x29\x01\
\x17\x01\x3e\x02\xc4\x00\x19\x00\x00\x01\x14\x06\x23\x22\x26\x27\
\x37\x16\x33\x32\x36\x34\x26\x23\x22\x07\x37\x33\x15\x23\x07\x36\
\x33\x32\x16\x01\x3e\x4f\x40\x30\x46\x10\x37\x1a\x35\x24\x2e\x31\
\x27\x28\x37\x04\xe0\xa6\x03\x13\x1e\x3d\x4b\x01\xa7\x41\x4f\x2f\
\x27\x16\x36\x2f\x4e\x30\x1e\xe8\x36\x69\x08\x4a\x00\x00\x00\x00\
\x02\x00\x2c\x01\x17\x01\x47\x02\xc4\x00\x10\x00\x1b\x00\x00\x01\
\x14\x06\x23\x22\x26\x35\x34\x3f\x01\x33\x07\x17\x36\x33\x32\x16\
\x06\x34\x26\x23\x22\x06\x15\x14\x16\x33\x32\x01\x47\x51\x3c\x3d\
\x51\x27\x70\x47\x6b\x01\x10\x11\x3a\x4c\x3c\x2d\x24\x25\x2d\x2e\
\x24\x23\x01\xa0\x3c\x4d\x4d\x3c\x34\x3d\xb3\xa3\x01\x06\x4b\x5e\
\x46\x2f\x2f\x23\x24\x2f\x00\x00\x01\x00\x3d\x01\x1e\x01\x3e\x02\
\xc4\x00\x06\x00\x00\x13\x23\x13\x23\x35\x21\x15\x98\x43\xa7\xbf\
\x01\x01\x01\x1e\x01\x70\x36\x2f\x00\x00\x00\x00\x03\x00\x2e\x01\
\x17\x01\x43\x02\xcb\x00\x15\x00\x21\x00\x2c\x00\x00\x01\x14\x06\
\x22\x26\x35\x34\x37\x35\x26\x35\x34\x36\x33\x32\x16\x15\x14\x07\
\x15\x1e\x01\x27\x22\x06\x15\x14\x16\x33\x32\x36\x35\x34\x26\x16\
\x22\x06\x15\x14\x16\x33\x32\x36\x35\x34\x01\x43\x51\x72\x52\x41\
\x32\x48\x34\x33\x48\x32\x1e\x23\x8a\x1c\x24\x25\x1b\x1a\x25\x24\
\x08\x46\x2c\x2b\x24\x23\x2b\x01\x93\x37\x45\x45\x37\x4a\x20\x01\
\x1d\x3d\x33\x40\x40\x33\x3c\x1e\x01\x0e\x38\xdf\x24\x1c\x1b\x24\
\x24\x1b\x1c\x24\xb5\x2a\x20\x21\x29\x29\x21\x20\x00\x00\x00\x00\
\x02\x00\x2b\x01\x1e\x01\x46\x02\xcb\x00\x0f\x00\x19\x00\x00\x01\
\x14\x0f\x01\x23\x37\x27\x06\x23\x22\x26\x35\x34\x36\x32\x16\x06\
\x34\x26\x23\x22\x06\x14\x16\x33\x32\x01\x46\x27\x70\x47\x6c\x01\
\x0c\x16\x39\x4d\x51\x7a\x50\x3c\x2e\x23\x24\x2e\x2d\x25\x24\x02\
\x43\x34\x3f\xb2\xa4\x01\x06\x4c\x3a\x3b\x4d\x4d\x5e\x46\x30\x30\
\x46\x2f\x00\x00\x01\xff\xe6\x02\x40\x01\x0a\x02\xc9\x00\x0b\x00\
\x00\x12\x22\x26\x27\x37\x1e\x01\x32\x36\x37\x17\x06\xb5\x7a\x4f\
\x06\x2e\x07\x37\x4c\x37\x07\x2e\x06\x02\x40\x45\x3b\x09\x26\x2d\
\x2d\x26\x09\x3b\x00\x00\x00\x00\x01\xff\xe6\x03\x08\x01\x0a\x03\
\x91\x00\x0b\x00\x00\x12\x22\x26\x27\x37\x1e\x01\x32\x36\x37\x17\
\x06\xb5\x7a\x4f\x06\x2e\x07\x37\x4c\x37\x07\x2e\x06\x03\x08\x45\
\x3b\x09\x26\x2d\x2d\x26\x09\x3b\x00\x00\x00\x00\x02\x00\x5a\xff\
\xfa\x00\xc4\x02\x13\x00\x03\x00\x0b\x00\x00\x13\x11\x23\x11\x12\
\x14\x06\x22\x26\x34\x36\x32\xb2\x46\x58\x1e\x2e\x1e\x1e\x2e\x02\
\x13\xfe\x8b\x01\x75\xfe\x32\x2c\x1f\x1f\x2c\x1f\x00\x00\x00\x00\
\x03\x00\x35\xff\xc3\x01\x9b\x02\x4d\x00\x1e\x00\x24\x00\x2b\x00\
\x00\x37\x35\x2e\x01\x35\x34\x36\x37\x35\x33\x15\x16\x17\x07\x26\
\x23\x15\x1e\x01\x15\x14\x06\x07\x15\x23\x35\x26\x27\x37\x1e\x01\
\x37\x15\x3e\x01\x35\x34\x27\x35\x0e\x01\x15\x14\x16\xd6\x43\x4c\
\x50\x3f\x2f\x4d\x39\x2f\x29\x2e\x4c\x4a\x56\x40\x2f\x61\x40\x33\
\x13\x3f\x4b\x24\x2e\x81\x23\x2b\x27\x37\xc5\x13\x42\x3b\x3e\x45\
\x04\x3a\x3a\x03\x37\x2d\x31\xad\x17\x4e\x3c\x3b\x52\x02\x3d\x3d\
\x04\x4c\x2b\x1d\x26\xb7\xb8\x03\x2e\x26\x46\x6a\xa0\x02\x27\x24\
\x22\x26\x00\x00\x05\x00\x28\xff\xe1\x02\x6d\x02\x30\x00\x07\x00\
\x0f\x00\x17\x00\x1f\x00\x23\x00\x00\x00\x14\x06\x22\x26\x34\x36\
\x32\x16\x34\x26\x22\x06\x14\x16\x32\x04\x14\x06\x22\x26\x34\x36\
\x32\x16\x34\x26\x22\x06\x14\x16\x32\x13\x01\x27\x01\x01\x36\x4e\
\x72\x4e\x4e\x72\x16\x2f\x40\x2f\x2f\x40\x01\x9e\x4e\x72\x4e\x4e\
\x72\x16\x2f\x40\x2f\x2f\x40\x06\xfe\xab\x2f\x01\x56\x01\xd1\x70\
\x4e\x4e\x70\x4e\xa7\x42\x2d\x2d\x42\x2d\x99\x70\x4e\x4e\x70\x4e\
\xa7\x42\x2d\x2d\x42\x2d\x01\xe9\xfd\xcc\x1b\x02\x34\x00\x00\x00\
\x03\x00\x32\xff\xf4\x02\x21\x02\x1f\x00\x17\x00\x20\x00\x28\x00\
\x00\x01\x07\x17\x23\x27\x06\x23\x22\x26\x35\x34\x37\x26\x35\x34\
\x36\x33\x32\x16\x15\x14\x07\x17\x37\x27\x34\x26\x22\x06\x15\x14\
\x17\x36\x13\x27\x06\x15\x14\x16\x33\x32\x02\x09\x61\x79\x61\x3f\
\x40\x67\x47\x61\x72\x37\x4d\x3b\x3d\x48\x72\x71\x43\x86\x25\x36\
\x2a\x2e\x57\x1e\x87\x53\x36\x2b\x4e\x01\x1e\xa4\x7a\x42\x4e\x52\
\x46\x5e\x3e\x41\x3b\x37\x44\x3f\x38\x52\x39\x74\x75\x8a\x1c\x22\
\x27\x1e\x29\x31\x2a\xfe\xff\x8c\x2a\x47\x29\x33\x00\x00\x00\x00\
\x01\x00\x17\xff\xba\x00\xbc\x02\x5a\x00\x0c\x00\x00\x13\x14\x17\
\x07\x2e\x01\x35\x34\x36\x37\x17\x0e\x01\x57\x65\x34\x33\x3e\x3e\
\x33\x34\x2e\x37\x01\x0a\xa2\x8d\x21\x43\xb2\x5b\x5c\xb1\x43\x20\
\x40\xa0\x00\x00\x01\x00\x34\xff\xba\x00\xd9\x02\x5a\x00\x0c\x00\
\x00\x13\x14\x06\x07\x27\x3e\x01\x35\x34\x27\x37\x1e\x01\xd9\x3e\
\x33\x34\x2e\x37\x65\x34\x33\x3e\x01\x0a\x5c\xb1\x43\x20\x40\xa0\
\x50\xa2\x8d\x21\x43\xb2\x00\x00\x01\x00\x2d\xff\xbf\x00\xb5\x02\
\x55\x00\x07\x00\x00\x17\x23\x11\x33\x15\x23\x11\x33\xb5\x88\x88\
\x48\x48\x41\x02\x96\x35\xfd\xd4\x00\x00\x00\x00\x01\x00\x04\xff\
\xf1\x01\x23\x02\x22\x00\x03\x00\x00\x25\x07\x03\x37\x01\x23\x3b\
\xe4\x3a\x05\x14\x02\x1d\x14\x00\x01\x00\x3b\xff\xbf\x00\xc3\x02\
\x55\x00\x07\x00\x00\x17\x23\x35\x33\x11\x23\x35\x33\xc3\x88\x48\
\x48\x88\x41\x35\x02\x2c\x35\x00\x01\x00\x03\xff\xbf\x00\xcb\x02\
\x55\x00\x1f\x00\x00\x17\x23\x22\x26\x3d\x01\x34\x26\x23\x35\x32\
\x36\x3d\x01\x34\x36\x3b\x01\x15\x23\x22\x1d\x01\x14\x07\x15\x16\
\x1d\x01\x14\x3b\x01\xcb\x37\x26\x30\x1c\x1f\x1f\x1c\x30\x26\x37\
\x2b\x22\x43\x43\x22\x2b\x41\x2f\x34\x76\x2c\x28\x3c\x28\x2c\x76\
\x34\x2f\x35\x34\x6f\x5a\x18\x02\x18\x5a\x6f\x34\x00\x00\x00\x00\
\x01\x00\x04\xff\xf1\x01\x23\x02\x22\x00\x03\x00\x00\x17\x27\x13\
\x17\x3f\x3b\xe5\x3a\x0f\x14\x02\x1d\x14\x00\x00\x01\x00\x25\xff\
\xbf\x00\xed\x02\x55\x00\x1f\x00\x00\x17\x23\x35\x33\x32\x3d\x01\
\x34\x37\x35\x26\x3d\x01\x34\x2b\x01\x35\x33\x32\x16\x1d\x01\x14\
\x16\x33\x15\x22\x06\x1d\x01\x14\x06\x5c\x37\x2b\x22\x43\x43\x22\
\x2b\x37\x26\x30\x1c\x1f\x1f\x1c\x30\x41\x35\x34\x6f\x5a\x18\x02\
\x18\x5a\x6f\x34\x35\x2f\x34\x76\x2c\x28\x3c\x28\x2c\x76\x34\x2f\
\x00\x00\x00\x00\x02\x00\x3e\xff\xf4\x01\xa6\x02\x1f\x00\x11\x00\
\x21\x00\x00\x13\x32\x1e\x02\x14\x0e\x02\x23\x22\x2e\x02\x34\x3e\
\x02\x16\x22\x0e\x02\x14\x1e\x02\x33\x32\x36\x35\x34\x2e\x01\xf2\
\x31\x48\x28\x13\x13\x28\x48\x31\x32\x48\x28\x12\x12\x28\x48\x4f\
\x3a\x2b\x16\x0a\x0a\x16\x2b\x1d\x37\x31\x0a\x17\x02\x1f\x2f\x51\
\x5f\x6e\x5e\x51\x2f\x2f\x51\x5e\x6e\x5e\x52\x2f\x3d\x27\x42\x48\
\x50\x47\x42\x26\x7f\x58\x28\x48\x42\x00\x00\x00\x01\x00\x75\x00\
\x00\x01\x3b\x02\x13\x00\x06\x00\x00\x01\x11\x23\x11\x07\x27\x37\
\x01\x3b\x46\x56\x2a\x88\x02\x13\xfd\xed\x01\xba\x4b\x31\x73\x00\
\x01\x00\x45\x00\x00\x01\x9e\x02\x1f\x00\x15\x00\x00\x25\x15\x21\
\x35\x37\x36\x35\x34\x26\x23\x22\x07\x27\x3e\x01\x33\x32\x16\x15\
\x14\x0f\x01\x01\x9e\xfe\xa7\xd1\x3b\x32\x28\x4e\x14\x45\x0e\x58\
\x41\x47\x5a\x55\xa9\x3f\x3f\x44\xd0\x3b\x3a\x28\x2f\x5a\x0e\x41\
\x4a\x4d\x48\x4f\x55\xa7\x00\x00\x01\x00\x38\xff\xf4\x01\x92\x02\
\x1f\x00\x24\x00\x00\x37\x35\x33\x32\x36\x35\x34\x26\x23\x22\x07\
\x27\x36\x33\x32\x16\x15\x14\x06\x07\x1e\x01\x15\x14\x06\x23\x22\
\x27\x37\x16\x33\x32\x36\x35\x34\x26\x23\xb1\x23\x31\x3a\x38\x25\
\x3e\x20\x3a\x34\x67\x44\x5c\x31\x27\x2d\x38\x63\x4b\x7b\x31\x42\
\x20\x4a\x2a\x3e\x42\x36\xf7\x3e\x2b\x2b\x26\x30\x3f\x20\x5d\x4d\
\x44\x29\x3f\x0e\x0d\x46\x2e\x4c\x57\x76\x19\x50\x36\x2e\x32\x2e\
\x00\x00\x00\x00\x02\x00\x33\x00\x00\x01\xa8\x02\x13\x00\x0a\x00\
\x0e\x00\x00\x01\x11\x33\x15\x23\x15\x23\x35\x23\x35\x1b\x01\x11\
\x23\x03\x01\x5d\x4b\x4b\x42\xe8\xda\x0e\x02\x9b\x02\x13\xfe\xa6\
\x3d\x7c\x7c\x3d\x01\x5a\xfe\xa6\x01\x01\xfe\xff\x00\x00\x00\x00\
\x01\x00\x3d\xff\xf4\x01\x95\x02\x13\x00\x1a\x00\x00\x01\x15\x23\
\x07\x36\x33\x32\x16\x14\x06\x23\x22\x26\x27\x37\x1e\x01\x33\x32\
\x36\x35\x34\x26\x23\x22\x07\x13\x01\x85\xd7\x04\x1b\x1f\x52\x5f\
\x64\x51\x3a\x58\x11\x40\x0a\x37\x20\x32\x3e\x42\x33\x38\x3b\x05\
\x02\x13\x3e\x8c\x09\x5c\x9c\x66\x3b\x31\x1c\x24\x24\x3e\x32\x34\
\x3f\x24\x01\x20\x00\x00\x00\x00\x02\x00\x43\xff\xf4\x01\xa1\x02\
\x13\x00\x0f\x00\x1a\x00\x00\x01\x07\x36\x33\x32\x16\x15\x14\x06\
\x23\x22\x26\x35\x34\x3f\x01\x03\x14\x16\x32\x36\x35\x34\x26\x23\
\x22\x06\x01\x52\x8e\x19\x1f\x47\x5e\x61\x4d\x4e\x62\x30\x8f\x79\
\x3c\x5c\x3a\x3a\x2e\x30\x3a\x02\x13\xdb\x0c\x59\x4a\x4c\x61\x5f\
\x4d\x44\x4a\xe5\xfe\x8d\x2f\x3d\x3d\x2f\x2e\x3d\x3d\x00\x00\x00\
\x01\x00\x50\x00\x00\x01\x98\x02\x13\x00\x06\x00\x00\x01\x15\x03\
\x23\x13\x23\x35\x01\x98\xd4\x4f\xd6\xfb\x02\x13\x38\xfe\x25\x01\
\xd3\x40\x00\x00\x03\x00\x45\xff\xf4\x01\x9e\x02\x1f\x00\x19\x00\
\x21\x00\x2c\x00\x00\x01\x14\x06\x07\x15\x1e\x01\x15\x14\x06\x23\
\x22\x26\x35\x34\x36\x37\x35\x2e\x01\x35\x34\x36\x33\x32\x16\x00\
\x14\x16\x32\x36\x34\x26\x22\x27\x14\x16\x33\x32\x36\x35\x34\x26\
\x22\x06\x01\x8b\x29\x21\x2b\x32\x61\x4b\x4c\x61\x31\x2b\x20\x29\
\x59\x41\x40\x59\xff\x00\x39\x5c\x38\x39\x5a\x29\x32\x24\x23\x32\
\x30\x4a\x31\x01\x8d\x27\x3d\x0e\x02\x11\x47\x31\x47\x55\x55\x47\
\x31\x47\x11\x02\x0e\x3d\x27\x41\x51\x51\xfe\xf4\x56\x38\x38\x56\
\x36\x92\x25\x2d\x2d\x25\x26\x30\x30\x00\x00\x00\x02\x00\x42\x00\
\x00\x01\xa0\x02\x1f\x00\x0f\x00\x1a\x00\x00\x33\x37\x06\x23\x22\
\x26\x35\x34\x36\x33\x32\x16\x15\x14\x0f\x01\x13\x34\x26\x22\x06\
\x15\x14\x16\x33\x32\x36\x91\x8e\x19\x1f\x47\x5e\x61\x4d\x4e\x62\
\x30\x8f\x79\x3c\x5c\x3a\x3a\x2e\x30\x3a\xdb\x0c\x59\x4a\x4c\x61\
\x5f\x4d\x44\x4a\xe5\x01\x73\x2f\x3d\x3d\x2f\x2e\x3d\x3d\x00\x00\
\x02\x00\x25\xff\xfa\x01\x59\x02\x1f\x00\x1a\x00\x22\x00\x00\x37\
\x15\x23\x35\x34\x36\x3f\x01\x36\x35\x34\x26\x23\x22\x07\x27\x3e\
\x01\x33\x32\x16\x15\x14\x06\x07\x0e\x01\x16\x14\x06\x22\x26\x34\
\x36\x32\xdb\x44\x1a\x21\x1c\x25\x2e\x26\x47\x11\x42\x0c\x51\x40\
\x46\x51\x20\x26\x22\x16\x18\x1e\x2e\x1e\x1e\x2e\xb3\x15\x23\x1f\
\x33\x1e\x19\x21\x2b\x1e\x2f\x4e\x0c\x3c\x42\x4d\x38\x2a\x3b\x1d\
\x1a\x2b\x8e\x2c\x1f\x1f\x2c\x1f\x00\x00\x00\x00\x02\x00\x06\x00\
\x00\x02\x10\x02\x13\x00\x07\x00\x0a\x00\x00\x37\x07\x23\x13\x33\
\x13\x23\x27\x0b\x01\x33\x88\x38\x4a\xe5\x41\xe4\x4f\x37\x80\x69\
\xd0\x85\x85\x02\x13\xfd\xed\x85\x01\x3d\xff\x00\x00\x00\x00\x00\
\x03\x00\x5a\x00\x00\x01\xcd\x02\x13\x00\x0e\x00\x16\x00\x1c\x00\
\x00\x33\x11\x33\x32\x16\x15\x14\x07\x15\x1e\x01\x15\x14\x06\x23\
\x03\x15\x33\x32\x36\x35\x34\x23\x07\x15\x33\x32\x34\x23\x5a\xb3\
\x45\x61\x52\x31\x3b\x70\x58\x65\x63\x2e\x3c\x76\x57\x5f\x86\x7f\
\x02\x13\x40\x46\x56\x1f\x02\x0a\x41\x35\x48\x4e\x01\xd5\xa3\x2a\
\x2a\x4f\xe0\xb6\xb6\x00\x00\x00\x01\x00\x38\xff\xf4\x02\x19\x02\
\x1f\x00\x17\x00\x00\x25\x17\x06\x23\x22\x26\x35\x34\x36\x33\x32\
\x16\x17\x07\x2e\x01\x23\x22\x06\x15\x14\x16\x33\x32\x01\xe1\x38\
\x45\x86\x79\x9d\x9f\x7a\x39\x69\x1c\x38\x13\x49\x2a\x5c\x71\x70\
\x5b\x60\x7b\x25\x62\x9c\x7a\x7b\x9a\x2c\x27\x2b\x1c\x23\x7b\x5b\
\x5c\x7a\x00\x00\x02\x00\x5a\x00\x00\x02\x2c\x02\x13\x00\x0c\x00\
\x15\x00\x00\x33\x11\x33\x32\x1e\x02\x15\x14\x0e\x02\x23\x03\x11\
\x33\x32\x36\x35\x34\x26\x23\x5a\xb5\x35\x62\x54\x32\x33\x53\x63\
\x34\x6f\x60\x65\x7c\x7b\x66\x02\x13\x1f\x3e\x69\x43\x41\x69\x3f\
\x21\x01\xd5\xfe\x6a\x6f\x5c\x5e\x6d\x00\x00\x00\x01\x00\x5a\x00\
\x00\x01\xb7\x02\x13\x00\x0b\x00\x00\x37\x15\x21\x15\x21\x11\x21\
\x15\x21\x15\x33\x15\xa0\x01\x17\xfe\xa3\x01\x52\xfe\xf4\xfc\xf5\
\xb6\x3f\x02\x13\x3e\xa3\x3d\x00\x01\x00\x5a\x00\x00\x01\xa3\x02\
\x13\x00\x09\x00\x00\x37\x15\x23\x11\x21\x15\x21\x15\x33\x15\xa0\
\x46\x01\x49\xfe\xfd\xf3\xf0\xf0\x02\x13\x3e\xa8\x3d\x00\x00\x00\
\x01\x00\x38\xff\xf4\x02\x19\x02\x1f\x00\x18\x00\x00\x01\x07\x26\
\x22\x06\x15\x14\x16\x33\x32\x37\x35\x23\x35\x33\x15\x06\x23\x22\
\x26\x35\x34\x36\x33\x32\x02\x15\x32\x34\xba\x71\x71\x5e\x50\x30\
\x77\xbd\x57\x70\x7c\x9e\x9f\x7a\x7c\x01\xd9\x32\x39\x7b\x5b\x5c\
\x7a\x1c\x95\x3d\xfe\x30\x9c\x7a\x7b\x9a\x00\x00\x01\x00\x5a\x00\
\x00\x02\x0d\x02\x13\x00\x0b\x00\x00\x33\x11\x33\x15\x21\x35\x33\
\x11\x23\x35\x21\x15\x5a\x46\x01\x27\x46\x46\xfe\xd9\x02\x13\xe1\
\xe1\xfd\xed\xf5\xf5\x00\x00\x00\x01\x00\x5a\x00\x00\x00\xa0\x02\
\x13\x00\x03\x00\x00\x13\x11\x23\x11\xa0\x46\x02\x13\xfd\xed\x02\
\x13\x00\x00\x00\x01\x00\x15\xff\xf4\x01\x3e\x02\x13\x00\x10\x00\
\x00\x3f\x01\x1e\x01\x33\x32\x35\x11\x33\x11\x14\x0e\x02\x23\x22\
\x26\x15\x42\x07\x29\x1f\x52\x46\x0c\x1e\x3e\x2c\x3a\x4f\x64\x13\
\x1e\x25\x72\x01\x6d\xfe\x90\x1f\x37\x38\x21\x3e\x00\x00\x00\x00\
\x01\x00\x5a\x00\x00\x02\x03\x02\x13\x00\x0c\x00\x00\x13\x15\x33\
\x37\x33\x05\x01\x23\x03\x23\x11\x23\x11\xa0\x02\xef\x63\xfe\xfc\
\x01\x13\x66\xfb\x02\x46\x02\x13\xeb\xeb\xf3\xfe\xe0\x01\x14\xfe\
\xec\x02\x13\x00\x01\x00\x5a\x00\x00\x01\x8f\x02\x13\x00\x05\x00\
\x00\x13\x11\x33\x15\x21\x11\xa0\xef\xfe\xcb\x02\x13\xfe\x2c\x3f\
\x02\x13\x00\x00\x01\x00\x5a\x00\x00\x02\x7a\x02\x13\x00\x0f\x00\
\x00\x1b\x01\x33\x13\x33\x11\x23\x11\x23\x03\x23\x03\x23\x11\x23\
\x11\xc8\xa3\x02\xa0\x6d\x46\x02\xb3\x2b\xb3\x01\x46\x02\x13\xfe\
\x62\x01\x9e\xfd\xed\x01\xbf\xfe\x41\x01\xbf\xfe\x41\x02\x13\x00\
\x01\x00\x5a\x00\x00\x02\x0b\x02\x13\x00\x0b\x00\x00\x13\x01\x33\
\x11\x33\x11\x23\x01\x23\x11\x23\x11\xb5\x01\x0e\x02\x46\x58\xfe\
\xee\x01\x46\x02\x13\xfe\x53\x01\xad\xfd\xed\x01\xb6\xfe\x4a\x02\
\x13\x00\x00\x00\x02\x00\x38\xff\xf4\x02\x68\x02\x1f\x00\x09\x00\
\x14\x00\x00\x00\x14\x06\x23\x22\x26\x34\x36\x33\x32\x13\x34\x26\
\x23\x22\x06\x14\x16\x33\x32\x36\x02\x68\xa0\x79\x78\x9f\x9e\x79\
\x7a\x53\x71\x5c\x5b\x70\x70\x5b\x5c\x71\x01\x84\xf2\x9e\x9e\xf2\
\x9b\xfe\xec\x5a\x7d\x7c\xb6\x7d\x7d\x00\x00\x00\x02\x00\x5a\x00\
\x00\x01\xba\x02\x13\x00\x09\x00\x11\x00\x00\x33\x11\x33\x32\x16\
\x14\x06\x2b\x01\x15\x11\x15\x33\x32\x36\x35\x34\x23\x5a\xa5\x57\
\x64\x6a\x55\x5b\x57\x39\x43\x7c\x02\x13\x51\x98\x52\xd8\x01\xd5\
\xc2\x33\x30\x5f\x00\x00\x00\x00\x02\x00\x38\x00\x00\x02\x81\x02\
\x1f\x00\x0d\x00\x18\x00\x00\x25\x15\x21\x22\x26\x35\x34\x36\x32\
\x16\x15\x14\x07\x15\x25\x14\x16\x33\x32\x36\x34\x26\x23\x22\x06\
\x02\x81\xfe\xca\x79\x9a\x9d\xec\x9b\x6d\xfe\x95\x6d\x5a\x59\x6e\
\x6e\x59\x58\x6f\x3f\x3f\x95\x79\x77\x9a\x9a\x77\x8b\x42\x02\xcf\
\x5a\x75\x76\xb2\x7b\x7b\x00\x00\x02\x00\x5a\x00\x00\x01\xd0\x02\
\x13\x00\x0d\x00\x14\x00\x00\x37\x15\x23\x11\x33\x32\x16\x15\x14\
\x06\x07\x17\x23\x2f\x01\x15\x33\x32\x35\x34\x23\xa0\x46\xa8\x54\
\x67\x47\x3b\x95\x55\x8a\x51\x57\x7f\x7a\xed\xed\x02\x13\x46\x4c\
\x39\x49\x09\xf6\xed\xe8\xab\x57\x54\x00\x00\x00\x01\x00\x28\xff\
\xf4\x01\x8b\x02\x1f\x00\x2c\x00\x00\x01\x07\x26\x23\x22\x06\x15\
\x14\x1e\x02\x17\x1e\x04\x15\x14\x06\x23\x22\x26\x27\x37\x1e\x01\
\x33\x32\x36\x35\x34\x2e\x02\x27\x26\x27\x2e\x01\x35\x34\x36\x33\
\x32\x01\x85\x32\x25\x44\x2a\x3f\x0f\x25\x1b\x1e\x1f\x1d\x33\x19\
\x15\x6a\x4c\x33\x5e\x1c\x38\x12\x3f\x25\x2b\x43\x11\x26\x21\x1d\
\x07\x03\x41\x4a\x6b\x49\x61\x01\xe1\x30\x32\x2c\x2a\x16\x1e\x16\
\x0b\x09\x0a\x0a\x1b\x1c\x30\x1f\x4e\x53\x29\x25\x2f\x1d\x23\x30\
\x2d\x17\x21\x16\x0d\x09\x02\x01\x14\x40\x41\x49\x4c\x00\x00\x00\
\x01\x00\x0c\x00\x00\x01\xaa\x02\x13\x00\x07\x00\x00\x13\x11\x23\
\x11\x23\x35\x21\x15\xfd\x46\xab\x01\x9e\x01\xd5\xfe\x2b\x01\xd5\
\x3e\x3e\x00\x00\x01\x00\x52\xff\xf4\x01\xea\x02\x13\x00\x10\x00\
\x00\x05\x22\x26\x35\x11\x33\x11\x14\x16\x32\x36\x35\x11\x33\x11\
\x14\x06\x01\x1e\x65\x67\x46\x40\x8c\x40\x46\x68\x0c\x7b\x58\x01\
\x4c\xfe\xb9\x41\x57\x58\x40\x01\x47\xfe\xb4\x58\x7b\x00\x00\x00\
\x01\x00\x08\x00\x00\x01\xe9\x02\x13\x00\x07\x00\x00\x1b\x01\x33\
\x13\x33\x03\x23\x03\x55\xa3\x02\xa2\x4d\xcf\x43\xcf\x02\x13\xfe\
\x48\x01\xb8\xfd\xed\x02\x13\x00\x01\x00\x16\x00\x00\x02\xe8\x02\
\x13\x00\x0f\x00\x00\x1b\x01\x33\x13\x33\x13\x33\x13\x33\x03\x23\
\x03\x23\x03\x23\x03\x61\x78\x02\x7d\x4f\x7d\x02\x77\x4b\x9c\x4b\
\x81\x01\x83\x4a\x9c\x02\x13\xfe\x53\x01\xad\xfe\x53\x01\xad\xfd\
\xed\x01\xb0\xfe\x50\x02\x13\x00\x01\x00\x0a\x00\x00\x01\xe0\x02\
\x13\x00\x0b\x00\x00\x13\x17\x37\x33\x07\x13\x23\x27\x07\x23\x13\
\x27\x72\x83\x81\x53\xa9\xc0\x58\x93\x93\x58\xbf\xae\x02\x13\xc9\
\xc9\xfb\xfe\xe8\xe3\xe3\x01\x18\xfb\x00\x00\x00\x01\x00\x00\x00\
\x00\x01\xd4\x02\x13\x00\x08\x00\x00\x25\x15\x23\x35\x03\x33\x17\
\x37\x33\x01\x0c\x46\xc6\x54\x96\x96\x54\xe6\xe6\xe6\x01\x2d\xf3\
\xf3\x00\x00\x00\x01\x00\x35\x00\x00\x01\xbd\x02\x13\x00\x09\x00\
\x00\x01\x15\x01\x21\x15\x21\x35\x01\x21\x35\x01\xb8\xfe\xd3\x01\
\x32\xfe\x78\x01\x2c\xfe\xda\x02\x13\x3c\xfe\x68\x3f\x3d\x01\x98\
\x3e\x00\x00\x00\x03\x00\x06\x00\x00\x02\x10\x02\xe2\x00\x07\x00\
\x0a\x00\x0e\x00\x00\x37\x07\x23\x13\x33\x13\x23\x27\x0b\x01\x33\
\x03\x27\x33\x17\x88\x38\x4a\xe5\x41\xe4\x4f\x37\x80\x69\xd0\x85\
\x84\x5b\x64\x85\x85\x02\x13\xfd\xed\x85\x01\x3d\xff\x00\x01\x90\
\x90\x90\x00\x00\x03\x00\x06\x00\x00\x02\x10\x02\xe2\x00\x07\x00\
\x0a\x00\x0e\x00\x00\x37\x07\x23\x13\x33\x13\x23\x27\x0b\x01\x33\
\x13\x07\x23\x37\x88\x38\x4a\xe5\x41\xe4\x4f\x37\x80\x69\xd0\x3f\
\x84\x3b\x64\x85\x85\x02\x13\xfd\xed\x85\x01\x3d\xff\x00\x02\x20\
\x90\x90\x00\x00\x03\x00\x06\x00\x00\x02\x10\x02\xe2\x00\x07\x00\
\x0a\x00\x11\x00\x00\x37\x07\x23\x13\x33\x13\x23\x27\x0b\x01\x33\
\x03\x17\x23\x27\x07\x23\x37\x88\x38\x4a\xe5\x41\xe4\x4f\x37\x80\
\x69\xd0\x3e\x6d\x42\x53\x53\x42\x6d\x85\x85\x02\x13\xfd\xed\x85\
\x01\x3d\xff\x00\x02\x20\x90\x6c\x6c\x90\x00\x00\x03\x00\x06\x00\
\x00\x02\x10\x02\xcf\x00\x07\x00\x0a\x00\x1b\x00\x00\x37\x07\x23\
\x13\x33\x13\x23\x27\x0b\x01\x33\x03\x23\x36\x33\x32\x17\x16\x33\
\x32\x37\x33\x06\x23\x22\x26\x23\x22\x88\x38\x4a\xe5\x41\xe4\x4f\
\x37\x80\x69\xd0\xdd\x2b\x12\x4a\x1b\x2e\x32\x11\x25\x0c\x2b\x12\
\x4a\x1d\x58\x17\x25\x85\x85\x02\x13\xfd\xed\x85\x01\x3d\xff\x00\
\x01\xa1\x68\x17\x17\x32\x68\x2e\x00\x00\x00\x00\x04\x00\x06\x00\
\x00\x02\x10\x02\xd8\x00\x07\x00\x0a\x00\x12\x00\x1a\x00\x00\x37\
\x07\x23\x13\x33\x13\x23\x27\x0b\x01\x33\x02\x34\x36\x32\x16\x14\
\x06\x22\x36\x34\x36\x32\x16\x14\x06\x22\x88\x38\x4a\xe5\x41\xe4\
\x4f\x37\x80\x69\xd0\xf9\x1d\x2c\x1d\x1d\x2c\xa3\x1d\x2c\x1d\x1d\
\x2c\x85\x85\x02\x13\xfd\xed\x85\x01\x3d\xff\x00\x01\xcf\x28\x1f\
\x1f\x28\x1f\x1f\x28\x1f\x1f\x28\x1f\x00\x00\x00\x03\x00\x06\x00\
\x00\x02\x10\x02\xac\x00\x07\x00\x0a\x00\x0e\x00\x00\x37\x07\x23\
\x13\x33\x13\x23\x27\x0b\x01\x33\x13\x15\x21\x35\x88\x38\x4a\xe5\
\x41\xe4\x4f\x37\x80\x69\xd0\x21\xfe\xf2\x85\x85\x02\x13\xfd\xed\
\x85\x01\x3d\xff\x00\x01\xea\x36\x36\x00\x00\x00\x03\x00\x06\x00\
\x00\x02\x10\x02\xe2\x00\x07\x00\x0a\x00\x16\x00\x00\x37\x07\x23\
\x13\x33\x13\x23\x27\x0b\x01\x33\x13\x33\x0e\x01\x22\x26\x27\x33\
\x1e\x01\x32\x36\x88\x38\x4a\xe5\x41\xe4\x4f\x37\x80\x69\xd0\x01\
\x2c\x04\x51\x7c\x51\x04\x2c\x06\x3a\x4e\x3a\x85\x85\x02\x13\xfd\
\xed\x85\x01\x3d\xff\x00\x02\x20\x3d\x47\x47\x3d\x26\x28\x28\x00\
\x04\x00\x06\x00\x00\x02\x10\x03\x07\x00\x07\x00\x0a\x00\x12\x00\
\x1a\x00\x00\x37\x07\x23\x13\x33\x13\x23\x27\x0b\x01\x33\x02\x14\
\x06\x22\x26\x34\x36\x32\x16\x34\x26\x22\x06\x14\x16\x32\x88\x38\
\x4a\xe5\x41\xe4\x4f\x37\x80\x69\xd0\x06\x39\x4e\x39\x39\x4e\x15\
\x23\x32\x23\x23\x32\x85\x85\x02\x13\xfd\xed\x85\x01\x3d\xff\x00\
\x02\x0e\x50\x37\x37\x50\x37\x78\x32\x22\x22\x32\x22\x00\x00\x00\
\x02\x00\x06\xff\x21\x02\x1c\x02\x13\x00\x17\x00\x1a\x00\x00\x05\
\x17\x06\x23\x22\x26\x35\x34\x37\x27\x21\x07\x23\x13\x33\x13\x23\
\x0e\x01\x15\x14\x16\x33\x32\x0b\x01\x33\x02\x09\x13\x26\x34\x24\
\x36\x59\x37\xfe\xfe\x38\x4a\xe5\x41\xe4\x1f\x29\x24\x1d\x15\x1f\
\xeb\x69\xd0\x93\x28\x24\x30\x25\x42\x48\x85\x85\x02\x13\xfd\xed\
\x29\x35\x1b\x15\x1b\x02\x6b\xff\x00\x00\x00\x00\x02\xff\xec\x00\
\x00\x02\xcf\x02\x13\x00\x0f\x00\x13\x00\x00\x25\x15\x21\x15\x21\
\x35\x23\x07\x23\x01\x21\x15\x21\x15\x33\x15\x25\x03\x33\x11\x01\
\xb8\x01\x17\xfe\xa3\xd9\x5c\x51\x01\x59\x01\x7f\xfe\xf4\xfc\xfe\
\xb4\xa9\xb3\xf5\xb6\x3f\x8f\x8f\x02\x13\x3e\xa3\x3d\xe0\xfe\xf7\
\x01\x09\x00\x00\x02\x00\x38\xff\xf4\x02\x19\x02\xe2\x00\x17\x00\
\x1b\x00\x00\x25\x17\x06\x23\x22\x26\x35\x34\x36\x33\x32\x16\x17\
\x07\x2e\x01\x23\x22\x06\x15\x14\x16\x33\x32\x13\x07\x23\x37\x01\
\xe1\x38\x45\x86\x79\x9d\x9f\x7a\x39\x69\x1c\x38\x13\x49\x2a\x5c\
\x71\x70\x5b\x60\x1f\x84\x3b\x64\x7b\x25\x62\x9c\x7a\x7b\x9a\x2c\
\x27\x2b\x1c\x23\x7b\x5b\x5c\x7a\x02\xae\x90\x90\x00\x00\x00\x00\
\x02\x00\x38\xff\xf4\x02\x19\x02\xe2\x00\x17\x00\x1e\x00\x00\x25\
\x17\x06\x23\x22\x26\x35\x34\x36\x33\x32\x16\x17\x07\x2e\x01\x23\
\x22\x06\x15\x14\x16\x33\x32\x03\x17\x23\x27\x07\x23\x37\x01\xe1\
\x38\x45\x86\x79\x9d\x9f\x7a\x39\x69\x1c\x38\x13\x49\x2a\x5c\x71\
\x70\x5b\x60\x37\x6d\x42\x53\x53\x42\x6d\x7b\x25\x62\x9c\x7a\x7b\
\x9a\x2c\x27\x2b\x1c\x23\x7b\x5b\x5c\x7a\x02\xae\x90\x6c\x6c\x90\
\x00\x00\x00\x00\x02\x00\x38\xff\xf4\x02\x19\x02\xe2\x00\x17\x00\
\x1e\x00\x00\x25\x17\x06\x23\x22\x26\x35\x34\x36\x33\x32\x16\x17\
\x07\x2e\x01\x23\x22\x06\x15\x14\x16\x33\x32\x13\x07\x23\x27\x33\
\x17\x37\x01\xe1\x38\x45\x86\x79\x9d\x9f\x7a\x39\x69\x1c\x38\x13\
\x49\x2a\x5c\x71\x70\x5b\x60\x35\x6d\x50\x6d\x42\x53\x53\x7b\x25\
\x62\x9c\x7a\x7b\x9a\x2c\x27\x2b\x1c\x23\x7b\x5b\x5c\x7a\x02\xae\
\x90\x90\x6c\x6c\x00\x00\x00\x00\x02\x00\x38\xff\xf4\x02\x19\x02\
\xd6\x00\x17\x00\x1f\x00\x00\x25\x17\x06\x23\x22\x26\x35\x34\x36\
\x33\x32\x16\x17\x07\x2e\x01\x23\x22\x06\x15\x14\x16\x33\x32\x02\
\x14\x06\x22\x26\x34\x36\x32\x01\xe1\x38\x45\x86\x79\x9d\x9f\x7a\
\x39\x69\x1c\x38\x13\x49\x2a\x5c\x71\x70\x5b\x60\x2e\x1d\x26\x1d\
\x1d\x26\x7b\x25\x62\x9c\x7a\x7b\x9a\x2c\x27\x2b\x1c\x23\x7b\x5b\
\x5c\x7a\x02\x86\x28\x1c\x1c\x28\x1c\x00\x00\x00\x01\x00\x38\xff\
\x1a\x02\x19\x02\x1f\x00\x2e\x00\x00\x25\x17\x06\x0f\x01\x36\x33\
\x32\x16\x15\x14\x06\x23\x22\x27\x37\x16\x33\x32\x36\x35\x34\x23\
\x22\x07\x27\x37\x2e\x01\x35\x34\x36\x33\x32\x16\x17\x07\x2e\x01\
\x23\x22\x06\x15\x14\x16\x33\x32\x01\xe1\x38\x42\x84\x27\x0d\x16\
\x21\x31\x46\x30\x33\x2b\x10\x1f\x29\x15\x2b\x36\x16\x15\x12\x37\
\x6b\x86\x9f\x7a\x39\x69\x1c\x38\x13\x49\x2a\x5c\x71\x70\x5b\x60\
\x7b\x25\x5f\x03\x3f\x04\x26\x22\x2e\x29\x14\x24\x0e\x16\x16\x27\
\x08\x0f\x58\x0c\x98\x70\x7b\x9a\x2c\x27\x2b\x1c\x23\x7b\x5b\x5c\
\x7a\x00\x00\x00\x03\x00\x5a\x00\x00\x02\x2c\x02\xe2\x00\x0c\x00\
\x15\x00\x1c\x00\x00\x33\x11\x33\x32\x1e\x02\x15\x14\x0e\x02\x23\
\x03\x11\x33\x32\x36\x35\x34\x26\x23\x13\x07\x23\x27\x33\x17\x37\
\x5a\xb5\x35\x62\x54\x32\x33\x53\x63\x34\x6f\x60\x65\x7c\x7b\x66\
\xba\x6d\x50\x6d\x42\x53\x53\x02\x13\x1f\x3e\x69\x43\x41\x69\x3f\
\x21\x01\xd5\xfe\x6a\x6f\x5c\x5e\x6d\x01\x0d\x90\x90\x6c\x6c\x00\
\x02\x00\x11\x00\x00\x02\x2c\x02\x13\x00\x10\x00\x1d\x00\x00\x37\
\x35\x33\x35\x33\x32\x1e\x02\x15\x14\x0e\x02\x2b\x01\x35\x37\x15\
\x33\x15\x23\x15\x33\x32\x36\x35\x34\x26\x23\x11\x49\xb5\x35\x62\
\x54\x32\x33\x53\x63\x34\xb5\x46\x91\x91\x60\x65\x7c\x7b\x66\xfb\
\x34\xe4\x1f\x3e\x69\x43\x41\x69\x3f\x21\xfb\xda\xa6\x34\xbc\x6f\
\x5c\x5e\x6d\x00\x02\x00\x11\x00\x00\x02\x2c\x02\x13\x00\x10\x00\
\x1d\x00\x00\x37\x35\x33\x35\x33\x32\x1e\x02\x15\x14\x0e\x02\x2b\
\x01\x35\x37\x15\x33\x15\x23\x15\x33\x32\x36\x35\x34\x26\x23\x11\
\x49\xb5\x35\x62\x54\x32\x33\x53\x63\x34\xb5\x46\x91\x91\x60\x65\
\x7c\x7b\x66\xfb\x34\xe4\x1f\x3e\x69\x43\x41\x69\x3f\x21\xfb\xda\
\xa6\x34\xbc\x6f\x5c\x5e\x6d\x00\x02\x00\x5a\x00\x00\x01\xb7\x02\
\xe2\x00\x0b\x00\x0f\x00\x00\x37\x15\x21\x15\x21\x11\x21\x15\x21\
\x15\x33\x15\x03\x27\x33\x17\xa0\x01\x17\xfe\xa3\x01\x52\xfe\xf4\
\xfc\xa4\x84\x5b\x64\xf5\xb6\x3f\x02\x13\x3e\xa3\x3d\x01\x5d\x90\
\x90\x00\x00\x00\x02\x00\x5a\x00\x00\x01\xb7\x02\xe2\x00\x0b\x00\
\x0f\x00\x00\x37\x15\x21\x15\x21\x11\x21\x15\x21\x15\x33\x15\x03\
\x07\x23\x37\xa0\x01\x17\xfe\xa3\x01\x52\xfe\xf4\xfc\x05\x84\x3b\
\x64\xf5\xb6\x3f\x02\x13\x3e\xa3\x3d\x01\xed\x90\x90\x00\x00\x00\
\x02\x00\x5a\x00\x00\x01\xb7\x02\xe2\x00\x0b\x00\x12\x00\x00\x37\
\x15\x21\x15\x21\x11\x21\x15\x21\x15\x33\x15\x03\x17\x23\x27\x07\
\x23\x37\xa0\x01\x17\xfe\xa3\x01\x52\xfe\xf4\xfc\x73\x6d\x42\x53\
\x53\x42\x6d\xf5\xb6\x3f\x02\x13\x3e\xa3\x3d\x01\xed\x90\x6c\x6c\
\x90\x00\x00\x00\x02\x00\x5a\x00\x00\x01\xb7\x02\xe2\x00\x0b\x00\
\x12\x00\x00\x37\x15\x21\x15\x21\x11\x21\x15\x21\x15\x33\x15\x03\
\x07\x23\x27\x33\x17\x37\xa0\x01\x17\xfe\xa3\x01\x52\xfe\xf4\xfc\
\x01\x6d\x50\x6d\x42\x53\x53\xf5\xb6\x3f\x02\x13\x3e\xa3\x3d\x01\
\xed\x90\x90\x6c\x6c\x00\x00\x00\x03\x00\x5a\x00\x00\x01\xb7\x02\
\xd8\x00\x0b\x00\x13\x00\x1b\x00\x00\x37\x15\x21\x15\x21\x11\x21\
\x15\x21\x15\x33\x15\x00\x34\x36\x32\x16\x14\x06\x22\x36\x34\x36\
\x32\x16\x14\x06\x22\xa0\x01\x17\xfe\xa3\x01\x52\xfe\xf4\xfc\xfe\
\xd5\x1d\x2c\x1d\x1d\x2c\xa3\x1d\x2c\x1d\x1d\x2c\xf5\xb6\x3f\x02\
\x13\x3e\xa3\x3d\x01\x9c\x28\x1f\x1f\x28\x1f\x1f\x28\x1f\x1f\x28\
\x1f\x00\x00\x00\x02\x00\x5a\x00\x00\x01\xb7\x02\xac\x00\x0b\x00\
\x0f\x00\x00\x37\x15\x21\x15\x21\x11\x21\x15\x21\x15\x33\x15\x03\
\x15\x21\x35\xa0\x01\x17\xfe\xa3\x01\x52\xfe\xf4\xfc\x0e\xfe\xf2\
\xf5\xb6\x3f\x02\x13\x3e\xa3\x3d\x01\xb7\x36\x36\x00\x00\x00\x00\
\x02\x00\x5a\x00\x00\x01\xb7\x02\xe2\x00\x0b\x00\x17\x00\x00\x37\
\x15\x21\x15\x21\x11\x21\x15\x21\x15\x33\x15\x03\x33\x0e\x01\x22\
\x26\x27\x33\x1e\x01\x32\x36\xa0\x01\x17\xfe\xa3\x01\x52\xfe\xf4\
\xfc\x33\x2c\x04\x51\x7c\x51\x04\x2c\x06\x3a\x4e\x3a\xf5\xb6\x3f\
\x02\x13\x3e\xa3\x3d\x01\xed\x3d\x47\x47\x3d\x26\x28\x28\x00\x00\
\x02\x00\x5a\x00\x00\x01\xb7\x02\xd6\x00\x0b\x00\x13\x00\x00\x37\
\x15\x21\x15\x21\x11\x21\x15\x21\x15\x33\x15\x02\x14\x06\x22\x26\
\x34\x36\x32\xa0\x01\x17\xfe\xa3\x01\x52\xfe\xf4\xfc\x64\x1d\x26\
\x1d\x1d\x26\xf5\xb6\x3f\x02\x13\x3e\xa3\x3d\x01\xc5\x28\x1c\x1c\
\x28\x1c\x00\x00\x01\x00\x5a\xff\x21\x01\xcf\x02\x13\x00\x1c\x00\
\x00\x05\x17\x06\x23\x22\x26\x35\x34\x37\x21\x11\x21\x15\x21\x15\
\x33\x15\x23\x15\x21\x15\x23\x0e\x01\x15\x14\x16\x33\x32\x01\xbc\
\x13\x26\x34\x25\x35\x59\xfe\xe6\x01\x52\xfe\xf4\xfc\xfc\x01\x17\
\x13\x29\x24\x1d\x15\x1f\x93\x28\x24\x30\x25\x42\x48\x02\x13\x3e\
\xa3\x3d\xb6\x3f\x29\x35\x1b\x15\x1b\x00\x00\x00\x02\x00\x38\xff\
\xf4\x02\x19\x02\xe2\x00\x18\x00\x1f\x00\x00\x01\x07\x26\x22\x06\
\x15\x14\x16\x33\x32\x37\x35\x23\x35\x33\x15\x06\x23\x22\x26\x35\
\x34\x36\x33\x32\x27\x17\x23\x27\x07\x23\x37\x02\x15\x32\x34\xba\
\x71\x71\x5e\x50\x30\x77\xbd\x57\x70\x7c\x9e\x9f\x7a\x7c\x53\x6d\
\x42\x53\x53\x42\x6d\x01\xd9\x32\x39\x7b\x5b\x5c\x7a\x1c\x95\x3d\
\xfe\x30\x9c\x7a\x7b\x9a\xc3\x90\x6c\x6c\x90\x00\x02\x00\x38\xff\
\xf4\x02\x19\x02\xe2\x00\x18\x00\x24\x00\x00\x01\x07\x26\x22\x06\
\x15\x14\x16\x33\x32\x37\x35\x23\x35\x33\x15\x06\x23\x22\x26\x35\
\x34\x36\x33\x32\x27\x33\x0e\x01\x22\x26\x27\x33\x1e\x01\x32\x36\
\x02\x15\x32\x34\xba\x71\x71\x5e\x50\x30\x77\xbd\x57\x70\x7c\x9e\
\x9f\x7a\x7c\x13\x2c\x04\x51\x7c\x51\x04\x2c\x06\x3a\x4e\x3a\x01\
\xd9\x32\x39\x7b\x5b\x5c\x7a\x1c\x95\x3d\xfe\x30\x9c\x7a\x7b\x9a\
\xc3\x3d\x47\x47\x3d\x26\x28\x28\x00\x00\x00\x00\x02\x00\x38\xff\
\xf4\x02\x19\x02\xd6\x00\x18\x00\x20\x00\x00\x01\x07\x26\x22\x06\
\x15\x14\x16\x33\x32\x37\x35\x23\x35\x33\x15\x06\x23\x22\x26\x35\
\x34\x36\x33\x32\x26\x14\x06\x22\x26\x34\x36\x32\x02\x15\x32\x34\
\xba\x71\x71\x5e\x50\x30\x77\xbd\x57\x70\x7c\x9e\x9f\x7a\x7c\x4d\
\x1d\x26\x1d\x1d\x26\x01\xd9\x32\x39\x7b\x5b\x5c\x7a\x1c\x95\x3d\
\xfe\x30\x9c\x7a\x7b\x9a\x9b\x28\x1c\x1c\x28\x1c\x00\x00\x00\x00\
\x02\x00\x38\xff\x1a\x02\x19\x02\x1f\x00\x18\x00\x1c\x00\x00\x01\
\x07\x26\x22\x06\x15\x14\x16\x33\x32\x37\x35\x23\x35\x33\x15\x06\
\x23\x22\x26\x35\x34\x36\x33\x32\x03\x07\x23\x37\x02\x15\x32\x34\
\xba\x71\x71\x5e\x50\x30\x77\xbd\x57\x70\x7c\x9e\x9f\x7a\x7c\x50\
\x4c\x39\x3e\x01\xd9\x32\x39\x7b\x5b\x5c\x7a\x1c\x95\x3d\xfe\x30\
\x9c\x7a\x7b\x9a\xfd\xb4\xb9\xb9\x00\x00\x00\x00\x01\x00\x5a\x00\
\x00\x02\x03\x02\x13\x00\x0c\x00\x00\x13\x15\x33\x37\x33\x05\x01\
\x23\x03\x23\x11\x23\x11\xa0\x02\xef\x63\xfe\xfc\x01\x13\x66\xfb\
\x02\x46\x02\x13\xeb\xeb\xf3\xfe\xe0\x01\x14\xfe\xec\x02\x13\x00\
\x02\x00\x5a\x00\x00\x02\x0d\x02\xe2\x00\x0b\x00\x12\x00\x00\x33\
\x11\x33\x15\x21\x35\x33\x11\x23\x35\x21\x15\x13\x17\x23\x27\x07\
\x23\x37\x5a\x46\x01\x27\x46\x46\xfe\xd9\xbb\x6d\x42\x53\x53\x42\
\x6d\x02\x13\xe1\xe1\xfd\xed\xf5\xf5\x02\xe2\x90\x6c\x6c\x90\x00\
\x02\x00\x5a\x00\x00\x02\x0d\x02\x13\x00\x0b\x00\x0f\x00\x00\x33\
\x11\x33\x15\x21\x35\x33\x11\x23\x35\x21\x15\x11\x21\x35\x21\x5a\
\x46\x01\x27\x46\x46\xfe\xd9\x01\x27\xfe\xd9\x02\x13\x6a\x6a\xfd\
\xed\xf5\xf5\x01\x32\x4f\x00\x00\x02\xff\xe2\x00\x00\x00\xa1\x02\
\xe2\x00\x03\x00\x07\x00\x00\x13\x11\x23\x11\x37\x27\x33\x17\xa0\
\x46\x0c\x84\x5b\x64\x02\x13\xfd\xed\x02\x13\x3f\x90\x90\x00\x00\
\x02\x00\x5a\x00\x00\x01\x1b\x02\xe2\x00\x03\x00\x07\x00\x00\x13\
\x11\x23\x11\x37\x07\x23\x37\xa0\x46\xc1\x84\x3b\x64\x02\x13\xfd\
\xed\x02\x13\xcf\x90\x90\x00\x00\x02\xff\xea\x00\x00\x01\x10\x02\
\xe2\x00\x03\x00\x0f\x00\x00\x13\x11\x23\x11\x37\x33\x0e\x01\x22\
\x26\x27\x33\x1e\x01\x32\x36\xa0\x46\x8a\x2c\x04\x51\x7c\x51\x04\
\x2c\x06\x3a\x4e\x3a\x02\x13\xfd\xed\x02\x13\xcf\x3d\x47\x47\x3d\
\x26\x28\x28\x00\x02\xff\xe7\x00\x00\x01\x11\x02\xe2\x00\x03\x00\
\x0a\x00\x00\x13\x11\x23\x11\x37\x17\x23\x27\x07\x23\x37\xa0\x46\
\x4a\x6d\x42\x53\x53\x42\x6d\x02\x13\xfd\xed\x02\x13\xcf\x90\x6c\
\x6c\x90\x00\x00\x02\xff\xda\x00\x00\x01\x1e\x02\xcf\x00\x03\x00\
\x14\x00\x00\x13\x11\x23\x11\x27\x23\x36\x33\x32\x17\x16\x33\x32\
\x37\x33\x06\x23\x22\x26\x23\x22\xa0\x46\x55\x2b\x12\x4a\x1b\x2e\
\x32\x11\x25\x0c\x2b\x12\x4a\x1d\x58\x17\x25\x02\x13\xfd\xed\x02\
\x13\x50\x68\x17\x17\x32\x68\x2e\x00\x00\x00\x00\x03\xff\xe9\x00\
\x00\x01\x0f\x02\xd8\x00\x03\x00\x0b\x00\x13\x00\x00\x13\x11\x23\
\x11\x26\x34\x36\x32\x16\x14\x06\x22\x36\x34\x36\x32\x16\x14\x06\
\x22\xa0\x46\x71\x1d\x2c\x1d\x1d\x2c\xa3\x1d\x2c\x1d\x1d\x2c\x02\
\x13\xfd\xed\x02\x13\x7e\x28\x1f\x1f\x28\x1f\x1f\x28\x1f\x1f\x28\
\x1f\x00\x00\x00\x02\xff\xf7\x00\x00\x01\x05\x02\xac\x00\x03\x00\
\x07\x00\x00\x13\x11\x23\x11\x37\x15\x21\x35\xa0\x46\xab\xfe\xf2\
\x02\x13\xfd\xed\x02\x13\x99\x36\x36\x00\x00\x00\x02\x00\x4e\x00\
\x00\x00\xae\x02\xb8\x00\x03\x00\x0b\x00\x00\x13\x11\x23\x11\x36\
\x14\x06\x22\x26\x34\x36\x32\xa0\x46\x54\x1d\x26\x1d\x1d\x26\x02\
\x13\xfd\xed\x02\x13\x89\x28\x1c\x1c\x28\x1c\x00\x01\x00\x17\xff\
\x21\x00\xcb\x02\x13\x00\x14\x00\x00\x1f\x01\x06\x23\x22\x26\x35\
\x34\x37\x23\x11\x33\x11\x06\x07\x06\x15\x14\x16\x33\x32\xb8\x13\
\x26\x34\x25\x35\x59\x16\x46\x2a\x0f\x14\x1d\x15\x1f\x93\x28\x24\
\x30\x25\x42\x48\x02\x13\xfd\xed\x2a\x16\x1d\x1c\x15\x1b\x00\x00\
\x02\x00\x15\xff\xf4\x01\xaf\x02\xe2\x00\x10\x00\x17\x00\x00\x3f\
\x01\x1e\x01\x33\x32\x35\x11\x33\x11\x14\x0e\x02\x23\x22\x26\x01\
\x17\x23\x27\x07\x23\x37\x15\x42\x07\x29\x1f\x52\x46\x0c\x1e\x3e\
\x2c\x3a\x4f\x01\x21\x6d\x42\x53\x53\x42\x6d\x64\x13\x1e\x25\x72\
\x01\x6d\xfe\x90\x1f\x37\x38\x21\x3e\x02\xb0\x90\x6c\x6c\x90\x00\
\x02\x00\x5a\xff\x1a\x02\x03\x02\x13\x00\x0c\x00\x10\x00\x00\x13\
\x15\x33\x37\x33\x05\x01\x23\x03\x23\x11\x23\x11\x13\x07\x23\x37\
\xa0\x02\xef\x63\xfe\xfc\x01\x13\x66\xfb\x02\x46\xe8\x4c\x39\x3e\
\x02\x13\xeb\xeb\xf3\xfe\xe0\x01\x14\xfe\xec\x02\x13\xfd\xc0\xb9\
\xb9\x00\x00\x00\x02\x00\x5a\x00\x00\x01\x8f\x02\xe2\x00\x05\x00\
\x09\x00\x00\x13\x11\x33\x15\x21\x11\x37\x07\x23\x37\xa0\xef\xfe\
\xcb\xc6\x84\x3b\x64\x02\x13\xfe\x2c\x3f\x02\x13\xcf\x90\x90\x00\
\x02\x00\x5a\x00\x00\x01\x8f\x02\x13\x00\x05\x00\x09\x00\x00\x13\
\x11\x33\x15\x21\x11\x21\x07\x23\x37\xa0\xef\xfe\xcb\x01\x0d\x4c\
\x39\x3e\x02\x13\xfe\x2c\x3f\x02\x13\xb9\xb9\x00\x02\x00\x5a\xff\
\x1a\x01\x8f\x02\x13\x00\x05\x00\x09\x00\x00\x13\x11\x33\x15\x21\
\x11\x13\x07\x23\x37\xa0\xef\xfe\xcb\xd0\x4c\x39\x3e\x02\x13\xfe\
\x2c\x3f\x02\x13\xfd\xc0\xb9\xb9\x00\x00\x00\x00\x01\x00\x08\x00\
\x00\x01\x8f\x02\x13\x00\x0d\x00\x00\x13\x15\x37\x15\x07\x15\x33\
\x15\x21\x35\x07\x35\x37\x35\xa0\x7b\x7b\xef\xfe\xcb\x52\x52\x02\
\x13\xa4\x66\x46\x66\xea\x3f\xef\x43\x46\x43\xde\x00\x00\x00\x00\
\x02\x00\x5a\x00\x00\x01\x8f\x02\x13\x00\x05\x00\x0d\x00\x00\x13\
\x11\x33\x15\x21\x11\x16\x14\x06\x22\x26\x34\x36\x32\xa0\xef\xfe\
\xcb\xf4\x1d\x26\x1d\x1d\x26\x02\x13\xfe\x2c\x3f\x02\x13\xc1\x28\
\x1c\x1c\x28\x1c\x00\x00\x00\x00\x02\x00\x5a\x00\x00\x02\x0b\x02\
\xe2\x00\x0b\x00\x0f\x00\x00\x13\x01\x33\x11\x33\x11\x23\x01\x23\
\x11\x23\x11\x25\x07\x23\x37\xb5\x01\x0e\x02\x46\x58\xfe\xee\x01\
\x46\x01\x60\x84\x3b\x64\x02\x13\xfe\x53\x01\xad\xfd\xed\x01\xb6\
\xfe\x4a\x02\x13\xcf\x90\x90\x00\x02\x00\x5a\x00\x00\x02\x0b\x02\
\xe2\x00\x0b\x00\x12\x00\x00\x13\x01\x33\x11\x33\x11\x23\x01\x23\
\x11\x23\x11\x25\x07\x23\x27\x33\x17\x37\xb5\x01\x0e\x02\x46\x58\
\xfe\xee\x01\x46\x01\x6f\x6d\x50\x6d\x42\x53\x53\x02\x13\xfe\x53\
\x01\xad\xfd\xed\x01\xb6\xfe\x4a\x02\x13\xcf\x90\x90\x6c\x6c\x00\
\x02\x00\x5a\x00\x00\x02\x0b\x02\xcf\x00\x0b\x00\x1c\x00\x00\x13\
\x01\x33\x11\x33\x11\x23\x01\x23\x11\x23\x11\x37\x23\x36\x33\x32\
\x17\x16\x33\x32\x37\x33\x06\x23\x22\x26\x23\x22\xb5\x01\x0e\x02\
\x46\x58\xfe\xee\x01\x46\x61\x2b\x12\x4a\x1b\x2e\x32\x11\x25\x0c\
\x2b\x12\x4a\x1d\x58\x17\x25\x02\x13\xfe\x53\x01\xad\xfd\xed\x01\
\xb6\xfe\x4a\x02\x13\x50\x68\x17\x17\x32\x68\x2e\x00\x00\x00\x00\
\x02\x00\x5a\xff\x1a\x02\x0b\x02\x13\x00\x0b\x00\x0f\x00\x00\x13\
\x01\x33\x11\x33\x11\x23\x01\x23\x11\x23\x11\x01\x07\x23\x37\xb5\
\x01\x0e\x02\x46\x58\xfe\xee\x01\x46\x01\x08\x4c\x39\x3e\x02\x13\
\xfe\x53\x01\xad\xfd\xed\x01\xb6\xfe\x4a\x02\x13\xfd\xc0\xb9\xb9\
\x00\x00\x00\x00\x03\x00\x38\xff\xf4\x02\x68\x02\xe2\x00\x09\x00\
\x14\x00\x18\x00\x00\x00\x14\x06\x23\x22\x26\x34\x36\x33\x32\x13\
\x34\x26\x23\x22\x06\x14\x16\x33\x32\x36\x03\x27\x33\x17\x02\x68\
\xa0\x79\x78\x9f\x9e\x79\x7a\x53\x71\x5c\x5b\x70\x70\x5b\x5c\x71\
\xdb\x84\x5b\x64\x01\x84\xf2\x9e\x9e\xf2\x9b\xfe\xec\x5a\x7d\x7c\
\xb6\x7d\x7d\x01\xa2\x90\x90\x00\x03\x00\x38\xff\xf4\x02\x68\x02\
\xe2\x00\x09\x00\x14\x00\x18\x00\x00\x00\x14\x06\x23\x22\x26\x34\
\x36\x33\x32\x13\x34\x26\x23\x22\x06\x14\x16\x33\x32\x36\x03\x07\
\x23\x37\x02\x68\xa0\x79\x78\x9f\x9e\x79\x7a\x53\x71\x5c\x5b\x70\
\x70\x5b\x5c\x71\x3d\x84\x3b\x64\x01\x84\xf2\x9e\x9e\xf2\x9b\xfe\
\xec\x5a\x7d\x7c\xb6\x7d\x7d\x02\x32\x90\x90\x00\x03\x00\x38\xff\
\xf4\x02\x68\x02\xe2\x00\x09\x00\x14\x00\x1b\x00\x00\x00\x14\x06\
\x23\x22\x26\x34\x36\x33\x32\x13\x34\x26\x23\x22\x06\x14\x16\x33\
\x32\x36\x03\x17\x23\x27\x07\x23\x37\x02\x68\xa0\x79\x78\x9f\x9e\
\x79\x7a\x53\x71\x5c\x5b\x70\x70\x5b\x5c\x71\xa4\x6d\x42\x53\x53\
\x42\x6d\x01\x84\xf2\x9e\x9e\xf2\x9b\xfe\xec\x5a\x7d\x7c\xb6\x7d\
\x7d\x02\x32\x90\x6c\x6c\x90\x00\x03\x00\x38\xff\xf4\x02\x68\x02\
\xcf\x00\x09\x00\x14\x00\x25\x00\x00\x00\x14\x06\x23\x22\x26\x34\
\x36\x33\x32\x13\x34\x26\x23\x22\x06\x14\x16\x33\x32\x36\x01\x23\
\x36\x33\x32\x17\x16\x33\x32\x37\x33\x06\x23\x22\x26\x23\x22\x02\
\x68\xa0\x79\x78\x9f\x9e\x79\x7a\x53\x71\x5c\x5b\x70\x70\x5b\x5c\
\x71\xfe\xbc\x2b\x12\x4a\x1b\x2e\x32\x11\x25\x0c\x2b\x12\x4a\x1d\
\x58\x17\x25\x01\x84\xf2\x9e\x9e\xf2\x9b\xfe\xec\x5a\x7d\x7c\xb6\
\x7d\x7d\x01\xb3\x68\x17\x17\x32\x68\x2e\x00\x00\x04\x00\x38\xff\
\xf4\x02\x68\x02\xd8\x00\x09\x00\x14\x00\x1c\x00\x24\x00\x00\x00\
\x14\x06\x23\x22\x26\x34\x36\x33\x32\x13\x34\x26\x23\x22\x06\x14\
\x16\x33\x32\x36\x00\x34\x36\x32\x16\x14\x06\x22\x36\x34\x36\x32\
\x16\x14\x06\x22\x02\x68\xa0\x79\x78\x9f\x9e\x79\x7a\x53\x71\x5c\
\x5b\x70\x70\x5b\x5c\x71\xfe\x9f\x1d\x2c\x1d\x1d\x2c\xa3\x1d\x2c\
\x1d\x1d\x2c\x01\x84\xf2\x9e\x9e\xf2\x9b\xfe\xec\x5a\x7d\x7c\xb6\
\x7d\x7d\x01\xe1\x28\x1f\x1f\x28\x1f\x1f\x28\x1f\x1f\x28\x1f\x00\
\x03\x00\x38\xff\xf4\x02\x68\x02\xac\x00\x09\x00\x14\x00\x18\x00\
\x00\x00\x14\x06\x23\x22\x26\x34\x36\x33\x32\x13\x34\x26\x23\x22\
\x06\x14\x16\x33\x32\x36\x03\x15\x21\x35\x02\x68\xa0\x79\x78\x9f\
\x9e\x79\x7a\x53\x71\x5c\x5b\x70\x70\x5b\x5c\x71\x45\xfe\xf2\x01\
\x84\xf2\x9e\x9e\xf2\x9b\xfe\xec\x5a\x7d\x7c\xb6\x7d\x7d\x01\xfc\
\x36\x36\x00\x00\x03\x00\x38\xff\xf4\x02\x68\x02\xe2\x00\x09\x00\
\x14\x00\x20\x00\x00\x00\x14\x06\x23\x22\x26\x34\x36\x33\x32\x13\
\x34\x26\x23\x22\x06\x14\x16\x33\x32\x36\x03\x33\x0e\x01\x22\x26\
\x27\x33\x1e\x01\x32\x36\x02\x68\xa0\x79\x78\x9f\x9e\x79\x7a\x53\
\x71\x5c\x5b\x70\x70\x5b\x5c\x71\x66\x2c\x04\x51\x7c\x51\x04\x2c\
\x06\x3a\x4e\x3a\x01\x84\xf2\x9e\x9e\xf2\x9b\xfe\xec\x5a\x7d\x7c\
\xb6\x7d\x7d\x02\x32\x3d\x47\x47\x3d\x26\x28\x28\x00\x00\x00\x00\
\x04\x00\x38\xff\xf4\x02\x68\x02\xe2\x00\x09\x00\x14\x00\x18\x00\
\x1c\x00\x00\x00\x14\x06\x23\x22\x26\x34\x36\x33\x32\x13\x34\x26\
\x23\x22\x06\x14\x16\x33\x32\x36\x03\x07\x23\x37\x21\x07\x23\x37\
\x02\x68\xa0\x79\x78\x9f\x9e\x79\x7a\x53\x71\x5c\x5b\x70\x70\x5b\
\x5c\x71\x8a\x85\x3b\x65\x01\x05\x84\x3b\x64\x01\x84\xf2\x9e\x9e\
\xf2\x9b\xfe\xec\x5a\x7d\x7c\xb6\x7d\x7d\x02\x32\x90\x90\x90\x90\
\x00\x00\x00\x00\x03\x00\x28\xff\xe4\x02\x68\x02\x2d\x00\x13\x00\
\x1b\x00\x23\x00\x00\x01\x14\x06\x23\x22\x27\x07\x27\x37\x26\x35\
\x34\x36\x33\x32\x17\x37\x17\x07\x16\x07\x34\x27\x01\x16\x33\x32\
\x36\x25\x14\x17\x01\x26\x23\x22\x06\x02\x68\xa0\x79\x6f\x4b\x4d\
\x20\x4e\x3e\x9e\x79\x69\x49\x44\x20\x43\x46\x4c\x2d\xfe\xd7\x38\
\x51\x5c\x71\xfe\x68\x25\x01\x27\x36\x4b\x5b\x70\x01\x0a\x7a\x9c\
\x3f\x4f\x1f\x50\x4c\x6b\x7b\x9a\x38\x46\x1f\x45\x4e\x71\x50\x3b\
\xfe\xd0\x33\x7c\x5c\x4a\x39\x01\x2e\x2e\x7e\x00\x02\x00\x40\x00\
\x00\x02\xcd\x02\x13\x00\x0f\x00\x17\x00\x00\x25\x15\x21\x15\x21\
\x22\x26\x34\x36\x33\x21\x15\x21\x15\x33\x15\x05\x33\x11\x23\x22\
\x06\x14\x16\x01\xb6\x01\x17\xfe\x83\x72\x9e\x9e\x72\x01\x72\xfe\
\xf4\xfc\xfe\x9e\x20\x20\x56\x70\x70\xf5\xb6\x3f\x95\xea\x94\x3e\
\xa3\x3d\xb6\x01\x96\x74\xae\x74\x00\x00\x00\x00\x03\x00\x5a\x00\
\x00\x01\xd0\x02\xe2\x00\x0d\x00\x14\x00\x18\x00\x00\x37\x15\x23\
\x11\x33\x32\x16\x15\x14\x06\x07\x17\x23\x2f\x01\x15\x33\x32\x35\
\x34\x23\x13\x07\x23\x37\xa0\x46\xa8\x54\x67\x47\x3b\x95\x55\x8a\
\x51\x57\x7f\x7a\x80\x84\x3b\x64\xed\xed\x02\x13\x46\x4c\x39\x49\
\x09\xf6\xed\xe8\xab\x57\x54\x01\x0d\x90\x90\x00\x03\x00\x5a\x00\
\x00\x01\xd0\x02\xe2\x00\x0d\x00\x14\x00\x1b\x00\x00\x37\x15\x23\
\x11\x33\x32\x16\x15\x14\x06\x07\x17\x23\x2f\x01\x15\x33\x32\x35\
\x34\x23\x13\x07\x23\x27\x33\x17\x37\xa0\x46\xa8\x54\x67\x47\x3b\
\x95\x55\x8a\x51\x57\x7f\x7a\x97\x6d\x50\x6d\x42\x53\x53\xed\xed\
\x02\x13\x46\x4c\x39\x49\x09\xf6\xed\xe8\xab\x57\x54\x01\x0d\x90\
\x90\x6c\x6c\x00\x03\x00\x5a\xff\x1a\x01\xd0\x02\x13\x00\x0d\x00\
\x14\x00\x18\x00\x00\x37\x15\x23\x11\x33\x32\x16\x15\x14\x06\x07\
\x17\x23\x2f\x01\x15\x33\x32\x35\x34\x23\x13\x07\x23\x37\xa0\x46\
\xa8\x54\x67\x47\x3b\x95\x55\x8a\x51\x57\x7f\x7a\x38\x4c\x39\x3e\
\xed\xed\x02\x13\x46\x4c\x39\x49\x09\xf6\xed\xe8\xab\x57\x54\xfd\
\xfe\xb9\xb9\x00\x02\x00\x28\xff\xf4\x01\x8b\x02\xe2\x00\x2c\x00\
\x30\x00\x00\x01\x07\x26\x23\x22\x06\x15\x14\x1e\x02\x17\x1e\x04\
\x15\x14\x06\x23\x22\x26\x27\x37\x1e\x01\x33\x32\x36\x35\x34\x2e\
\x02\x27\x26\x27\x2e\x01\x35\x34\x36\x33\x32\x37\x07\x23\x37\x01\
\x85\x32\x25\x44\x2a\x3f\x0f\x25\x1b\x1e\x1f\x1d\x33\x19\x15\x6a\
\x4c\x33\x5e\x1c\x38\x12\x3f\x25\x2b\x43\x11\x26\x21\x1d\x07\x03\
\x41\x4a\x6b\x49\x61\x1a\x84\x3b\x64\x01\xe1\x30\x32\x2c\x2a\x16\
\x1e\x16\x0b\x09\x0a\x0a\x1b\x1c\x30\x1f\x4e\x53\x29\x25\x2f\x1d\
\x23\x30\x2d\x17\x21\x16\x0d\x09\x02\x01\x14\x40\x41\x49\x4c\xc3\
\x90\x90\x00\x00\x02\x00\x28\xff\xf4\x01\x8b\x02\xe2\x00\x2c\x00\
\x33\x00\x00\x01\x07\x26\x23\x22\x06\x15\x14\x1e\x02\x17\x1e\x04\
\x15\x14\x06\x23\x22\x26\x27\x37\x1e\x01\x33\x32\x36\x35\x34\x2e\
\x02\x27\x26\x27\x2e\x01\x35\x34\x36\x33\x32\x27\x17\x23\x27\x07\
\x23\x37\x01\x85\x32\x25\x44\x2a\x3f\x0f\x25\x1b\x1e\x1f\x1d\x33\
\x19\x15\x6a\x4c\x33\x5e\x1c\x38\x12\x3f\x25\x2b\x43\x11\x26\x21\
\x1d\x07\x03\x41\x4a\x6b\x49\x61\x3a\x6d\x42\x53\x53\x42\x6d\x01\
\xe1\x30\x32\x2c\x2a\x16\x1e\x16\x0b\x09\x0a\x0a\x1b\x1c\x30\x1f\
\x4e\x53\x29\x25\x2f\x1d\x23\x30\x2d\x17\x21\x16\x0d\x09\x02\x01\
\x14\x40\x41\x49\x4c\xc3\x90\x6c\x6c\x90\x00\x00\x02\x00\x28\xff\
\xf4\x01\x8b\x02\xe2\x00\x2c\x00\x33\x00\x00\x01\x07\x26\x23\x22\
\x06\x15\x14\x1e\x02\x17\x1e\x04\x15\x14\x06\x23\x22\x26\x27\x37\
\x1e\x01\x33\x32\x36\x35\x34\x2e\x02\x27\x26\x27\x2e\x01\x35\x34\
\x36\x33\x32\x37\x07\x23\x27\x33\x17\x37\x01\x85\x32\x25\x44\x2a\
\x3f\x0f\x25\x1b\x1e\x1f\x1d\x33\x19\x15\x6a\x4c\x33\x5e\x1c\x38\
\x12\x3f\x25\x2b\x43\x11\x26\x21\x1d\x07\x03\x41\x4a\x6b\x49\x61\
\x32\x6d\x50\x6d\x42\x53\x53\x01\xe1\x30\x32\x2c\x2a\x16\x1e\x16\
\x0b\x09\x0a\x0a\x1b\x1c\x30\x1f\x4e\x53\x29\x25\x2f\x1d\x23\x30\
\x2d\x17\x21\x16\x0d\x09\x02\x01\x14\x40\x41\x49\x4c\xc3\x90\x90\
\x6c\x6c\x00\x00\x01\x00\x28\xff\x1a\x01\x8b\x02\x1f\x00\x42\x00\
\x00\x01\x07\x26\x23\x22\x06\x15\x14\x1e\x02\x17\x1e\x04\x15\x14\
\x06\x0f\x01\x36\x33\x32\x16\x15\x14\x06\x23\x22\x27\x37\x16\x33\
\x32\x36\x35\x34\x23\x22\x07\x27\x37\x26\x27\x37\x1e\x01\x33\x32\
\x36\x35\x34\x2e\x02\x27\x26\x27\x2e\x01\x35\x34\x36\x33\x32\x01\
\x85\x32\x25\x44\x2a\x3f\x0f\x25\x1b\x1e\x1f\x1d\x33\x19\x15\x5a\
\x43\x28\x0d\x16\x21\x31\x46\x30\x33\x2b\x10\x1f\x29\x15\x2b\x36\
\x16\x15\x12\x37\x68\x33\x38\x12\x3f\x25\x2b\x43\x11\x26\x21\x1d\
\x07\x03\x41\x4a\x6b\x49\x61\x01\xe1\x30\x32\x2c\x2a\x16\x1e\x16\
\x0b\x09\x0a\x0a\x1b\x1c\x30\x1f\x47\x52\x06\x41\x04\x26\x22\x2e\
\x29\x14\x24\x0e\x16\x16\x27\x08\x0f\x57\x09\x44\x2f\x1d\x23\x30\
\x2d\x17\x21\x16\x0d\x09\x02\x01\x14\x40\x41\x49\x4c\x00\x00\x00\
\x02\x00\x28\xff\x1a\x01\x8b\x02\x1f\x00\x2c\x00\x30\x00\x00\x01\
\x07\x26\x23\x22\x06\x15\x14\x1e\x02\x17\x1e\x04\x15\x14\x06\x23\
\x22\x26\x27\x37\x1e\x01\x33\x32\x36\x35\x34\x2e\x02\x27\x26\x27\
\x2e\x01\x35\x34\x36\x33\x32\x03\x07\x23\x37\x01\x85\x32\x25\x44\
\x2a\x3f\x0f\x25\x1b\x1e\x1f\x1d\x33\x19\x15\x6a\x4c\x33\x5e\x1c\
\x38\x12\x3f\x25\x2b\x43\x11\x26\x21\x1d\x07\x03\x41\x4a\x6b\x49\
\x61\x46\x4c\x39\x3e\x01\xe1\x30\x32\x2c\x2a\x16\x1e\x16\x0b\x09\
\x0a\x0a\x1b\x1c\x30\x1f\x4e\x53\x29\x25\x2f\x1d\x23\x30\x2d\x17\
\x21\x16\x0d\x09\x02\x01\x14\x40\x41\x49\x4c\xfd\xb4\xb9\xb9\x00\
\x02\x00\x0c\x00\x00\x01\xaa\x02\xe2\x00\x07\x00\x0e\x00\x00\x13\
\x11\x23\x11\x23\x35\x21\x15\x03\x07\x23\x27\x33\x17\x37\xfd\x46\
\xab\x01\x9e\x3a\x6d\x50\x6d\x42\x53\x53\x01\xd5\xfe\x2b\x01\xd5\
\x3e\x3e\x01\x0d\x90\x90\x6c\x6c\x00\x00\x00\x00\x02\x00\x0c\xff\
\x1a\x01\xaa\x02\x13\x00\x07\x00\x0b\x00\x00\x13\x11\x23\x11\x23\
\x35\x21\x15\x03\x07\x23\x37\xfd\x46\xab\x01\x9e\x9c\x4c\x39\x3e\
\x01\xd5\xfe\x2b\x01\xd5\x3e\x3e\xfd\xfe\xb9\xb9\x00\x00\x00\x00\
\x01\x00\x0c\x00\x00\x01\xaa\x02\x13\x00\x0f\x00\x00\x13\x35\x33\
\x35\x23\x35\x21\x15\x23\x15\x33\x15\x23\x11\x23\x11\x42\x75\xab\
\x01\x9e\xad\x77\x77\x46\x01\x3b\x2d\x6d\x3e\x3e\x6d\x2d\xfe\xc5\
\x01\x3b\x00\x00\x02\x00\x5b\x00\x00\x01\xbe\x02\x13\x00\x0b\x00\
\x13\x00\x00\x33\x11\x33\x15\x33\x32\x15\x14\x06\x2b\x01\x15\x11\
\x15\x33\x32\x35\x34\x26\x23\x5b\x46\x60\xbd\x63\x5e\x5c\x57\x7f\
\x3a\x44\x02\x13\x69\x90\x47\x4f\x84\x01\x6c\xab\x59\x2a\x28\x00\
\x02\x00\x52\xff\xf4\x01\xea\x02\xe2\x00\x10\x00\x14\x00\x00\x05\
\x22\x26\x35\x11\x33\x11\x14\x16\x32\x36\x35\x11\x33\x11\x14\x06\
\x03\x27\x33\x17\x01\x1e\x65\x67\x46\x40\x8c\x40\x46\x68\x73\x84\
\x5b\x64\x0c\x7b\x58\x01\x4c\xfe\xb9\x41\x57\x58\x40\x01\x47\xfe\
\xb4\x58\x7b\x02\x5e\x90\x90\x00\x02\x00\x52\xff\xf4\x01\xea\x02\
\xe2\x00\x10\x00\x14\x00\x00\x05\x22\x26\x35\x11\x33\x11\x14\x16\
\x32\x36\x35\x11\x33\x11\x14\x06\x13\x07\x23\x37\x01\x1e\x65\x67\
\x46\x40\x8c\x40\x46\x68\x31\x84\x3b\x64\x0c\x7b\x58\x01\x4c\xfe\
\xb9\x41\x57\x58\x40\x01\x47\xfe\xb4\x58\x7b\x02\xee\x90\x90\x00\
\x02\x00\x52\xff\xf4\x01\xea\x02\xe2\x00\x10\x00\x17\x00\x00\x05\
\x22\x26\x35\x11\x33\x11\x14\x16\x32\x36\x35\x11\x33\x11\x14\x06\
\x03\x17\x23\x27\x07\x23\x37\x01\x1e\x65\x67\x46\x40\x8c\x40\x46\
\x68\x3a\x6d\x42\x53\x53\x42\x6d\x0c\x7b\x58\x01\x4c\xfe\xb9\x41\
\x57\x58\x40\x01\x47\xfe\xb4\x58\x7b\x02\xee\x90\x6c\x6c\x90\x00\
\x02\x00\x52\xff\xf4\x01\xea\x02\xcf\x00\x10\x00\x21\x00\x00\x05\
\x22\x26\x35\x11\x33\x11\x14\x16\x32\x36\x35\x11\x33\x11\x14\x06\
\x03\x23\x36\x33\x32\x17\x16\x33\x32\x37\x33\x06\x23\x22\x26\x23\
\x22\x01\x1e\x65\x67\x46\x40\x8c\x40\x46\x68\xd9\x2b\x12\x4a\x1b\
\x2e\x32\x11\x25\x0c\x2b\x12\x4a\x1d\x58\x17\x25\x0c\x7b\x58\x01\
\x4c\xfe\xb9\x41\x57\x58\x40\x01\x47\xfe\xb4\x58\x7b\x02\x6f\x68\
\x17\x17\x32\x68\x2e\x00\x00\x00\x03\x00\x52\xff\xf4\x01\xea\x02\
\xd8\x00\x10\x00\x18\x00\x20\x00\x00\x05\x22\x26\x35\x11\x33\x11\
\x14\x16\x32\x36\x35\x11\x33\x11\x14\x06\x02\x34\x36\x32\x16\x14\
\x06\x22\x36\x34\x36\x32\x16\x14\x06\x22\x01\x1e\x65\x67\x46\x40\
\x8c\x40\x46\x68\xf5\x1d\x2c\x1d\x1d\x2c\xa3\x1d\x2c\x1d\x1d\x2c\
\x0c\x7b\x58\x01\x4c\xfe\xb9\x41\x57\x58\x40\x01\x47\xfe\xb4\x58\
\x7b\x02\x9d\x28\x1f\x1f\x28\x1f\x1f\x28\x1f\x1f\x28\x1f\x00\x00\
\x02\x00\x52\xff\xf4\x01\xea\x02\xac\x00\x10\x00\x14\x00\x00\x05\
\x22\x26\x35\x11\x33\x11\x14\x16\x32\x36\x35\x11\x33\x11\x14\x06\
\x13\x15\x21\x35\x01\x1e\x65\x67\x46\x40\x8c\x40\x46\x68\x25\xfe\
\xf2\x0c\x7b\x58\x01\x4c\xfe\xb9\x41\x57\x58\x40\x01\x47\xfe\xb4\
\x58\x7b\x02\xb8\x36\x36\x00\x00\x02\x00\x52\xff\xf4\x01\xea\x02\
\xe2\x00\x10\x00\x1c\x00\x00\x05\x22\x26\x35\x11\x33\x11\x14\x16\
\x32\x36\x35\x11\x33\x11\x14\x06\x13\x33\x0e\x01\x22\x26\x27\x33\
\x1e\x01\x32\x36\x01\x1e\x65\x67\x46\x40\x8c\x40\x46\x68\x05\x2c\
\x04\x51\x7c\x51\x04\x2c\x06\x3a\x4e\x3a\x0c\x7b\x58\x01\x4c\xfe\
\xb9\x41\x57\x58\x40\x01\x47\xfe\xb4\x58\x7b\x02\xee\x3d\x47\x47\
\x3d\x26\x28\x28\x00\x00\x00\x00\x03\x00\x52\xff\xf4\x01\xea\x03\
\x07\x00\x10\x00\x18\x00\x20\x00\x00\x05\x22\x26\x35\x11\x33\x11\
\x14\x16\x32\x36\x35\x11\x33\x11\x14\x06\x02\x14\x06\x22\x26\x34\
\x36\x32\x16\x34\x26\x22\x06\x14\x16\x32\x01\x1e\x65\x67\x46\x40\
\x8c\x40\x46\x68\x04\x39\x4e\x39\x39\x4e\x15\x23\x32\x23\x23\x32\
\x0c\x7b\x58\x01\x4c\xfe\xb9\x41\x57\x58\x40\x01\x47\xfe\xb4\x58\
\x7b\x02\xdc\x50\x37\x37\x50\x37\x78\x32\x22\x22\x32\x22\x00\x00\
\x03\x00\x52\xff\xf4\x02\x0d\x02\xe2\x00\x10\x00\x14\x00\x18\x00\
\x00\x05\x22\x26\x35\x11\x33\x11\x14\x16\x32\x36\x35\x11\x33\x11\
\x14\x06\x03\x07\x23\x37\x21\x07\x23\x37\x01\x1e\x65\x67\x46\x40\
\x8c\x40\x46\x68\x1f\x85\x3b\x65\x01\x05\x84\x3b\x64\x0c\x7b\x58\
\x01\x4c\xfe\xb9\x41\x57\x58\x40\x01\x47\xfe\xb4\x58\x7b\x02\xee\
\x90\x90\x90\x90\x00\x00\x00\x00\x01\x00\x52\xff\x21\x01\xea\x02\
\x13\x00\x20\x00\x00\x05\x17\x06\x23\x22\x26\x35\x34\x37\x2e\x01\
\x35\x11\x33\x11\x14\x16\x32\x36\x35\x11\x33\x11\x14\x06\x07\x0e\
\x01\x15\x14\x16\x33\x32\x01\x6b\x13\x26\x34\x24\x36\x4a\x60\x62\
\x46\x40\x8c\x40\x46\x51\x4f\x24\x20\x1d\x15\x1f\x93\x28\x24\x30\
\x25\x3e\x40\x04\x79\x56\x01\x4c\xfe\xb9\x41\x57\x58\x40\x01\x47\
\xfe\xb4\x4d\x75\x0d\x26\x31\x1a\x15\x1b\x00\x00\x02\x00\x16\x00\
\x00\x02\xe8\x02\xe2\x00\x0f\x00\x13\x00\x00\x1b\x01\x33\x13\x33\
\x13\x33\x13\x33\x03\x23\x03\x23\x03\x23\x03\x25\x07\x23\x37\x61\
\x78\x02\x7d\x4f\x7d\x02\x77\x4b\x9c\x4b\x81\x01\x83\x4a\x9c\x02\
\x09\x84\x3b\x64\x02\x13\xfe\x53\x01\xad\xfe\x53\x01\xad\xfd\xed\
\x01\xb0\xfe\x50\x02\x13\xcf\x90\x90\x00\x00\x00\x02\x00\x16\x00\
\x00\x02\xe8\x02\xe2\x00\x0f\x00\x16\x00\x00\x1b\x01\x33\x13\x33\
\x13\x33\x13\x33\x03\x23\x03\x23\x03\x23\x03\x25\x17\x23\x27\x07\
\x23\x37\x61\x78\x02\x7d\x4f\x7d\x02\x77\x4b\x9c\x4b\x81\x01\x83\
\x4a\x9c\x01\x92\x6d\x42\x53\x53\x42\x6d\x02\x13\xfe\x53\x01\xad\
\xfe\x53\x01\xad\xfd\xed\x01\xb0\xfe\x50\x02\x13\xcf\x90\x6c\x6c\
\x90\x00\x00\x00\x03\x00\x16\x00\x00\x02\xe8\x02\xd8\x00\x0f\x00\
\x17\x00\x1f\x00\x00\x1b\x01\x33\x13\x33\x13\x33\x13\x33\x03\x23\
\x03\x23\x03\x23\x03\x36\x34\x36\x32\x16\x14\x06\x22\x36\x34\x36\
\x32\x16\x14\x06\x22\x61\x78\x02\x7d\x4f\x7d\x02\x77\x4b\x9c\x4b\
\x81\x01\x83\x4a\x9c\xd6\x1d\x2c\x1d\x1d\x2c\xa3\x1d\x2c\x1d\x1d\
\x2c\x02\x13\xfe\x53\x01\xad\xfe\x53\x01\xad\xfd\xed\x01\xb0\xfe\
\x50\x02\x13\x7e\x28\x1f\x1f\x28\x1f\x1f\x28\x1f\x1f\x28\x1f\x00\
\x02\x00\x16\x00\x00\x02\xe8\x02\xe2\x00\x0f\x00\x13\x00\x00\x1b\
\x01\x33\x13\x33\x13\x33\x13\x33\x03\x23\x03\x23\x03\x23\x03\x25\
\x27\x33\x17\x61\x78\x02\x7d\x4f\x7d\x02\x77\x4b\x9c\x4b\x81\x01\
\x83\x4a\x9c\x01\x4e\x84\x5b\x64\x02\x13\xfe\x53\x01\xad\xfe\x53\
\x01\xad\xfd\xed\x01\xb0\xfe\x50\x02\x13\x3f\x90\x90\x00\x00\x00\
\x02\x00\x00\x00\x00\x01\xd4\x02\xe2\x00\x08\x00\x0c\x00\x00\x25\
\x15\x23\x35\x03\x33\x17\x37\x33\x27\x07\x23\x37\x01\x0c\x46\xc6\
\x54\x96\x96\x54\x61\x84\x3b\x64\xe6\xe6\xe6\x01\x2d\xf3\xf3\xcf\
\x90\x90\x00\x00\x02\x00\x00\x00\x00\x01\xd4\x02\xe2\x00\x08\x00\
\x0f\x00\x00\x25\x15\x23\x35\x03\x33\x17\x37\x33\x27\x17\x23\x27\
\x07\x23\x37\x01\x0c\x46\xc6\x54\x96\x96\x54\xc2\x6d\x42\x53\x53\
\x42\x6d\xe6\xe6\xe6\x01\x2d\xf3\xf3\xcf\x90\x6c\x6c\x90\x00\x00\
\x03\x00\x00\x00\x00\x01\xd4\x02\xd8\x00\x08\x00\x10\x00\x18\x00\
\x00\x25\x15\x23\x35\x03\x33\x17\x37\x33\x24\x34\x36\x32\x16\x14\
\x06\x22\x36\x34\x36\x32\x16\x14\x06\x22\x01\x0c\x46\xc6\x54\x96\
\x96\x54\xfe\x84\x1d\x2c\x1d\x1d\x2c\xa3\x1d\x2c\x1d\x1d\x2c\xe6\
\xe6\xe6\x01\x2d\xf3\xf3\x7e\x28\x1f\x1f\x28\x1f\x1f\x28\x1f\x1f\
\x28\x1f\x00\x00\x02\x00\x00\x00\x00\x01\xd4\x02\xe2\x00\x08\x00\
\x0c\x00\x00\x25\x15\x23\x35\x03\x33\x17\x37\x33\x2f\x01\x33\x17\
\x01\x0c\x46\xc6\x54\x96\x96\x54\xf2\x84\x5b\x64\xe6\xe6\xe6\x01\
\x2d\xf3\xf3\x3f\x90\x90\x00\x00\x02\x00\x35\x00\x00\x01\xbd\x02\
\xe2\x00\x09\x00\x0d\x00\x00\x01\x15\x01\x21\x15\x21\x35\x01\x21\
\x35\x25\x07\x23\x37\x01\xb8\xfe\xd3\x01\x32\xfe\x78\x01\x2c\xfe\
\xda\x01\x36\x84\x3b\x64\x02\x13\x3c\xfe\x68\x3f\x3d\x01\x98\x3e\
\xcf\x90\x90\x00\x02\x00\x35\x00\x00\x01\xbd\x02\xe2\x00\x09\x00\
\x10\x00\x00\x01\x15\x01\x21\x15\x21\x35\x01\x21\x35\x25\x07\x23\
\x27\x33\x17\x37\x01\xb8\xfe\xd3\x01\x32\xfe\x78\x01\x2c\xfe\xda\
\x01\x58\x6d\x50\x6d\x42\x53\x53\x02\x13\x3c\xfe\x68\x3f\x3d\x01\
\x98\x3e\xcf\x90\x90\x6c\x6c\x00\x02\x00\x35\x00\x00\x01\xbd\x02\
\xd6\x00\x09\x00\x11\x00\x00\x01\x15\x01\x21\x15\x21\x35\x01\x21\
\x35\x36\x14\x06\x22\x26\x34\x36\x32\x01\xb8\xfe\xd3\x01\x32\xfe\
\x78\x01\x2c\xfe\xda\xed\x1d\x26\x1d\x1d\x26\x02\x13\x3c\xfe\x68\
\x3f\x3d\x01\x98\x3e\xa7\x28\x1c\x1c\x28\x1c\x00\x02\x00\x5a\xff\
\xf4\x02\x30\x02\x13\x00\x03\x00\x14\x00\x00\x13\x11\x23\x11\x13\
\x37\x1e\x01\x33\x32\x35\x11\x33\x11\x14\x0e\x02\x23\x22\x26\xa0\
\x46\xad\x42\x07\x29\x1f\x52\x46\x0c\x1e\x3e\x2c\x3a\x4f\x02\x13\
\xfd\xed\x02\x13\xfe\x51\x13\x1e\x25\x72\x01\x6d\xfe\x90\x1f\x37\
\x38\x21\x3e\x00\x02\x00\x2b\xff\xf4\x03\x4e\x02\x1f\x00\x2c\x00\
\x59\x00\x00\x01\x07\x26\x23\x22\x06\x15\x14\x1e\x02\x17\x1e\x04\
\x15\x14\x06\x23\x22\x26\x27\x37\x1e\x01\x33\x32\x36\x35\x34\x2e\
\x02\x27\x26\x27\x2e\x01\x35\x34\x36\x33\x32\x05\x07\x26\x23\x22\
\x06\x15\x14\x1e\x02\x17\x1e\x04\x15\x14\x06\x23\x22\x26\x27\x37\
\x1e\x01\x33\x32\x36\x35\x34\x2e\x02\x27\x26\x27\x2e\x01\x35\x34\
\x36\x33\x32\x01\x88\x32\x25\x44\x2a\x3f\x0f\x25\x1b\x1e\x1f\x1d\
\x33\x19\x15\x6a\x4c\x33\x5e\x1c\x38\x12\x3f\x25\x2b\x43\x11\x26\
\x21\x1d\x07\x03\x41\x4a\x6b\x49\x61\x01\xf6\x32\x25\x44\x2a\x3f\
\x0f\x25\x1b\x1e\x1f\x1d\x33\x19\x15\x6a\x4c\x33\x5e\x1c\x38\x12\
\x3f\x25\x2b\x43\x11\x26\x21\x1d\x07\x03\x41\x4a\x6b\x49\x61\x01\
\xe1\x30\x32\x2c\x2a\x16\x1e\x16\x0b\x09\x0a\x0a\x1b\x1c\x30\x1f\
\x4e\x53\x29\x25\x2f\x1d\x23\x30\x2d\x17\x21\x16\x0d\x09\x02\x01\
\x14\x40\x41\x49\x4c\x3e\x30\x32\x2c\x2a\x16\x1e\x16\x0b\x09\x0a\
\x0a\x1b\x1c\x30\x1f\x4e\x53\x29\x25\x2f\x1d\x23\x30\x2d\x17\x21\
\x16\x0d\x09\x02\x01\x14\x40\x41\x49\x4c\x00\x00\x01\x00\x5a\xff\
\x10\x02\x0b\x02\x13\x00\x15\x00\x00\x33\x11\x33\x01\x33\x11\x33\
\x11\x14\x23\x22\x27\x37\x16\x33\x32\x36\x3d\x01\x01\x23\x11\x5a\
\x5b\x01\x0e\x02\x46\x85\x1e\x18\x0a\x14\x17\x28\x1a\xfe\xda\x01\
\x02\x13\xfe\x66\x01\x9a\xfd\x90\x93\x07\x39\x06\x32\x32\x48\x01\
\xc0\xfe\x4a\x00\x01\xff\xf6\x02\x52\x00\xb5\x02\xe2\x00\x03\x00\
\x00\x13\x27\x33\x17\x7a\x84\x5b\x64\x02\x52\x90\x90\x00\x00\x00\
\x01\x00\x3b\x02\x52\x00\xfa\x02\xe2\x00\x03\x00\x00\x13\x07\x23\
\x37\xfa\x84\x3b\x64\x02\xe2\x90\x90\x00\x00\x00\x01\xff\xe3\x02\
\x52\x01\x0d\x02\xe2\x00\x06\x00\x00\x13\x17\x23\x27\x07\x23\x37\
\xa0\x6d\x42\x53\x53\x42\x6d\x02\xe2\x90\x6c\x6c\x90\x00\x00\x00\
\x01\xff\xe3\x02\x52\x01\x0d\x02\xe2\x00\x06\x00\x00\x01\x07\x23\
\x27\x33\x17\x37\x01\x0d\x6d\x50\x6d\x42\x53\x53\x02\xe2\x90\x90\
\x6c\x6c\x00\x00\x01\xff\xd6\x02\x63\x01\x1a\x02\xcf\x00\x10\x00\
\x00\x13\x23\x36\x33\x32\x17\x16\x33\x32\x37\x33\x06\x23\x22\x26\
\x23\x22\x01\x2b\x12\x4a\x1b\x2e\x32\x11\x25\x0c\x2b\x12\x4a\x1d\
\x58\x17\x25\x02\x63\x68\x17\x17\x32\x68\x2e\x00\x02\xff\xe5\x02\
\x72\x01\x0b\x02\xd8\x00\x07\x00\x0f\x00\x00\x02\x34\x36\x32\x16\
\x14\x06\x22\x36\x34\x36\x32\x16\x14\x06\x22\x1b\x1d\x2c\x1d\x1d\
\x2c\xa3\x1d\x2c\x1d\x1d\x2c\x02\x91\x28\x1f\x1f\x28\x1f\x1f\x28\
\x1f\x1f\x28\x1f\x00\x00\x00\x00\x01\xff\xf1\x02\x76\x00\xff\x02\
\xac\x00\x03\x00\x00\x01\x15\x21\x35\x00\xff\xfe\xf2\x02\xac\x36\
\x36\x00\x00\x00\x01\xff\xe5\x02\x5e\x01\x0b\x02\xe2\x00\x0b\x00\
\x00\x13\x33\x0e\x01\x22\x26\x27\x33\x1e\x01\x32\x36\xdf\x2c\x04\
\x51\x7c\x51\x04\x2c\x06\x3a\x4e\x3a\x02\xe2\x3d\x47\x47\x3d\x26\
\x28\x28\x00\x00\x02\x00\x18\x02\x49\x00\xd8\x03\x07\x00\x07\x00\
\x0f\x00\x00\x12\x14\x06\x22\x26\x34\x36\x32\x16\x34\x26\x22\x06\
\x14\x16\x32\xd8\x39\x4e\x39\x39\x4e\x15\x23\x32\x23\x23\x32\x02\
\xd0\x50\x37\x37\x50\x37\x78\x32\x22\x22\x32\x22\x00\x00\x00\x00\
\x02\xff\xc3\x02\x52\x01\x2d\x02\xe2\x00\x03\x00\x07\x00\x00\x13\
\x07\x23\x37\x21\x07\x23\x37\x83\x85\x3b\x65\x01\x05\x84\x3b\x64\
\x02\xe2\x90\x90\x90\x90\x00\x00\x01\x00\x48\x02\x76\x00\xa8\x02\
\xd6\x00\x07\x00\x00\x12\x14\x06\x22\x26\x34\x36\x32\xa8\x1d\x26\
\x1d\x1d\x26\x02\xba\x28\x1c\x1c\x28\x1c\x00\x00\x02\x00\x5a\x00\
\x00\x00\xc4\x02\x19\x00\x03\x00\x0b\x00\x00\x33\x23\x11\x33\x36\
\x14\x06\x22\x26\x34\x36\x32\xb2\x46\x46\x12\x1e\x2e\x1e\x1e\x2e\
\x01\x75\x85\x2c\x1f\x1f\x2c\x1f\x00\x00\x00\x00\x02\x00\x25\xff\
\xf4\x01\x59\x02\x19\x00\x1a\x00\x22\x00\x00\x13\x35\x33\x15\x14\
\x06\x0f\x01\x06\x15\x14\x16\x33\x32\x37\x17\x0e\x01\x23\x22\x26\
\x35\x34\x36\x37\x3e\x01\x26\x34\x36\x32\x16\x14\x06\x22\xa3\x44\
\x1a\x21\x1c\x25\x2e\x26\x47\x11\x42\x0c\x51\x40\x46\x51\x20\x26\
\x22\x16\x18\x1e\x2e\x1e\x1e\x2e\x01\x60\x15\x23\x1f\x33\x1e\x19\
\x21\x2b\x1e\x2f\x4e\x0c\x3c\x42\x4d\x38\x2a\x3b\x1d\x1a\x2b\x8e\
\x2c\x1f\x1f\x2c\x1f\x00\x00\x00\x01\x00\x1b\xff\xf4\x01\xaf\x02\
\x1f\x00\x2b\x00\x00\x01\x26\x23\x22\x06\x07\x33\x07\x23\x06\x15\
\x14\x17\x33\x07\x23\x1e\x01\x33\x32\x37\x17\x06\x23\x22\x26\x27\
\x23\x37\x33\x35\x34\x26\x35\x34\x37\x23\x37\x33\x3e\x01\x33\x32\
\x17\x01\x95\x2f\x32\x37\x4e\x0f\xd6\x11\xcc\x03\x02\xba\x11\xa0\
\x09\x4b\x33\x3c\x30\x1b\x3a\x4e\x56\x6c\x0c\x3e\x13\x24\x01\x02\
\x37\x13\x2b\x13\x77\x51\x42\x36\x01\xc7\x19\x44\x41\x34\x19\x10\
\x0a\x14\x34\x32\x49\x23\x35\x2b\x6e\x4a\x34\x05\x05\x0c\x03\x1a\
\x14\x34\x5a\x6a\x1f\x00\x00\x00\x02\x00\x32\xff\xb8\x01\xd5\x02\
\x1c\x00\x05\x00\x1d\x00\x00\x25\x11\x0e\x01\x14\x16\x13\x11\x3e\
\x01\x37\x17\x06\x07\x15\x23\x35\x2e\x01\x34\x36\x37\x35\x33\x15\
\x16\x17\x07\x2e\x01\x01\x04\x40\x4a\x4a\x70\x23\x38\x10\x36\x3f\
\x62\x30\x61\x71\x71\x61\x30\x62\x3f\x36\x10\x38\x33\x01\x6e\x0b\
\x65\x8e\x65\x01\x65\xfe\x8e\x02\x22\x19\x29\x4b\x05\x3d\x3f\x0a\
\x87\xc4\x87\x0a\x3f\x3d\x05\x4b\x29\x19\x22\x00\x01\x00\x4d\x00\
\x00\x01\xad\x02\x1f\x00\x19\x00\x00\x01\x15\x23\x15\x33\x15\x21\
\x35\x33\x35\x23\x35\x33\x35\x34\x36\x33\x32\x17\x07\x26\x23\x22\
\x06\x1d\x01\x01\x4e\x76\xbb\xfe\xba\x45\x3f\x3f\x5a\x4d\x44\x30\
\x2d\x20\x2a\x2d\x31\x01\x2e\x3a\xb5\x3f\x3f\xb5\x3a\x3e\x53\x60\
\x2b\x30\x20\x40\x3e\x38\x00\x00\x01\x00\x26\xff\xaa\x01\xa9\x02\
\x1f\x00\x1c\x00\x00\x01\x15\x23\x07\x06\x23\x22\x27\x37\x16\x33\
\x32\x3f\x01\x23\x35\x33\x37\x3e\x01\x33\x32\x17\x07\x26\x23\x22\
\x0f\x01\x01\x6f\x5b\x25\x15\x6a\x2e\x1c\x19\x13\x1d\x2f\x0c\x25\
\x50\x55\x12\x09\x3c\x2a\x31\x23\x24\x15\x17\x27\x09\x10\x01\x50\
\x34\xec\x86\x17\x34\x11\x4b\xed\x34\x69\x32\x34\x1e\x2e\x12\x36\
\x5f\x00\x00\x00\x01\x00\x1d\x00\x00\x01\xc7\x02\x13\x00\x16\x00\
\x00\x37\x33\x35\x23\x35\x33\x27\x33\x17\x37\x33\x07\x33\x15\x23\
\x15\x33\x15\x23\x15\x23\x35\x23\x5e\x75\x75\x69\xaa\x4e\x8a\x87\
\x4b\xa8\x6b\x75\x75\x75\x42\x75\xa7\x42\x34\xf6\xd2\xd2\xf6\x34\
\x42\x34\x73\x73\x00\x00\x00\x00\x07\x00\x28\xff\xe1\x03\xa6\x02\
\x30\x00\x07\x00\x0f\x00\x17\x00\x1f\x00\x27\x00\x2f\x00\x33\x00\
\x00\x00\x14\x06\x22\x26\x34\x36\x32\x16\x34\x26\x22\x06\x14\x16\
\x32\x04\x14\x06\x22\x26\x34\x36\x32\x16\x34\x26\x22\x06\x14\x16\
\x32\x24\x14\x06\x22\x26\x34\x36\x32\x16\x34\x26\x22\x06\x14\x16\
\x32\x09\x01\x27\x01\x01\x36\x4e\x72\x4e\x4e\x72\x16\x2f\x40\x2f\
\x2f\x40\x01\x9e\x4e\x72\x4e\x4e\x72\x16\x2f\x40\x2f\x2f\x40\x01\
\xa0\x4e\x72\x4e\x4e\x72\x16\x2f\x40\x2f\x2f\x40\xfe\xcd\xfe\xab\
\x2f\x01\x56\x01\xd1\x70\x4e\x4e\x70\x4e\xa7\x42\x2d\x2d\x42\x2d\
\x99\x70\x4e\x4e\x70\x4e\xa7\x42\x2d\x2d\x42\x2d\x86\x70\x4e\x4e\
\x70\x4e\xa7\x42\x2d\x2d\x42\x2d\x01\xe9\xfd\xcc\x1b\x02\x34\x00\
\x02\x00\x3e\xff\xf3\x02\x73\x02\x21\x00\x0b\x00\x15\x00\x00\x01\
\x14\x06\x23\x22\x26\x35\x34\x36\x33\x32\x16\x06\x34\x26\x23\x22\
\x06\x14\x16\x33\x32\x02\x73\xa1\x7b\x79\xa0\x9f\x7a\x7c\xa0\x4d\
\x71\x5e\x5d\x6f\x70\x5c\x5d\x01\x0b\x7b\x9d\x9e\x7a\x7b\x9b\x9a\
\xd9\xba\x79\x79\xba\x7b\x00\x00\x01\x00\x2a\x00\x00\x00\xfd\x02\
\x13\x00\x06\x00\x00\x33\x23\x11\x07\x27\x37\x33\xfd\x47\x62\x2a\
\x95\x3e\x01\xb9\x53\x31\x7c\x00\x01\x00\x32\x00\x00\x01\xc4\x02\
\x21\x00\x1c\x00\x00\x29\x01\x35\x37\x3e\x03\x35\x34\x26\x23\x22\
\x07\x27\x3e\x01\x33\x32\x16\x15\x14\x0e\x02\x0f\x01\x15\x21\x01\
\xc4\xfe\x70\x53\x4b\x3d\x4b\x19\x43\x3a\x61\x2d\x36\x1d\x68\x40\
\x5b\x69\x1e\x48\x3e\x3c\x42\x01\x2b\x41\x3a\x34\x2e\x44\x35\x20\
\x32\x3b\x5b\x24\x37\x3e\x59\x50\x27\x44\x46\x2f\x29\x2d\x03\x00\
\x01\x00\x48\xff\x56\x01\xd0\x02\x13\x00\x1f\x00\x00\x25\x14\x06\
\x23\x22\x27\x37\x16\x33\x32\x36\x35\x34\x26\x23\x22\x07\x27\x36\
\x37\x35\x21\x35\x21\x15\x06\x07\x15\x36\x33\x32\x16\x01\xd0\x9d\
\x7b\x42\x27\x0b\x27\x35\x60\x71\x60\x52\x31\x35\x0f\xac\x58\xfe\
\xe4\x01\x71\x4b\xa0\x16\x14\x5b\x7d\x47\x73\x7e\x09\x40\x0a\x58\
\x55\x46\x50\x10\x36\x83\x51\x04\x3d\x45\x47\x7a\x04\x05\x6f\x00\
\x01\x00\x2c\xff\x56\x02\x1f\x02\x21\x00\x0e\x00\x00\x25\x23\x15\
\x23\x35\x21\x35\x01\x33\x01\x33\x11\x33\x15\x33\x02\x1f\x74\x45\
\xfe\xc6\x01\x17\x4c\xfe\xe5\xf2\x45\x74\x08\xb2\xb2\x41\x01\xd8\
\xfe\x25\x00\xff\xff\x00\x00\x00\x01\x00\x44\xff\x56\x01\xc1\x02\
\x13\x00\x19\x00\x00\x01\x15\x21\x07\x36\x33\x32\x16\x15\x14\x06\
\x23\x22\x27\x37\x16\x33\x32\x36\x35\x34\x26\x23\x22\x07\x13\x01\
\xc1\xfe\xee\x19\x23\x26\x60\x7f\x94\x77\x44\x2b\x0a\x2a\x35\x60\
\x69\x63\x4c\x3a\x3f\x26\x02\x13\x41\xc6\x0a\x6e\x61\x75\x7c\x0a\
\x3f\x0b\x5a\x56\x4b\x4d\x15\x01\x4c\x00\x00\x00\x02\x00\x3a\xff\
\xef\x02\x0d\x02\xc9\x00\x12\x00\x1b\x00\x00\x25\x14\x06\x23\x22\
\x26\x35\x34\x12\x37\x17\x0e\x01\x07\x17\x36\x33\x32\x16\x26\x22\
\x06\x15\x14\x16\x32\x36\x34\x02\x0d\x84\x65\x67\x83\xbd\x7b\x39\
\x4d\x8b\x24\x03\x2f\x55\x5c\x7b\xa0\x8e\x5b\x5a\x8c\x5a\xd4\x65\
\x80\x81\x6b\x76\x01\x13\x65\x28\x3c\x9c\x48\x02\x31\x7d\x43\x5c\
\x49\x46\x5e\x5d\x90\x00\x00\x00\x01\x00\x31\xff\x49\x01\xd6\x02\
\x13\x00\x09\x00\x00\x01\x02\x03\x27\x36\x12\x37\x21\x35\x21\x01\
\xd6\xb5\x71\x49\x37\xb4\x3b\xfe\xa4\x01\xa5\x01\xd1\xfe\x91\xfe\
\xe7\x13\x80\x01\x81\x75\x41\x00\x03\x00\x3c\xff\xf0\x02\x04\x02\
\xd4\x00\x17\x00\x23\x00\x2e\x00\x00\x25\x14\x06\x22\x26\x35\x34\
\x36\x37\x35\x2e\x01\x35\x34\x36\x32\x16\x15\x14\x06\x07\x15\x1e\
\x01\x03\x22\x06\x15\x14\x16\x33\x32\x36\x35\x34\x26\x13\x34\x26\
\x22\x06\x15\x14\x16\x33\x32\x36\x02\x04\x83\xc2\x83\x4c\x3e\x34\
\x3d\x75\xac\x74\x3d\x34\x40\x4b\xe4\x38\x4a\x4a\x38\x37\x4c\x4c\
\x63\x58\x84\x58\x55\x45\x44\x56\xbf\x5e\x71\x71\x5e\x43\x64\x11\
\x02\x13\x57\x37\x53\x67\x66\x53\x37\x59\x12\x02\x11\x64\x01\x96\
\x48\x38\x37\x4b\x4c\x36\x37\x49\xfe\x2b\x41\x55\x55\x41\x42\x54\
\x54\x00\x00\x00\x02\x00\x3c\xff\x48\x02\x0f\x02\x21\x00\x12\x00\
\x1c\x00\x00\x01\x14\x02\x07\x27\x3e\x01\x37\x27\x06\x23\x22\x26\
\x35\x34\x36\x33\x32\x16\x26\x22\x06\x15\x14\x16\x32\x36\x35\x34\
\x02\x0f\xbd\x7b\x39\x4e\x8a\x24\x03\x33\x51\x5c\x7b\x85\x65\x66\
\x83\xa4\x8c\x59\x56\x8e\x5c\x01\x36\x76\xfe\xec\x64\x28\x3c\x98\
\x47\x02\x2d\x7d\x5f\x65\x80\x81\x43\x5d\x48\x47\x5d\x5d\x48\x46\
\x00\x00\x00\x00\x02\xff\xd9\x00\x00\x02\x32\x02\x13\x00\x0b\x00\
\x0f\x00\x00\x13\x01\x33\x11\x33\x11\x23\x01\x23\x11\x23\x11\x23\
\x07\x23\x37\xdc\x01\x0e\x02\x46\x58\xfe\xee\x01\x46\x23\x4c\x39\
\x3e\x02\x13\xfe\x53\x01\xad\xfd\xed\x01\xb6\xfe\x4a\x02\x13\xb9\
\xb9\x00\x00\x00\x02\x00\x1b\x01\xaf\x01\x4d\x02\xd0\x00\x07\x00\
\x0a\x00\x00\x13\x07\x23\x13\x33\x13\x23\x2f\x01\x07\x33\x71\x1b\
\x3b\x7d\x39\x7c\x3b\x1b\x43\x35\x69\x01\xf1\x42\x01\x21\xfe\xdf\
\x42\xa8\x82\x00\x02\x00\x5a\x00\x00\x02\x7c\x02\x13\x00\x09\x00\
\x0d\x00\x00\x37\x15\x23\x11\x21\x15\x21\x15\x33\x15\x13\x11\x23\
\x11\xa0\x46\x01\x49\xfe\xfd\xf3\xe9\x46\xf0\xf0\x02\x13\x3e\xa8\
\x3d\x01\x23\xfd\xed\x02\x13\x00\x02\x00\x5a\x00\x00\x03\x6c\x02\
\x13\x00\x09\x00\x0f\x00\x00\x37\x15\x23\x11\x21\x15\x21\x15\x33\
\x15\x13\x11\x33\x15\x21\x11\xa0\x46\x01\x49\xfe\xfd\xf3\xea\xef\
\xfe\xcb\xf0\xf0\x02\x13\x3e\xa8\x3d\x01\x23\xfe\x2c\x3f\x02\x13\
\x00\x00\x00\x00\x00\x00\x20\x01\x86\x00\x01\x00\x00\x00\x00\x00\
\x00\x01\xe1\x03\xc4\x00\x01\x00\x00\x00\x00\x00\x01\x00\x0f\x05\
\xc6\x00\x01\x00\x00\x00\x00\x00\x02\x00\x07\x05\xe6\x00\x01\x00\
\x00\x00\x00\x00\x03\x00\x2a\x06\x44\x00\x01\x00\x00\x00\x00\x00\
\x04\x00\x15\x06\x9b\x00\x01\x00\x00\x00\x00\x00\x05\x00\x0c\x06\
\xcb\x00\x01\x00\x00\x00\x00\x00\x06\x00\x15\x07\x04\x00\x01\x00\
\x00\x00\x00\x00\x07\x00\x8f\x08\x3a\x00\x01\x00\x00\x00\x00\x00\
\x08\x00\x0d\x08\xe6\x00\x01\x00\x00\x00\x00\x00\x09\x00\x23\x09\
\x3c\x00\x01\x00\x00\x00\x00\x00\x0a\x04\x4a\x11\xf6\x00\x01\x00\
\x00\x00\x00\x00\x0b\x00\x17\x16\x71\x00\x01\x00\x00\x00\x00\x00\
\x0c\x00\x25\x16\xd5\x00\x01\x00\x00\x00\x00\x00\x0d\x03\xcf\x1e\
\x9b\x00\x01\x00\x00\x00\x00\x00\x0e\x00\x1f\x22\xab\x00\x01\x00\
\x00\x00\x00\x00\x12\x00\x0f\x22\xeb\x00\x03\x00\x01\x04\x09\x00\
\x00\x03\xc2\x00\x00\x00\x03\x00\x01\x04\x09\x00\x01\x00\x1e\x05\
\xa6\x00\x03\x00\x01\x04\x09\x00\x02\x00\x0e\x05\xd6\x00\x03\x00\
\x01\x04\x09\x00\x03\x00\x54\x05\xee\x00\x03\x00\x01\x04\x09\x00\
\x04\x00\x2a\x06\x6f\x00\x03\x00\x01\x04\x09\x00\x05\x00\x18\x06\
\xb1\x00\x03\x00\x01\x04\x09\x00\x06\x00\x2a\x06\xd8\x00\x03\x00\
\x01\x04\x09\x00\x07\x01\x1e\x07\x1a\x00\x03\x00\x01\x04\x09\x00\
\x08\x00\x1a\x08\xca\x00\x03\x00\x01\x04\x09\x00\x09\x00\x46\x08\
\xf4\x00\x03\x00\x01\x04\x09\x00\x0a\x08\x94\x09\x60\x00\x03\x00\
\x01\x04\x09\x00\x0b\x00\x2e\x16\x41\x00\x03\x00\x01\x04\x09\x00\
\x0c\x00\x4a\x16\x89\x00\x03\x00\x01\x04\x09\x00\x0d\x07\x9e\x16\
\xfb\x00\x03\x00\x01\x04\x09\x00\x0e\x00\x3e\x22\x6b\x00\x03\x00\
\x01\x04\x09\x00\x12\x00\x1e\x22\xcb\x00\x43\x00\x6f\x00\x70\x00\
\x79\x00\x72\x00\x69\x00\x67\x00\x68\x00\x74\x00\x20\x00\xa9\x00\
\x20\x00\x32\x00\x30\x00\x30\x00\x33\x00\x20\x00\x2d\x00\x20\x00\
\x32\x00\x30\x00\x31\x00\x32\x00\x20\x00\x4c\x00\x69\x00\x6e\x00\
\x6f\x00\x74\x00\x79\x00\x70\x00\x65\x00\x20\x00\x47\x00\x6d\x00\
\x62\x00\x48\x00\x2c\x00\x20\x00\x77\x00\x77\x00\x77\x00\x2e\x00\
\x6c\x00\x69\x00\x6e\x00\x6f\x00\x74\x00\x79\x00\x70\x00\x65\x00\
\x2e\x00\x63\x00\x6f\x00\x6d\x00\x2e\x00\x20\x00\x41\x00\x6c\x00\
\x6c\x00\x20\x00\x72\x00\x69\x00\x67\x00\x68\x00\x74\x00\x73\x00\
\x20\x00\x72\x00\x65\x00\x73\x00\x65\x00\x72\x00\x76\x00\x65\x00\
\x64\x00\x2e\x00\x20\x00\x54\x00\x68\x00\x69\x00\x73\x00\x20\x00\
\x66\x00\x6f\x00\x6e\x00\x74\x00\x20\x00\x73\x00\x6f\x00\x66\x00\
\x74\x00\x77\x00\x61\x00\x72\x00\x65\x00\x20\x00\x6d\x00\x61\x00\
\x79\x00\x20\x00\x6e\x00\x6f\x00\x74\x00\x20\x00\x62\x00\x65\x00\
\x20\x00\x72\x00\x65\x00\x70\x00\x72\x00\x6f\x00\x64\x00\x75\x00\
\x63\x00\x65\x00\x64\x00\x2c\x00\x20\x00\x6d\x00\x6f\x00\x64\x00\
\x69\x00\x66\x00\x69\x00\x65\x00\x64\x00\x2c\x00\x20\x00\x64\x00\
\x69\x00\x73\x00\x63\x00\x6c\x00\x6f\x00\x73\x00\x65\x00\x64\x00\
\x20\x00\x6f\x00\x72\x00\x20\x00\x74\x00\x72\x00\x61\x00\x6e\x00\
\x73\x00\x66\x00\x65\x00\x72\x00\x72\x00\x65\x00\x64\x00\x20\x00\
\x77\x00\x69\x00\x74\x00\x68\x00\x6f\x00\x75\x00\x74\x00\x20\x00\
\x74\x00\x68\x00\x65\x00\x20\x00\x65\x00\x78\x00\x70\x00\x72\x00\
\x65\x00\x73\x00\x73\x00\x20\x00\x77\x00\x72\x00\x69\x00\x74\x00\
\x74\x00\x65\x00\x6e\x00\x20\x00\x61\x00\x70\x00\x70\x00\x72\x00\
\x6f\x00\x76\x00\x61\x00\x6c\x00\x20\x00\x6f\x00\x66\x00\x20\x00\
\x4c\x00\x69\x00\x6e\x00\x6f\x00\x74\x00\x79\x00\x70\x00\x65\x00\
\x20\x00\x47\x00\x6d\x00\x62\x00\x48\x00\x2e\x00\x20\x00\x41\x00\
\x76\x00\x65\x00\x6e\x00\x69\x00\x72\x00\x20\x00\x69\x00\x73\x00\
\x20\x00\x61\x00\x20\x00\x74\x00\x72\x00\x61\x00\x64\x00\x65\x00\
\x6d\x00\x61\x00\x72\x00\x6b\x00\x20\x00\x6f\x00\x66\x00\x20\x00\
\x4c\x00\x69\x00\x6e\x00\x6f\x00\x74\x00\x79\x00\x70\x00\x65\x00\
\x20\x00\x47\x00\x6d\x00\x62\x00\x48\x00\x20\x00\x72\x00\x65\x00\
\x67\x00\x69\x00\x73\x00\x74\x00\x65\x00\x72\x00\x65\x00\x64\x00\
\x20\x00\x69\x00\x6e\x00\x20\x00\x74\x00\x68\x00\x65\x00\x20\x00\
\x55\x00\x2e\x00\x53\x00\x2e\x00\x20\x00\x50\x00\x61\x00\x74\x00\
\x65\x00\x6e\x00\x74\x00\x20\x00\x61\x00\x6e\x00\x64\x00\x20\x00\
\x54\x00\x72\x00\x61\x00\x64\x00\x65\x00\x6d\x00\x61\x00\x72\x00\
\x6b\x00\x20\x00\x4f\x00\x66\x00\x66\x00\x69\x00\x63\x00\x65\x00\
\x20\x00\x61\x00\x6e\x00\x64\x00\x20\x00\x6d\x00\x61\x00\x79\x00\
\x20\x00\x62\x00\x65\x00\x20\x00\x72\x00\x65\x00\x67\x00\x69\x00\
\x73\x00\x74\x00\x65\x00\x72\x00\x65\x00\x64\x00\x20\x00\x69\x00\
\x6e\x00\x20\x00\x63\x00\x65\x00\x72\x00\x74\x00\x61\x00\x69\x00\
\x6e\x00\x20\x00\x6f\x00\x74\x00\x68\x00\x65\x00\x72\x00\x20\x00\
\x6a\x00\x75\x00\x72\x00\x69\x00\x73\x00\x64\x00\x69\x00\x63\x00\
\x74\x00\x69\x00\x6f\x00\x6e\x00\x73\x00\x2e\x00\x20\x00\x54\x00\
\x68\x00\x69\x00\x73\x00\x20\x00\x74\x00\x79\x00\x70\x00\x65\x00\
\x66\x00\x61\x00\x63\x00\x65\x00\x20\x00\x69\x00\x73\x00\x20\x00\
\x6f\x00\x72\x00\x69\x00\x67\x00\x69\x00\x6e\x00\x61\x00\x6c\x00\
\x20\x00\x61\x00\x72\x00\x74\x00\x77\x00\x6f\x00\x72\x00\x6b\x00\
\x20\x00\x6f\x00\x66\x00\x20\x00\x41\x00\x64\x00\x72\x00\x69\x00\
\x61\x00\x6e\x00\x20\x00\x46\x00\x72\x00\x75\x00\x74\x00\x69\x00\
\x67\x00\x65\x00\x72\x00\x20\x00\x61\x00\x6e\x00\x64\x00\x20\x00\
\x41\x00\x6b\x00\x69\x00\x72\x00\x61\x00\x20\x00\x4b\x00\x6f\x00\
\x62\x00\x61\x00\x79\x00\x61\x00\x73\x00\x68\x00\x69\x00\x2e\x00\
\x20\x00\x54\x00\x68\x00\x65\x00\x20\x00\x64\x00\x65\x00\x73\x00\
\x69\x00\x67\x00\x6e\x00\x20\x00\x6d\x00\x61\x00\x79\x00\x20\x00\
\x62\x00\x65\x00\x20\x00\x70\x00\x72\x00\x6f\x00\x74\x00\x65\x00\
\x63\x00\x74\x00\x65\x00\x64\x00\x20\x00\x69\x00\x6e\x00\x20\x00\
\x63\x00\x65\x00\x72\x00\x74\x00\x61\x00\x69\x00\x6e\x00\x20\x00\
\x6a\x00\x75\x00\x72\x00\x69\x00\x73\x00\x64\x00\x69\x00\x63\x00\
\x74\x00\x69\x00\x6f\x00\x6e\x00\x73\x00\x2e\x00\x00\x43\x6f\x70\
\x79\x72\x69\x67\x68\x74\x20\xa9\x20\x32\x30\x30\x33\x20\x2d\x20\
\x32\x30\x31\x32\x20\x4c\x69\x6e\x6f\x74\x79\x70\x65\x20\x47\x6d\
\x62\x48\x2c\x20\x77\x77\x77\x2e\x6c\x69\x6e\x6f\x74\x79\x70\x65\
\x2e\x63\x6f\x6d\x2e\x20\x41\x6c\x6c\x20\x72\x69\x67\x68\x74\x73\
\x20\x72\x65\x73\x65\x72\x76\x65\x64\x2e\x20\x54\x68\x69\x73\x20\
\x66\x6f\x6e\x74\x20\x73\x6f\x66\x74\x77\x61\x72\x65\x20\x6d\x61\
\x79\x20\x6e\x6f\x74\x20\x62\x65\x20\x72\x65\x70\x72\x6f\x64\x75\
\x63\x65\x64\x2c\x20\x6d\x6f\x64\x69\x66\x69\x65\x64\x2c\x20\x64\
\x69\x73\x63\x6c\x6f\x73\x65\x64\x20\x6f\x72\x20\x74\x72\x61\x6e\
\x73\x66\x65\x72\x72\x65\x64\x20\x77\x69\x74\x68\x6f\x75\x74\x20\
\x74\x68\x65\x20\x65\x78\x70\x72\x65\x73\x73\x20\x77\x72\x69\x74\
\x74\x65\x6e\x20\x61\x70\x70\x72\x6f\x76\x61\x6c\x20\x6f\x66\x20\
\x4c\x69\x6e\x6f\x74\x79\x70\x65\x20\x47\x6d\x62\x48\x2e\x20\x41\
\x76\x65\x6e\x69\x72\x20\x69\x73\x20\x61\x20\x74\x72\x61\x64\x65\
\x6d\x61\x72\x6b\x20\x6f\x66\x20\x4c\x69\x6e\x6f\x74\x79\x70\x65\
\x20\x47\x6d\x62\x48\x20\x72\x65\x67\x69\x73\x74\x65\x72\x65\x64\
\x20\x69\x6e\x20\x74\x68\x65\x20\x55\x2e\x53\x2e\x20\x50\x61\x74\
\x65\x6e\x74\x20\x61\x6e\x64\x20\x54\x72\x61\x64\x65\x6d\x61\x72\
\x6b\x20\x4f\x66\x66\x69\x63\x65\x20\x61\x6e\x64\x20\x6d\x61\x79\
\x20\x62\x65\x20\x72\x65\x67\x69\x73\x74\x65\x72\x65\x64\x20\x69\
\x6e\x20\x63\x65\x72\x74\x61\x69\x6e\x20\x6f\x74\x68\x65\x72\x20\
\x6a\x75\x72\x69\x73\x64\x69\x63\x74\x69\x6f\x6e\x73\x2e\x20\x54\
\x68\x69\x73\x20\x74\x79\x70\x65\x66\x61\x63\x65\x20\x69\x73\x20\
\x6f\x72\x69\x67\x69\x6e\x61\x6c\x20\x61\x72\x74\x77\x6f\x72\x6b\
\x20\x6f\x66\x20\x41\x64\x72\x69\x61\x6e\x20\x46\x72\x75\x74\x69\
\x67\x65\x72\x20\x61\x6e\x64\x20\x41\x6b\x69\x72\x61\x20\x4b\x6f\
\x62\x61\x79\x61\x73\x68\x69\x2e\x20\x54\x68\x65\x20\x64\x65\x73\
\x69\x67\x6e\x20\x6d\x61\x79\x20\x62\x65\x20\x70\x72\x6f\x74\x65\
\x63\x74\x65\x64\x20\x69\x6e\x20\x63\x65\x72\x74\x61\x69\x6e\x20\
\x6a\x75\x72\x69\x73\x64\x69\x63\x74\x69\x6f\x6e\x73\x2e\x00\x00\
\x41\x00\x76\x00\x65\x00\x6e\x00\x69\x00\x72\x00\x20\x00\x4e\x00\
\x65\x00\x78\x00\x74\x00\x20\x00\x43\x00\x79\x00\x72\x00\x00\x41\
\x76\x65\x6e\x69\x72\x20\x4e\x65\x78\x74\x20\x43\x79\x72\x00\x00\
\x52\x00\x65\x00\x67\x00\x75\x00\x6c\x00\x61\x00\x72\x00\x00\x52\
\x65\x67\x75\x6c\x61\x72\x00\x00\x4c\x00\x69\x00\x6e\x00\x6f\x00\
\x74\x00\x79\x00\x70\x00\x65\x00\x20\x00\x47\x00\x6d\x00\x62\x00\
\x48\x00\x3a\x00\x41\x00\x76\x00\x65\x00\x6e\x00\x69\x00\x72\x00\
\x20\x00\x4e\x00\x65\x00\x78\x00\x74\x00\x20\x00\x43\x00\x79\x00\
\x72\x00\x20\x00\x52\x00\x65\x00\x67\x00\x75\x00\x6c\x00\x61\x00\
\x72\x00\x3a\x00\x32\x00\x30\x00\x31\x00\x32\x00\x00\x4c\x69\x6e\
\x6f\x74\x79\x70\x65\x20\x47\x6d\x62\x48\x3a\x41\x76\x65\x6e\x69\
\x72\x20\x4e\x65\x78\x74\x20\x43\x79\x72\x20\x52\x65\x67\x75\x6c\
\x61\x72\x3a\x32\x30\x31\x32\x00\x00\x41\x00\x76\x00\x65\x00\x6e\
\x00\x69\x00\x72\x00\x4e\x00\x65\x00\x78\x00\x74\x00\x43\x00\x79\
\x00\x72\x00\x2d\x00\x52\x00\x65\x00\x67\x00\x75\x00\x6c\x00\x61\
\x00\x72\x00\x00\x41\x76\x65\x6e\x69\x72\x4e\x65\x78\x74\x43\x79\
\x72\x2d\x52\x65\x67\x75\x6c\x61\x72\x00\x00\x56\x00\x65\x00\x72\
\x00\x73\x00\x69\x00\x6f\x00\x6e\x00\x20\x00\x31\x00\x2e\x00\x30\
\x00\x30\x00\x00\x56\x65\x72\x73\x69\x6f\x6e\x20\x31\x2e\x30\x30\
\x00\x00\x41\x00\x76\x00\x65\x00\x6e\x00\x69\x00\x72\x00\x4e\x00\
\x65\x00\x78\x00\x74\x00\x43\x00\x79\x00\x72\x00\x2d\x00\x52\x00\
\x65\x00\x67\x00\x75\x00\x6c\x00\x61\x00\x72\x00\x00\x41\x76\x65\
\x6e\x69\x72\x4e\x65\x78\x74\x43\x79\x72\x2d\x52\x65\x67\x75\x6c\
\x61\x72\x00\x00\x41\x00\x76\x00\x65\x00\x6e\x00\x69\x00\x72\x00\
\x20\x00\x69\x00\x73\x00\x20\x00\x61\x00\x20\x00\x74\x00\x72\x00\
\x61\x00\x64\x00\x65\x00\x6d\x00\x61\x00\x72\x00\x6b\x00\x20\x00\
\x6f\x00\x66\x00\x20\x00\x4c\x00\x69\x00\x6e\x00\x6f\x00\x74\x00\
\x79\x00\x70\x00\x65\x00\x20\x00\x47\x00\x6d\x00\x62\x00\x48\x00\
\x20\x00\x72\x00\x65\x00\x67\x00\x69\x00\x73\x00\x74\x00\x65\x00\
\x72\x00\x65\x00\x64\x00\x20\x00\x69\x00\x6e\x00\x20\x00\x74\x00\
\x68\x00\x65\x00\x20\x00\x55\x00\x2e\x00\x53\x00\x2e\x00\x20\x00\
\x50\x00\x61\x00\x74\x00\x65\x00\x6e\x00\x74\x00\x20\x00\x61\x00\
\x6e\x00\x64\x00\x20\x00\x54\x00\x72\x00\x61\x00\x64\x00\x65\x00\
\x6d\x00\x61\x00\x72\x00\x6b\x00\x20\x00\x4f\x00\x66\x00\x66\x00\
\x69\x00\x63\x00\x65\x00\x20\x00\x61\x00\x6e\x00\x64\x00\x20\x00\
\x6d\x00\x61\x00\x79\x00\x20\x00\x62\x00\x65\x00\x20\x00\x72\x00\
\x65\x00\x67\x00\x69\x00\x73\x00\x74\x00\x65\x00\x72\x00\x65\x00\
\x64\x00\x20\x00\x69\x00\x6e\x00\x20\x00\x63\x00\x65\x00\x72\x00\
\x74\x00\x61\x00\x69\x00\x6e\x00\x20\x00\x6f\x00\x74\x00\x68\x00\
\x65\x00\x72\x00\x20\x00\x6a\x00\x75\x00\x72\x00\x69\x00\x73\x00\
\x64\x00\x69\x00\x63\x00\x74\x00\x69\x00\x6f\x00\x6e\x00\x73\x00\
\x2e\x00\x00\x41\x76\x65\x6e\x69\x72\x20\x69\x73\x20\x61\x20\x74\
\x72\x61\x64\x65\x6d\x61\x72\x6b\x20\x6f\x66\x20\x4c\x69\x6e\x6f\
\x74\x79\x70\x65\x20\x47\x6d\x62\x48\x20\x72\x65\x67\x69\x73\x74\
\x65\x72\x65\x64\x20\x69\x6e\x20\x74\x68\x65\x20\x55\x2e\x53\x2e\
\x20\x50\x61\x74\x65\x6e\x74\x20\x61\x6e\x64\x20\x54\x72\x61\x64\
\x65\x6d\x61\x72\x6b\x20\x4f\x66\x66\x69\x63\x65\x20\x61\x6e\x64\
\x20\x6d\x61\x79\x20\x62\x65\x20\x72\x65\x67\x69\x73\x74\x65\x72\
\x65\x64\x20\x69\x6e\x20\x63\x65\x72\x74\x61\x69\x6e\x20\x6f\x74\
\x68\x65\x72\x20\x6a\x75\x72\x69\x73\x64\x69\x63\x74\x69\x6f\x6e\
\x73\x2e\x00\x00\x4c\x00\x69\x00\x6e\x00\x6f\x00\x74\x00\x79\x00\
\x70\x00\x65\x00\x20\x00\x47\x00\x6d\x00\x62\x00\x48\x00\x00\x4c\
\x69\x6e\x6f\x74\x79\x70\x65\x20\x47\x6d\x62\x48\x00\x00\x41\x00\
\x64\x00\x72\x00\x69\x00\x61\x00\x6e\x00\x20\x00\x46\x00\x72\x00\
\x75\x00\x74\x00\x69\x00\x67\x00\x65\x00\x72\x00\x20\x00\x61\x00\
\x6e\x00\x64\x00\x20\x00\x41\x00\x6b\x00\x69\x00\x72\x00\x61\x00\
\x20\x00\x4b\x00\x6f\x00\x62\x00\x61\x00\x79\x00\x61\x00\x73\x00\
\x68\x00\x69\x00\x00\x41\x64\x72\x69\x61\x6e\x20\x46\x72\x75\x74\
\x69\x67\x65\x72\x20\x61\x6e\x64\x20\x41\x6b\x69\x72\x61\x20\x4b\
\x6f\x62\x61\x79\x61\x73\x68\x69\x00\x00\x41\x00\x64\x00\x72\x00\
\x69\x00\x61\x00\x6e\x00\x20\x00\x46\x00\x72\x00\x75\x00\x74\x00\
\x69\x00\x67\x00\x65\x00\x72\x00\x20\x00\x64\x00\x65\x00\x73\x00\
\x69\x00\x67\x00\x6e\x00\x65\x00\x64\x00\x20\x00\x41\x00\x76\x00\
\x65\x00\x6e\x00\x69\x00\x72\x00\x20\x00\x69\x00\x6e\x00\x20\x00\
\x31\x00\x39\x00\x38\x00\x38\x00\x2c\x00\x20\x00\x61\x00\x66\x00\
\x74\x00\x65\x00\x72\x00\x20\x00\x79\x00\x65\x00\x61\x00\x72\x00\
\x73\x00\x20\x00\x6f\x00\x66\x00\x20\x00\x68\x00\x61\x00\x76\x00\
\x69\x00\x6e\x00\x67\x00\x20\x00\x61\x00\x6e\x00\x20\x00\x69\x00\
\x6e\x00\x74\x00\x65\x00\x72\x00\x65\x00\x73\x00\x74\x00\x20\x00\
\x69\x00\x6e\x00\x20\x00\x73\x00\x61\x00\x6e\x00\x73\x00\x20\x00\
\x73\x00\x65\x00\x72\x00\x69\x00\x66\x00\x20\x00\x74\x00\x79\x00\
\x70\x00\x65\x00\x66\x00\x61\x00\x63\x00\x65\x00\x73\x00\x2e\x00\
\x20\x00\x49\x00\x6e\x00\x20\x00\x61\x00\x6e\x00\x20\x00\x69\x00\
\x6e\x00\x74\x00\x65\x00\x72\x00\x76\x00\x69\x00\x65\x00\x77\x00\
\x20\x00\x77\x00\x69\x00\x74\x00\x68\x00\x20\x00\x4c\x00\x69\x00\
\x6e\x00\x6f\x00\x74\x00\x79\x00\x70\x00\x65\x00\x2c\x00\x20\x00\
\x68\x00\x65\x00\x20\x00\x73\x00\x61\x00\x69\x00\x64\x00\x20\x00\
\x68\x00\x65\x00\x20\x00\x66\x00\x65\x00\x6c\x00\x74\x00\x20\x00\
\x61\x00\x6e\x00\x20\x00\x6f\x00\x62\x00\x6c\x00\x69\x00\x67\x00\
\x61\x00\x74\x00\x69\x00\x6f\x00\x6e\x00\x20\x00\x74\x00\x6f\x00\
\x20\x00\x64\x00\x65\x00\x73\x00\x69\x00\x67\x00\x6e\x00\x20\x00\
\x61\x00\x20\x00\x6c\x00\x69\x00\x6e\x00\x65\x00\x61\x00\x72\x00\
\x20\x00\x73\x00\x61\x00\x6e\x00\x73\x00\x20\x00\x69\x00\x6e\x00\
\x20\x00\x74\x00\x68\x00\x65\x00\x20\x00\x74\x00\x72\x00\x61\x00\
\x64\x00\x69\x00\x74\x00\x69\x00\x6f\x00\x6e\x00\x20\x00\x6f\x00\
\x66\x00\x20\x00\x45\x00\x72\x00\x62\x00\x61\x00\x72\x00\x20\x00\
\x61\x00\x6e\x00\x64\x00\x20\x00\x46\x00\x75\x00\x74\x00\x75\x00\
\x72\x00\x61\x00\x2c\x00\x20\x00\x62\x00\x75\x00\x74\x00\x20\x00\
\x74\x00\x6f\x00\x20\x00\x61\x00\x6c\x00\x73\x00\x6f\x00\x20\x00\
\x6d\x00\x61\x00\x6b\x00\x65\x00\x20\x00\x75\x00\x73\x00\x65\x00\
\x20\x00\x6f\x00\x66\x00\x20\x00\x74\x00\x68\x00\x65\x00\x20\x00\
\x65\x00\x78\x00\x70\x00\x65\x00\x72\x00\x69\x00\x65\x00\x6e\x00\
\x63\x00\x65\x00\x20\x00\x61\x00\x6e\x00\x64\x00\x20\x00\x73\x00\
\x74\x00\x79\x00\x6c\x00\x69\x00\x73\x00\x74\x00\x69\x00\x63\x00\
\x20\x00\x64\x00\x65\x00\x76\x00\x65\x00\x6c\x00\x6f\x00\x70\x00\
\x6d\x00\x65\x00\x6e\x00\x74\x00\x73\x00\x20\x00\x6f\x00\x66\x00\
\x20\x00\x74\x00\x68\x00\x65\x00\x20\x00\x74\x00\x77\x00\x65\x00\
\x6e\x00\x74\x00\x69\x00\x65\x00\x74\x00\x68\x00\x20\x00\x63\x00\
\x65\x00\x6e\x00\x74\x00\x75\x00\x72\x00\x79\x00\x2e\x00\x20\x00\
\x54\x00\x68\x00\x65\x00\x20\x00\x77\x00\x6f\x00\x72\x00\x64\x00\
\x20\x00\x41\x00\x76\x00\x65\x00\x6e\x00\x69\x00\x72\x00\x20\x00\
\x6d\x00\x65\x00\x61\x00\x6e\x00\x73\x00\x20\x00\x27\x00\x66\x00\
\x75\x00\x74\x00\x75\x00\x72\x00\x65\x00\x27\x00\x20\x00\x69\x00\
\x6e\x00\x20\x00\x46\x00\x72\x00\x65\x00\x6e\x00\x63\x00\x68\x00\
\x20\x00\x61\x00\x6e\x00\x64\x00\x20\x00\x68\x00\x69\x00\x6e\x00\
\x74\x00\x73\x00\x20\x00\x74\x00\x68\x00\x61\x00\x74\x00\x20\x00\
\x74\x00\x68\x00\x65\x00\x20\x00\x74\x00\x79\x00\x70\x00\x65\x00\
\x66\x00\x61\x00\x63\x00\x65\x00\x20\x00\x6f\x00\x77\x00\x65\x00\
\x73\x00\x20\x00\x73\x00\x6f\x00\x6d\x00\x65\x00\x20\x00\x6f\x00\
\x66\x00\x20\x00\x69\x00\x74\x00\x73\x00\x20\x00\x69\x00\x6e\x00\
\x74\x00\x65\x00\x72\x00\x70\x00\x72\x00\x65\x00\x74\x00\x61\x00\
\x74\x00\x69\x00\x6f\x00\x6e\x00\x20\x00\x74\x00\x6f\x00\x20\x00\
\x46\x00\x75\x00\x74\x00\x75\x00\x72\x00\x61\x00\x2e\x00\x20\x00\
\x42\x00\x75\x00\x74\x00\x20\x00\x75\x00\x6e\x00\x6c\x00\x69\x00\
\x6b\x00\x65\x00\x20\x00\x46\x00\x75\x00\x74\x00\x75\x00\x72\x00\
\x61\x00\x2c\x00\x20\x00\x41\x00\x76\x00\x65\x00\x6e\x00\x69\x00\
\x72\x00\x20\x00\x69\x00\x73\x00\x20\x00\x6e\x00\x6f\x00\x74\x00\
\x20\x00\x70\x00\x75\x00\x72\x00\x65\x00\x6c\x00\x79\x00\x20\x00\
\x67\x00\x65\x00\x6f\x00\x6d\x00\x65\x00\x74\x00\x72\x00\x69\x00\
\x63\x00\x3b\x00\x20\x00\x69\x00\x74\x00\x20\x00\x68\x00\x61\x00\
\x73\x00\x20\x00\x76\x00\x65\x00\x72\x00\x74\x00\x69\x00\x63\x00\
\x61\x00\x6c\x00\x20\x00\x73\x00\x74\x00\x72\x00\x6f\x00\x6b\x00\
\x65\x00\x73\x00\x20\x00\x74\x00\x68\x00\x61\x00\x74\x00\x20\x00\
\x61\x00\x72\x00\x65\x00\x20\x00\x74\x00\x68\x00\x69\x00\x63\x00\
\x6b\x00\x65\x00\x72\x00\x20\x00\x74\x00\x68\x00\x61\x00\x6e\x00\
\x20\x00\x74\x00\x68\x00\x65\x00\x20\x00\x68\x00\x6f\x00\x72\x00\
\x69\x00\x7a\x00\x6f\x00\x6e\x00\x74\x00\x61\x00\x6c\x00\x73\x00\
\x2c\x00\x20\x00\x61\x00\x6e\x00\x20\x00\x22\x00\x6f\x00\x22\x00\
\x20\x00\x74\x00\x68\x00\x61\x00\x74\x00\x20\x00\x69\x00\x73\x00\
\x20\x00\x6e\x00\x6f\x00\x74\x00\x20\x00\x61\x00\x20\x00\x70\x00\
\x65\x00\x72\x00\x66\x00\x65\x00\x63\x00\x74\x00\x20\x00\x63\x00\
\x69\x00\x72\x00\x63\x00\x6c\x00\x65\x00\x2c\x00\x20\x00\x61\x00\
\x6e\x00\x64\x00\x20\x00\x73\x00\x68\x00\x6f\x00\x72\x00\x74\x00\
\x65\x00\x6e\x00\x65\x00\x64\x00\x20\x00\x61\x00\x73\x00\x63\x00\
\x65\x00\x6e\x00\x64\x00\x65\x00\x72\x00\x73\x00\x2e\x00\x20\x00\
\x54\x00\x68\x00\x65\x00\x73\x00\x65\x00\x20\x00\x6e\x00\x75\x00\
\x61\x00\x6e\x00\x63\x00\x65\x00\x73\x00\x20\x00\x61\x00\x69\x00\
\x64\x00\x20\x00\x69\x00\x6e\x00\x20\x00\x6c\x00\x65\x00\x67\x00\
\x69\x00\x62\x00\x69\x00\x6c\x00\x69\x00\x74\x00\x79\x00\x20\x00\
\x61\x00\x6e\x00\x64\x00\x20\x00\x67\x00\x69\x00\x76\x00\x65\x00\
\x20\x00\x41\x00\x76\x00\x65\x00\x6e\x00\x69\x00\x72\x00\x20\x00\
\x61\x00\x20\x00\x68\x00\x61\x00\x72\x00\x6d\x00\x6f\x00\x6e\x00\
\x69\x00\x6f\x00\x75\x00\x73\x00\x20\x00\x61\x00\x6e\x00\x64\x00\
\x20\x00\x73\x00\x65\x00\x6e\x00\x73\x00\x69\x00\x62\x00\x6c\x00\
\x65\x00\x20\x00\x61\x00\x70\x00\x70\x00\x65\x00\x61\x00\x72\x00\
\x61\x00\x6e\x00\x63\x00\x65\x00\x20\x00\x66\x00\x6f\x00\x72\x00\
\x20\x00\x62\x00\x6f\x00\x74\x00\x68\x00\x20\x00\x74\x00\x65\x00\
\x78\x00\x74\x00\x73\x00\x20\x00\x61\x00\x6e\x00\x64\x00\x20\x00\
\x68\x00\x65\x00\x61\x00\x64\x00\x6c\x00\x69\x00\x6e\x00\x65\x00\
\x73\x00\x2e\x00\x20\x00\x49\x00\x6e\x00\x20\x00\x32\x00\x30\x00\
\x30\x00\x34\x00\x20\x00\x41\x00\x64\x00\x72\x00\x69\x00\x61\x00\
\x6e\x00\x20\x00\x46\x00\x72\x00\x75\x00\x74\x00\x69\x00\x67\x00\
\x65\x00\x72\x00\x20\x00\x61\x00\x6e\x00\x64\x00\x20\x00\x74\x00\
\x68\x00\x65\x00\x20\x00\x74\x00\x79\x00\x70\x00\x65\x00\x20\x00\
\x64\x00\x69\x00\x72\x00\x65\x00\x63\x00\x74\x00\x6f\x00\x72\x00\
\x20\x00\x6f\x00\x66\x00\x20\x00\x4c\x00\x69\x00\x6e\x00\x6f\x00\
\x74\x00\x79\x00\x70\x00\x65\x00\x20\x00\x47\x00\x6d\x00\x62\x00\
\x48\x00\x20\x00\x41\x00\x6b\x00\x69\x00\x72\x00\x61\x00\x20\x00\
\x4b\x00\x6f\x00\x62\x00\x61\x00\x79\x00\x61\x00\x73\x00\x68\x00\
\x69\x00\x20\x00\x72\x00\x65\x00\x77\x00\x6f\x00\x72\x00\x6b\x00\
\x65\x00\x64\x00\x20\x00\x74\x00\x68\x00\x65\x00\x20\x00\x41\x00\
\x76\x00\x65\x00\x6e\x00\x69\x00\x72\x00\x20\x00\x61\x00\x6e\x00\
\x64\x00\x20\x00\x63\x00\x72\x00\x65\x00\x61\x00\x74\x00\x65\x00\
\x64\x00\x20\x00\x74\x00\x68\x00\x65\x00\x20\x00\x41\x00\x76\x00\
\x65\x00\x6e\x00\x69\x00\x72\x00\x20\x00\x4e\x00\x65\x00\x78\x00\
\x74\x00\x20\x00\x66\x00\x6f\x00\x72\x00\x20\x00\x74\x00\x68\x00\
\x65\x00\x20\x00\x50\x00\x6c\x00\x61\x00\x74\x00\x69\x00\x6e\x00\
\x75\x00\x6d\x00\x20\x00\x43\x00\x6f\x00\x6c\x00\x6c\x00\x65\x00\
\x63\x00\x74\x00\x69\x00\x6f\x00\x6e\x00\x2e\x00\x20\x00\x49\x00\
\x74\x00\x20\x00\x69\x00\x6e\x00\x63\x00\x6c\x00\x75\x00\x64\x00\
\x65\x00\x73\x00\x20\x00\x6e\x00\x65\x00\x77\x00\x20\x00\x73\x00\
\x6d\x00\x61\x00\x6c\x00\x6c\x00\x20\x00\x63\x00\x61\x00\x70\x00\
\x73\x00\x2c\x00\x20\x00\x6e\x00\x65\x00\x77\x00\x6c\x00\x79\x00\
\x20\x00\x64\x00\x65\x00\x73\x00\x69\x00\x67\x00\x6e\x00\x65\x00\
\x64\x00\x20\x00\x74\x00\x72\x00\x75\x00\x65\x00\x20\x00\x69\x00\
\x74\x00\x61\x00\x6c\x00\x69\x00\x63\x00\x73\x00\x2c\x00\x20\x00\
\x61\x00\x6e\x00\x64\x00\x20\x00\x61\x00\x20\x00\x63\x00\x6f\x00\
\x6d\x00\x70\x00\x6c\x00\x65\x00\x74\x00\x65\x00\x20\x00\x6e\x00\
\x65\x00\x77\x00\x20\x00\x72\x00\x61\x00\x6e\x00\x67\x00\x65\x00\
\x20\x00\x6f\x00\x66\x00\x20\x00\x63\x00\x6f\x00\x6e\x00\x64\x00\
\x65\x00\x6e\x00\x73\x00\x65\x00\x64\x00\x20\x00\x77\x00\x65\x00\
\x69\x00\x67\x00\x68\x00\x74\x00\x73\x00\x2e\x00\x20\x00\x41\x00\
\x76\x00\x65\x00\x6e\x00\x69\x00\x72\x00\x20\x00\x4e\x00\x65\x00\
\x78\x00\x74\x00\x20\x00\x69\x00\x73\x00\x20\x00\x61\x00\x20\x00\
\x76\x00\x65\x00\x72\x00\x73\x00\x61\x00\x74\x00\x69\x00\x6c\x00\
\x65\x00\x20\x00\x73\x00\x61\x00\x6e\x00\x73\x00\x20\x00\x73\x00\
\x65\x00\x72\x00\x69\x00\x66\x00\x20\x00\x66\x00\x61\x00\x6d\x00\
\x69\x00\x6c\x00\x79\x00\x2c\x00\x20\x00\x72\x00\x65\x00\x61\x00\
\x64\x00\x79\x00\x20\x00\x66\x00\x6f\x00\x72\x00\x20\x00\x6c\x00\
\x61\x00\x72\x00\x67\x00\x65\x00\x20\x00\x61\x00\x6e\x00\x64\x00\
\x20\x00\x63\x00\x6f\x00\x6d\x00\x70\x00\x6c\x00\x65\x00\x78\x00\
\x20\x00\x70\x00\x72\x00\x6f\x00\x6a\x00\x65\x00\x63\x00\x74\x00\
\x73\x00\x20\x00\x66\x00\x72\x00\x6f\x00\x6d\x00\x20\x00\x62\x00\
\x6f\x00\x6f\x00\x6b\x00\x73\x00\x20\x00\x74\x00\x6f\x00\x20\x00\
\x73\x00\x69\x00\x67\x00\x6e\x00\x61\x00\x67\x00\x65\x00\x20\x00\
\x74\x00\x6f\x00\x20\x00\x61\x00\x64\x00\x76\x00\x65\x00\x72\x00\
\x74\x00\x69\x00\x73\x00\x69\x00\x6e\x00\x67\x00\x2e\x00\x00\x41\
\x64\x72\x69\x61\x6e\x20\x46\x72\x75\x74\x69\x67\x65\x72\x20\x64\
\x65\x73\x69\x67\x6e\x65\x64\x20\x41\x76\x65\x6e\x69\x72\x20\x69\
\x6e\x20\x31\x39\x38\x38\x2c\x20\x61\x66\x74\x65\x72\x20\x79\x65\
\x61\x72\x73\x20\x6f\x66\x20\x68\x61\x76\x69\x6e\x67\x20\x61\x6e\
\x20\x69\x6e\x74\x65\x72\x65\x73\x74\x20\x69\x6e\x20\x73\x61\x6e\
\x73\x20\x73\x65\x72\x69\x66\x20\x74\x79\x70\x65\x66\x61\x63\x65\
\x73\x2e\x20\x49\x6e\x20\x61\x6e\x20\x69\x6e\x74\x65\x72\x76\x69\
\x65\x77\x20\x77\x69\x74\x68\x20\x4c\x69\x6e\x6f\x74\x79\x70\x65\
\x2c\x20\x68\x65\x20\x73\x61\x69\x64\x20\x68\x65\x20\x66\x65\x6c\
\x74\x20\x61\x6e\x20\x6f\x62\x6c\x69\x67\x61\x74\x69\x6f\x6e\x20\
\x74\x6f\x20\x64\x65\x73\x69\x67\x6e\x20\x61\x20\x6c\x69\x6e\x65\
\x61\x72\x20\x73\x61\x6e\x73\x20\x69\x6e\x20\x74\x68\x65\x20\x74\
\x72\x61\x64\x69\x74\x69\x6f\x6e\x20\x6f\x66\x20\x45\x72\x62\x61\
\x72\x20\x61\x6e\x64\x20\x46\x75\x74\x75\x72\x61\x2c\x20\x62\x75\
\x74\x20\x74\x6f\x20\x61\x6c\x73\x6f\x20\x6d\x61\x6b\x65\x20\x75\
\x73\x65\x20\x6f\x66\x20\x74\x68\x65\x20\x65\x78\x70\x65\x72\x69\
\x65\x6e\x63\x65\x20\x61\x6e\x64\x20\x73\x74\x79\x6c\x69\x73\x74\
\x69\x63\x20\x64\x65\x76\x65\x6c\x6f\x70\x6d\x65\x6e\x74\x73\x20\
\x6f\x66\x20\x74\x68\x65\x20\x74\x77\x65\x6e\x74\x69\x65\x74\x68\
\x20\x63\x65\x6e\x74\x75\x72\x79\x2e\x20\x54\x68\x65\x20\x77\x6f\
\x72\x64\x20\x41\x76\x65\x6e\x69\x72\x20\x6d\x65\x61\x6e\x73\x20\
\x27\x66\x75\x74\x75\x72\x65\x27\x20\x69\x6e\x20\x46\x72\x65\x6e\
\x63\x68\x20\x61\x6e\x64\x20\x68\x69\x6e\x74\x73\x20\x74\x68\x61\
\x74\x20\x74\x68\x65\x20\x74\x79\x70\x65\x66\x61\x63\x65\x20\x6f\
\x77\x65\x73\x20\x73\x6f\x6d\x65\x20\x6f\x66\x20\x69\x74\x73\x20\
\x69\x6e\x74\x65\x72\x70\x72\x65\x74\x61\x74\x69\x6f\x6e\x20\x74\
\x6f\x20\x46\x75\x74\x75\x72\x61\x2e\x20\x42\x75\x74\x20\x75\x6e\
\x6c\x69\x6b\x65\x20\x46\x75\x74\x75\x72\x61\x2c\x20\x41\x76\x65\
\x6e\x69\x72\x20\x69\x73\x20\x6e\x6f\x74\x20\x70\x75\x72\x65\x6c\
\x79\x20\x67\x65\x6f\x6d\x65\x74\x72\x69\x63\x3b\x20\x69\x74\x20\
\x68\x61\x73\x20\x76\x65\x72\x74\x69\x63\x61\x6c\x20\x73\x74\x72\
\x6f\x6b\x65\x73\x20\x74\x68\x61\x74\x20\x61\x72\x65\x20\x74\x68\
\x69\x63\x6b\x65\x72\x20\x74\x68\x61\x6e\x20\x74\x68\x65\x20\x68\
\x6f\x72\x69\x7a\x6f\x6e\x74\x61\x6c\x73\x2c\x20\x61\x6e\x20\x22\
\x6f\x22\x20\x74\x68\x61\x74\x20\x69\x73\x20\x6e\x6f\x74\x20\x61\
\x20\x70\x65\x72\x66\x65\x63\x74\x20\x63\x69\x72\x63\x6c\x65\x2c\
\x20\x61\x6e\x64\x20\x73\x68\x6f\x72\x74\x65\x6e\x65\x64\x20\x61\
\x73\x63\x65\x6e\x64\x65\x72\x73\x2e\x20\x54\x68\x65\x73\x65\x20\
\x6e\x75\x61\x6e\x63\x65\x73\x20\x61\x69\x64\x20\x69\x6e\x20\x6c\
\x65\x67\x69\x62\x69\x6c\x69\x74\x79\x20\x61\x6e\x64\x20\x67\x69\
\x76\x65\x20\x41\x76\x65\x6e\x69\x72\x20\x61\x20\x68\x61\x72\x6d\
\x6f\x6e\x69\x6f\x75\x73\x20\x61\x6e\x64\x20\x73\x65\x6e\x73\x69\
\x62\x6c\x65\x20\x61\x70\x70\x65\x61\x72\x61\x6e\x63\x65\x20\x66\
\x6f\x72\x20\x62\x6f\x74\x68\x20\x74\x65\x78\x74\x73\x20\x61\x6e\
\x64\x20\x68\x65\x61\x64\x6c\x69\x6e\x65\x73\x2e\x20\x49\x6e\x20\
\x32\x30\x30\x34\x20\x41\x64\x72\x69\x61\x6e\x20\x46\x72\x75\x74\
\x69\x67\x65\x72\x20\x61\x6e\x64\x20\x74\x68\x65\x20\x74\x79\x70\
\x65\x20\x64\x69\x72\x65\x63\x74\x6f\x72\x20\x6f\x66\x20\x4c\x69\
\x6e\x6f\x74\x79\x70\x65\x20\x47\x6d\x62\x48\x20\x41\x6b\x69\x72\
\x61\x20\x4b\x6f\x62\x61\x79\x61\x73\x68\x69\x20\x72\x65\x77\x6f\
\x72\x6b\x65\x64\x20\x74\x68\x65\x20\x41\x76\x65\x6e\x69\x72\x20\
\x61\x6e\x64\x20\x63\x72\x65\x61\x74\x65\x64\x20\x74\x68\x65\x20\
\x41\x76\x65\x6e\x69\x72\x20\x4e\x65\x78\x74\x20\x66\x6f\x72\x20\
\x74\x68\x65\x20\x50\x6c\x61\x74\x69\x6e\x75\x6d\x20\x43\x6f\x6c\
\x6c\x65\x63\x74\x69\x6f\x6e\x2e\x20\x49\x74\x20\x69\x6e\x63\x6c\
\x75\x64\x65\x73\x20\x6e\x65\x77\x20\x73\x6d\x61\x6c\x6c\x20\x63\
\x61\x70\x73\x2c\x20\x6e\x65\x77\x6c\x79\x20\x64\x65\x73\x69\x67\
\x6e\x65\x64\x20\x74\x72\x75\x65\x20\x69\x74\x61\x6c\x69\x63\x73\
\x2c\x20\x61\x6e\x64\x20\x61\x20\x63\x6f\x6d\x70\x6c\x65\x74\x65\
\x20\x6e\x65\x77\x20\x72\x61\x6e\x67\x65\x20\x6f\x66\x20\x63\x6f\
\x6e\x64\x65\x6e\x73\x65\x64\x20\x77\x65\x69\x67\x68\x74\x73\x2e\
\x20\x41\x76\x65\x6e\x69\x72\x20\x4e\x65\x78\x74\x20\x69\x73\x20\
\x61\x20\x76\x65\x72\x73\x61\x74\x69\x6c\x65\x20\x73\x61\x6e\x73\
\x20\x73\x65\x72\x69\x66\x20\x66\x61\x6d\x69\x6c\x79\x2c\x20\x72\
\x65\x61\x64\x79\x20\x66\x6f\x72\x20\x6c\x61\x72\x67\x65\x20\x61\
\x6e\x64\x20\x63\x6f\x6d\x70\x6c\x65\x78\x20\x70\x72\x6f\x6a\x65\
\x63\x74\x73\x20\x66\x72\x6f\x6d\x20\x62\x6f\x6f\x6b\x73\x20\x74\
\x6f\x20\x73\x69\x67\x6e\x61\x67\x65\x20\x74\x6f\x20\x61\x64\x76\
\x65\x72\x74\x69\x73\x69\x6e\x67\x2e\x00\x00\x68\x00\x74\x00\x74\
\x00\x70\x00\x3a\x00\x2f\x00\x2f\x00\x77\x00\x77\x00\x77\x00\x2e\
\x00\x6c\x00\x69\x00\x6e\x00\x6f\x00\x74\x00\x79\x00\x70\x00\x65\
\x00\x2e\x00\x63\x00\x6f\x00\x6d\x00\x00\x68\x74\x74\x70\x3a\x2f\
\x2f\x77\x77\x77\x2e\x6c\x69\x6e\x6f\x74\x79\x70\x65\x2e\x63\x6f\
\x6d\x00\x00\x68\x00\x74\x00\x74\x00\x70\x00\x3a\x00\x2f\x00\x2f\
\x00\x77\x00\x77\x00\x77\x00\x2e\x00\x6c\x00\x69\x00\x6e\x00\x6f\
\x00\x74\x00\x79\x00\x70\x00\x65\x00\x2e\x00\x63\x00\x6f\x00\x6d\
\x00\x2f\x00\x66\x00\x6f\x00\x6e\x00\x74\x00\x64\x00\x65\x00\x73\
\x00\x69\x00\x67\x00\x6e\x00\x65\x00\x72\x00\x73\x00\x00\x68\x74\
\x74\x70\x3a\x2f\x2f\x77\x77\x77\x2e\x6c\x69\x6e\x6f\x74\x79\x70\
\x65\x2e\x63\x6f\x6d\x2f\x66\x6f\x6e\x74\x64\x65\x73\x69\x67\x6e\
\x65\x72\x73\x00\x00\x4e\x00\x4f\x00\x54\x00\x49\x00\x46\x00\x49\
\x00\x43\x00\x41\x00\x54\x00\x49\x00\x4f\x00\x4e\x00\x20\x00\x4f\
\x00\x46\x00\x20\x00\x4c\x00\x49\x00\x43\x00\x45\x00\x4e\x00\x53\
\x00\x45\x00\x20\x00\x41\x00\x47\x00\x52\x00\x45\x00\x45\x00\x4d\
\x00\x45\x00\x4e\x00\x54\x00\x0d\x00\x0a\x00\x0d\x00\x0a\x00\x59\
\x00\x6f\x00\x75\x00\x20\x00\x68\x00\x61\x00\x76\x00\x65\x00\x20\
\x00\x6f\x00\x62\x00\x74\x00\x61\x00\x69\x00\x6e\x00\x65\x00\x64\
\x00\x20\x00\x74\x00\x68\x00\x69\x00\x73\x00\x20\x00\x66\x00\x6f\
\x00\x6e\x00\x74\x00\x20\x00\x73\x00\x6f\x00\x66\x00\x74\x00\x77\
\x00\x61\x00\x72\x00\x65\x00\x20\x00\x65\x00\x69\x00\x74\x00\x68\
\x00\x65\x00\x72\x00\x20\x00\x64\x00\x69\x00\x72\x00\x65\x00\x63\
\x00\x74\x00\x6c\x00\x79\x00\x20\x00\x66\x00\x72\x00\x6f\x00\x6d\
\x00\x20\x00\x4c\x00\x69\x00\x6e\x00\x6f\x00\x74\x00\x79\x00\x70\
\x00\x65\x00\x20\x00\x47\x00\x6d\x00\x62\x00\x48\x00\x20\x00\x6f\
\x00\x72\x00\x20\x00\x74\x00\x6f\x00\x67\x00\x65\x00\x74\x00\x68\
\x00\x65\x00\x72\x00\x20\x00\x77\x00\x69\x00\x74\x00\x68\x00\x20\
\x00\x73\x00\x6f\x00\x66\x00\x74\x00\x77\x00\x61\x00\x72\x00\x65\
\x00\x20\x00\x64\x00\x69\x00\x73\x00\x74\x00\x72\x00\x69\x00\x62\
\x00\x75\x00\x74\x00\x65\x00\x64\x00\x20\x00\x62\x00\x79\x00\x20\
\x00\x6f\x00\x6e\x00\x65\x00\x20\x00\x6f\x00\x66\x00\x20\x00\x4c\
\x00\x69\x00\x6e\x00\x6f\x00\x74\x00\x79\x00\x70\x00\x65\x00\x27\
\x00\x73\x00\x20\x00\x6c\x00\x69\x00\x63\x00\x65\x00\x6e\x00\x73\
\x00\x65\x00\x65\x00\x73\x00\x2e\x00\x0d\x00\x0a\x00\x0d\x00\x0a\
\x00\x54\x00\x68\x00\x69\x00\x73\x00\x20\x00\x66\x00\x6f\x00\x6e\
\x00\x74\x00\x20\x00\x73\x00\x6f\x00\x66\x00\x74\x00\x77\x00\x61\
\x00\x72\x00\x65\x00\x20\x00\x69\x00\x73\x00\x20\x00\x61\x00\x20\
\x00\x76\x00\x61\x00\x6c\x00\x75\x00\x61\x00\x62\x00\x6c\x00\x65\
\x00\x20\x00\x61\x00\x73\x00\x73\x00\x65\x00\x74\x00\x20\x00\x6f\
\x00\x66\x00\x20\x00\x4c\x00\x69\x00\x6e\x00\x6f\x00\x74\x00\x79\
\x00\x70\x00\x65\x00\x20\x00\x47\x00\x6d\x00\x62\x00\x48\x00\x2e\
\x00\x20\x00\x55\x00\x6e\x00\x6c\x00\x65\x00\x73\x00\x73\x00\x20\
\x00\x79\x00\x6f\x00\x75\x00\x20\x00\x68\x00\x61\x00\x76\x00\x65\
\x00\x20\x00\x65\x00\x6e\x00\x74\x00\x65\x00\x72\x00\x65\x00\x64\
\x00\x20\x00\x69\x00\x6e\x00\x74\x00\x6f\x00\x20\x00\x61\x00\x20\
\x00\x73\x00\x70\x00\x65\x00\x63\x00\x69\x00\x66\x00\x69\x00\x63\
\x00\x20\x00\x6c\x00\x69\x00\x63\x00\x65\x00\x6e\x00\x73\x00\x65\
\x00\x20\x00\x61\x00\x67\x00\x72\x00\x65\x00\x65\x00\x6d\x00\x65\
\x00\x6e\x00\x74\x00\x20\x00\x67\x00\x72\x00\x61\x00\x6e\x00\x74\
\x00\x69\x00\x6e\x00\x67\x00\x20\x00\x79\x00\x6f\x00\x75\x00\x20\
\x00\x61\x00\x64\x00\x64\x00\x69\x00\x74\x00\x69\x00\x6f\x00\x6e\
\x00\x61\x00\x6c\x00\x20\x00\x72\x00\x69\x00\x67\x00\x68\x00\x74\
\x00\x73\x00\x2c\x00\x20\x00\x79\x00\x6f\x00\x75\x00\x72\x00\x20\
\x00\x75\x00\x73\x00\x65\x00\x20\x00\x6f\x00\x66\x00\x20\x00\x74\
\x00\x68\x00\x69\x00\x73\x00\x20\x00\x66\x00\x6f\x00\x6e\x00\x74\
\x00\x20\x00\x73\x00\x6f\x00\x66\x00\x74\x00\x77\x00\x61\x00\x72\
\x00\x65\x00\x20\x00\x69\x00\x73\x00\x20\x00\x6c\x00\x69\x00\x6d\
\x00\x69\x00\x74\x00\x65\x00\x64\x00\x20\x00\x74\x00\x6f\x00\x20\
\x00\x79\x00\x6f\x00\x75\x00\x72\x00\x20\x00\x77\x00\x6f\x00\x72\
\x00\x6b\x00\x73\x00\x74\x00\x61\x00\x74\x00\x69\x00\x6f\x00\x6e\
\x00\x20\x00\x66\x00\x6f\x00\x72\x00\x20\x00\x79\x00\x6f\x00\x75\
\x00\x72\x00\x20\x00\x6f\x00\x77\x00\x6e\x00\x20\x00\x75\x00\x73\
\x00\x65\x00\x2e\x00\x20\x00\x59\x00\x6f\x00\x75\x00\x20\x00\x6d\
\x00\x61\x00\x79\x00\x20\x00\x6e\x00\x6f\x00\x74\x00\x20\x00\x63\
\x00\x6f\x00\x70\x00\x79\x00\x20\x00\x6f\x00\x72\x00\x20\x00\x64\
\x00\x69\x00\x73\x00\x74\x00\x72\x00\x69\x00\x62\x00\x75\x00\x74\
\x00\x65\x00\x20\x00\x74\x00\x68\x00\x69\x00\x73\x00\x20\x00\x66\
\x00\x6f\x00\x6e\x00\x74\x00\x20\x00\x73\x00\x6f\x00\x66\x00\x74\
\x00\x77\x00\x61\x00\x72\x00\x65\x00\x2e\x00\x20\x00\x49\x00\x66\
\x00\x20\x00\x79\x00\x6f\x00\x75\x00\x20\x00\x68\x00\x61\x00\x76\
\x00\x65\x00\x20\x00\x61\x00\x6e\x00\x79\x00\x20\x00\x71\x00\x75\
\x00\x65\x00\x73\x00\x74\x00\x69\x00\x6f\x00\x6e\x00\x73\x00\x20\
\x00\x72\x00\x65\x00\x67\x00\x61\x00\x72\x00\x64\x00\x69\x00\x6e\
\x00\x67\x00\x20\x00\x79\x00\x6f\x00\x75\x00\x72\x00\x20\x00\x6c\
\x00\x69\x00\x63\x00\x65\x00\x6e\x00\x73\x00\x65\x00\x20\x00\x74\
\x00\x65\x00\x72\x00\x6d\x00\x73\x00\x2c\x00\x20\x00\x70\x00\x6c\
\x00\x65\x00\x61\x00\x73\x00\x65\x00\x20\x00\x72\x00\x65\x00\x76\
\x00\x69\x00\x65\x00\x77\x00\x20\x00\x74\x00\x68\x00\x65\x00\x20\
\x00\x6c\x00\x69\x00\x63\x00\x65\x00\x6e\x00\x73\x00\x65\x00\x20\
\x00\x61\x00\x67\x00\x72\x00\x65\x00\x65\x00\x6d\x00\x65\x00\x6e\
\x00\x74\x00\x20\x00\x79\x00\x6f\x00\x75\x00\x20\x00\x72\x00\x65\
\x00\x63\x00\x65\x00\x69\x00\x76\x00\x65\x00\x64\x00\x20\x00\x77\
\x00\x69\x00\x74\x00\x68\x00\x20\x00\x74\x00\x68\x00\x65\x00\x20\
\x00\x73\x00\x6f\x00\x66\x00\x74\x00\x77\x00\x61\x00\x72\x00\x65\
\x00\x2e\x00\x0d\x00\x0a\x00\x0d\x00\x0a\x00\x47\x00\x65\x00\x6e\
\x00\x65\x00\x72\x00\x61\x00\x6c\x00\x20\x00\x6c\x00\x69\x00\x63\
\x00\x65\x00\x6e\x00\x73\x00\x65\x00\x20\x00\x74\x00\x65\x00\x72\
\x00\x6d\x00\x73\x00\x20\x00\x61\x00\x6e\x00\x64\x00\x20\x00\x75\
\x00\x73\x00\x61\x00\x67\x00\x65\x00\x20\x00\x72\x00\x69\x00\x67\
\x00\x68\x00\x74\x00\x73\x00\x20\x00\x63\x00\x61\x00\x6e\x00\x20\
\x00\x62\x00\x65\x00\x20\x00\x76\x00\x69\x00\x65\x00\x77\x00\x65\
\x00\x64\x00\x20\x00\x61\x00\x74\x00\x20\x00\x77\x00\x77\x00\x77\
\x00\x2e\x00\x6c\x00\x69\x00\x6e\x00\x6f\x00\x74\x00\x79\x00\x70\
\x00\x65\x00\x2e\x00\x63\x00\x6f\x00\x6d\x00\x2f\x00\x6c\x00\x69\
\x00\x63\x00\x65\x00\x6e\x00\x73\x00\x65\x00\x2e\x00\x0d\x00\x0a\
\x00\x0d\x00\x0a\x00\x47\x00\x65\x00\x6e\x00\x65\x00\x72\x00\x65\
\x00\x6c\x00\x6c\x00\x65\x00\x20\x00\x4c\x00\x69\x00\x7a\x00\x65\
\x00\x6e\x00\x7a\x00\x62\x00\x65\x00\x64\x00\x69\x00\x6e\x00\x67\
\x00\x75\x00\x6e\x00\x67\x00\x65\x00\x6e\x00\x20\x00\x75\x00\x6e\
\x00\x64\x00\x20\x00\x4e\x00\x75\x00\x74\x00\x7a\x00\x75\x00\x6e\
\x00\x67\x00\x73\x00\x72\x00\x65\x00\x63\x00\x68\x00\x74\x00\x65\
\x00\x20\x00\x66\x00\x69\x00\x6e\x00\x64\x00\x65\x00\x6e\x00\x20\
\x00\x53\x00\x69\x00\x65\x00\x20\x00\x75\x00\x6e\x00\x74\x00\x65\
\x00\x72\x00\x20\x00\x77\x00\x77\x00\x77\x00\x2e\x00\x6c\x00\x69\
\x00\x6e\x00\x6f\x00\x74\x00\x79\x00\x70\x00\x65\x00\x2e\x00\x63\
\x00\x6f\x00\x6d\x00\x2f\x00\x6c\x00\x69\x00\x63\x00\x65\x00\x6e\
\x00\x73\x00\x65\x00\x2e\x00\x0d\x00\x0a\x00\x0d\x00\x0a\x00\x50\
\x00\x6f\x00\x75\x00\x72\x00\x20\x00\x70\x00\x6c\x00\x75\x00\x73\
\x00\x20\x00\x64\x00\x27\x00\x69\x00\x6e\x00\x66\x00\x6f\x00\x72\
\x00\x6d\x00\x61\x00\x74\x00\x69\x00\x6f\x00\x6e\x00\x73\x00\x20\
\x00\x63\x00\x6f\x00\x6e\x00\x63\x00\x65\x00\x72\x00\x6e\x00\x61\
\x00\x6e\x00\x74\x00\x20\x00\x6c\x00\x65\x00\x20\x00\x63\x00\x6f\
\x00\x6e\x00\x74\x00\x72\x00\x61\x00\x74\x00\x20\x00\x64\x00\x27\
\x00\x75\x00\x74\x00\x69\x00\x6c\x00\x69\x00\x73\x00\x61\x00\x74\
\x00\x69\x00\x6f\x00\x6e\x00\x20\x00\x64\x00\x75\x00\x20\x00\x6c\
\x00\x6f\x00\x67\x00\x69\x00\x63\x00\x69\x00\x65\x00\x6c\x00\x20\
\x00\x64\x00\x65\x00\x20\x00\x70\x00\x6f\x00\x6c\x00\x69\x00\x63\
\x00\x65\x00\x73\x00\x2c\x00\x20\x00\x76\x00\x65\x00\x75\x00\x69\
\x00\x6c\x00\x6c\x00\x65\x00\x7a\x00\x20\x00\x63\x00\x6f\x00\x6e\
\x00\x73\x00\x75\x00\x6c\x00\x74\x00\x65\x00\x72\x00\x20\x00\x6e\
\x00\x6f\x00\x74\x00\x72\x00\x65\x00\x20\x00\x73\x00\x69\x00\x74\
\x00\x65\x00\x20\x00\x77\x00\x65\x00\x62\x00\x20\x00\x77\x00\x77\
\x00\x77\x00\x2e\x00\x6c\x00\x69\x00\x6e\x00\x6f\x00\x74\x00\x79\
\x00\x70\x00\x65\x00\x2e\x00\x63\x00\x6f\x00\x6d\x00\x2f\x00\x6c\
\x00\x69\x00\x63\x00\x65\x00\x6e\x00\x73\x00\x65\x00\x2e\x00\x0d\
\x00\x0a\x00\x0d\x00\x0a\x00\x4c\x00\x69\x00\x6e\x00\x6f\x00\x74\
\x00\x79\x00\x70\x00\x65\x00\x20\x00\x47\x00\x6d\x00\x62\x00\x48\
\x00\x20\x00\x63\x00\x61\x00\x6e\x00\x20\x00\x62\x00\x65\x00\x20\
\x00\x63\x00\x6f\x00\x6e\x00\x74\x00\x61\x00\x63\x00\x74\x00\x65\
\x00\x64\x00\x20\x00\x61\x00\x74\x00\x3a\x00\x0d\x00\x0a\x00\x0d\
\x00\x0a\x00\x54\x00\x65\x00\x6c\x00\x2e\x00\x3a\x00\x20\x00\x2b\
\x00\x34\x00\x39\x00\x28\x00\x30\x00\x29\x00\x36\x00\x31\x00\x37\
\x00\x32\x00\x20\x00\x34\x00\x38\x00\x34\x00\x2d\x00\x34\x00\x31\
\x00\x38\x00\x00\x4e\x4f\x54\x49\x46\x49\x43\x41\x54\x49\x4f\x4e\
\x20\x4f\x46\x20\x4c\x49\x43\x45\x4e\x53\x45\x20\x41\x47\x52\x45\
\x45\x4d\x45\x4e\x54\x0d\x0a\x0d\x0a\x59\x6f\x75\x20\x68\x61\x76\
\x65\x20\x6f\x62\x74\x61\x69\x6e\x65\x64\x20\x74\x68\x69\x73\x20\
\x66\x6f\x6e\x74\x20\x73\x6f\x66\x74\x77\x61\x72\x65\x20\x65\x69\
\x74\x68\x65\x72\x20\x64\x69\x72\x65\x63\x74\x6c\x79\x20\x66\x72\
\x6f\x6d\x20\x4c\x69\x6e\x6f\x74\x79\x70\x65\x20\x47\x6d\x62\x48\
\x20\x6f\x72\x20\x74\x6f\x67\x65\x74\x68\x65\x72\x20\x77\x69\x74\
\x68\x20\x73\x6f\x66\x74\x77\x61\x72\x65\x20\x64\x69\x73\x74\x72\
\x69\x62\x75\x74\x65\x64\x20\x62\x79\x20\x6f\x6e\x65\x20\x6f\x66\
\x20\x4c\x69\x6e\x6f\x74\x79\x70\x65\x27\x73\x20\x6c\x69\x63\x65\
\x6e\x73\x65\x65\x73\x2e\x0d\x0a\x0d\x0a\x54\x68\x69\x73\x20\x66\
\x6f\x6e\x74\x20\x73\x6f\x66\x74\x77\x61\x72\x65\x20\x69\x73\x20\
\x61\x20\x76\x61\x6c\x75\x61\x62\x6c\x65\x20\x61\x73\x73\x65\x74\
\x20\x6f\x66\x20\x4c\x69\x6e\x6f\x74\x79\x70\x65\x20\x47\x6d\x62\
\x48\x2e\x20\x55\x6e\x6c\x65\x73\x73\x20\x79\x6f\x75\x20\x68\x61\
\x76\x65\x20\x65\x6e\x74\x65\x72\x65\x64\x20\x69\x6e\x74\x6f\x20\
\x61\x20\x73\x70\x65\x63\x69\x66\x69\x63\x20\x6c\x69\x63\x65\x6e\
\x73\x65\x20\x61\x67\x72\x65\x65\x6d\x65\x6e\x74\x20\x67\x72\x61\
\x6e\x74\x69\x6e\x67\x20\x79\x6f\x75\x20\x61\x64\x64\x69\x74\x69\
\x6f\x6e\x61\x6c\x20\x72\x69\x67\x68\x74\x73\x2c\x20\x79\x6f\x75\
\x72\x20\x75\x73\x65\x20\x6f\x66\x20\x74\x68\x69\x73\x20\x66\x6f\
\x6e\x74\x20\x73\x6f\x66\x74\x77\x61\x72\x65\x20\x69\x73\x20\x6c\
\x69\x6d\x69\x74\x65\x64\x20\x74\x6f\x20\x79\x6f\x75\x72\x20\x77\
\x6f\x72\x6b\x73\x74\x61\x74\x69\x6f\x6e\x20\x66\x6f\x72\x20\x79\
\x6f\x75\x72\x20\x6f\x77\x6e\x20\x75\x73\x65\x2e\x20\x59\x6f\x75\
\x20\x6d\x61\x79\x20\x6e\x6f\x74\x20\x63\x6f\x70\x79\x20\x6f\x72\
\x20\x64\x69\x73\x74\x72\x69\x62\x75\x74\x65\x20\x74\x68\x69\x73\
\x20\x66\x6f\x6e\x74\x20\x73\x6f\x66\x74\x77\x61\x72\x65\x2e\x20\
\x49\x66\x20\x79\x6f\x75\x20\x68\x61\x76\x65\x20\x61\x6e\x79\x20\
\x71\x75\x65\x73\x74\x69\x6f\x6e\x73\x20\x72\x65\x67\x61\x72\x64\
\x69\x6e\x67\x20\x79\x6f\x75\x72\x20\x6c\x69\x63\x65\x6e\x73\x65\
\x20\x74\x65\x72\x6d\x73\x2c\x20\x70\x6c\x65\x61\x73\x65\x20\x72\
\x65\x76\x69\x65\x77\x20\x74\x68\x65\x20\x6c\x69\x63\x65\x6e\x73\
\x65\x20\x61\x67\x72\x65\x65\x6d\x65\x6e\x74\x20\x79\x6f\x75\x20\
\x72\x65\x63\x65\x69\x76\x65\x64\x20\x77\x69\x74\x68\x20\x74\x68\
\x65\x20\x73\x6f\x66\x74\x77\x61\x72\x65\x2e\x0d\x0a\x0d\x0a\x47\
\x65\x6e\x65\x72\x61\x6c\x20\x6c\x69\x63\x65\x6e\x73\x65\x20\x74\
\x65\x72\x6d\x73\x20\x61\x6e\x64\x20\x75\x73\x61\x67\x65\x20\x72\
\x69\x67\x68\x74\x73\x20\x63\x61\x6e\x20\x62\x65\x20\x76\x69\x65\
\x77\x65\x64\x20\x61\x74\x20\x77\x77\x77\x2e\x6c\x69\x6e\x6f\x74\
\x79\x70\x65\x2e\x63\x6f\x6d\x2f\x6c\x69\x63\x65\x6e\x73\x65\x2e\
\x0d\x0a\x0d\x0a\x47\x65\x6e\x65\x72\x65\x6c\x6c\x65\x20\x4c\x69\
\x7a\x65\x6e\x7a\x62\x65\x64\x69\x6e\x67\x75\x6e\x67\x65\x6e\x20\
\x75\x6e\x64\x20\x4e\x75\x74\x7a\x75\x6e\x67\x73\x72\x65\x63\x68\
\x74\x65\x20\x66\x69\x6e\x64\x65\x6e\x20\x53\x69\x65\x20\x75\x6e\
\x74\x65\x72\x20\x77\x77\x77\x2e\x6c\x69\x6e\x6f\x74\x79\x70\x65\
\x2e\x63\x6f\x6d\x2f\x6c\x69\x63\x65\x6e\x73\x65\x2e\x0d\x0a\x0d\
\x0a\x50\x6f\x75\x72\x20\x70\x6c\x75\x73\x20\x64\x27\x69\x6e\x66\
\x6f\x72\x6d\x61\x74\x69\x6f\x6e\x73\x20\x63\x6f\x6e\x63\x65\x72\
\x6e\x61\x6e\x74\x20\x6c\x65\x20\x63\x6f\x6e\x74\x72\x61\x74\x20\
\x64\x27\x75\x74\x69\x6c\x69\x73\x61\x74\x69\x6f\x6e\x20\x64\x75\
\x20\x6c\x6f\x67\x69\x63\x69\x65\x6c\x20\x64\x65\x20\x70\x6f\x6c\
\x69\x63\x65\x73\x2c\x20\x76\x65\x75\x69\x6c\x6c\x65\x7a\x20\x63\
\x6f\x6e\x73\x75\x6c\x74\x65\x72\x20\x6e\x6f\x74\x72\x65\x20\x73\
\x69\x74\x65\x20\x77\x65\x62\x20\x77\x77\x77\x2e\x6c\x69\x6e\x6f\
\x74\x79\x70\x65\x2e\x63\x6f\x6d\x2f\x6c\x69\x63\x65\x6e\x73\x65\
\x2e\x0d\x0a\x0d\x0a\x4c\x69\x6e\x6f\x74\x79\x70\x65\x20\x47\x6d\
\x62\x48\x20\x63\x61\x6e\x20\x62\x65\x20\x63\x6f\x6e\x74\x61\x63\
\x74\x65\x64\x20\x61\x74\x3a\x0d\x0a\x0d\x0a\x54\x65\x6c\x2e\x3a\
\x20\x2b\x34\x39\x28\x30\x29\x36\x31\x37\x32\x20\x34\x38\x34\x2d\
\x34\x31\x38\x00\x00\x68\x00\x74\x00\x74\x00\x70\x00\x3a\x00\x2f\
\x00\x2f\x00\x77\x00\x77\x00\x77\x00\x2e\x00\x6c\x00\x69\x00\x6e\
\x00\x6f\x00\x74\x00\x79\x00\x70\x00\x65\x00\x2e\x00\x63\x00\x6f\
\x00\x6d\x00\x2f\x00\x6c\x00\x69\x00\x63\x00\x65\x00\x6e\x00\x73\
\x00\x65\x00\x00\x68\x74\x74\x70\x3a\x2f\x2f\x77\x77\x77\x2e\x6c\
\x69\x6e\x6f\x74\x79\x70\x65\x2e\x63\x6f\x6d\x2f\x6c\x69\x63\x65\
\x6e\x73\x65\x00\x00\x41\x00\x76\x00\x65\x00\x6e\x00\x69\x00\x72\
\x00\x20\x00\x4e\x00\x65\x00\x78\x00\x74\x00\x20\x00\x43\x00\x79\
\x00\x72\x00\x00\x41\x76\x65\x6e\x69\x72\x20\x4e\x65\x78\x74\x20\
\x43\x79\x72\x00\x00\x00\x00\x00\x02\x00\x00\x00\x00\x00\x00\xff\
\x51\x00\x32\x00\x00\x00\x00\x00\x00\x00\x00\x00\x00\x00\x00\x00\
\x00\x00\x00\x00\x00\x00\x00\x02\xdb\x00\x00\x00\x01\x00\x02\x01\
\x02\x00\x03\x00\x04\x00\x05\x00\x06\x00\x07\x00\x08\x00\x09\x00\
\x0a\x00\x0b\x00\x0c\x00\x0d\x00\x0e\x00\x0f\x00\x10\x00\x11\x00\
\x12\x00\x13\x00\x14\x00\x15\x00\x16\x00\x17\x00\x18\x00\x19\x00\
\x1a\x00\x1b\x00\x1c\x00\x1d\x00\x1e\x00\x1f\x00\x20\x00\x21\x00\
\x22\x00\x23\x00\x24\x00\x25\x00\x26\x00\x27\x00\x28\x00\x29\x00\
\x2a\x00\x2b\x00\x2c\x00\x2d\x00\x2e\x00\x2f\x00\x30\x00\x31\x00\
\x32\x00\x33\x00\x34\x00\x35\x00\x36\x00\x37\x00\x38\x00\x39\x00\
\x3a\x00\x3b\x00\x3c\x00\x3d\x00\x3e\x00\x3f\x00\x40\x00\x41\x00\
\x42\x00\x43\x00\x44\x00\x45\x00\x46\x00\x47\x00\x48\x00\x49\x00\
\x4a\x00\x4b\x00\x4c\x00\x4d\x00\x4e\x00\x4f\x00\x50\x00\x51\x00\
\x52\x00\x53\x00\x54\x00\x55\x00\x56\x00\x57\x00\x58\x00\x59\x00\
\x5a\x00\x5b\x00\x5c\x00\x5d\x00\x5e\x00\x5f\x00\x60\x00\x61\x01\
\x03\x00\xa3\x00\x84\x00\x85\x00\xbd\x00\x96\x00\xe8\x00\x86\x00\
\x8e\x00\x8b\x00\x9d\x00\xa9\x00\xa4\x01\x04\x00\x8a\x00\xda\x00\
\x83\x00\x93\x00\xf2\x00\xf3\x00\x8d\x00\x97\x00\x88\x00\xc3\x00\
\xde\x00\xf1\x00\x9e\x00\xaa\x00\xf5\x00\xf4\x00\xf6\x00\xa2\x00\
\xad\x00\xc9\x00\xc7\x00\xae\x00\x62\x00\x63\x00\x90\x00\x64\x00\
\xcb\x00\x65\x00\xc8\x00\xca\x00\xcf\x00\xcc\x00\xcd\x00\xce\x00\
\xe9\x00\x66\x00\xd3\x00\xd0\x00\xd1\x00\xaf\x00\x67\x00\xf0\x00\
\x91\x00\xd6\x00\xd4\x00\xd5\x00\x68\x00\xeb\x00\xed\x00\x89\x00\
\x6a\x00\x69\x00\x6b\x00\x6d\x00\x6c\x00\x6e\x00\xa0\x00\x6f\x00\
\x71\x00\x70\x00\x72\x00\x73\x00\x75\x00\x74\x00\x76\x00\x77\x00\
\xea\x00\x78\x00\x7a\x00\x79\x00\x7b\x00\x7d\x00\x7c\x00\xb8\x00\
\xa1\x00\x7f\x00\x7e\x00\x80\x00\x81\x00\xec\x00\xee\x00\xba\x01\
\x05\x01\x06\x01\x07\x01\x08\x01\x09\x01\x0a\x00\xfd\x00\xfe\x01\
\x0b\x01\x0c\x01\x0d\x01\x0e\x00\xff\x01\x00\x01\x0f\x01\x10\x01\
\x11\x01\x01\x01\x12\x01\x13\x01\x14\x01\x15\x01\x16\x01\x17\x01\
\x18\x01\x19\x01\x1a\x01\x1b\x01\x1c\x01\x1d\x00\xf8\x00\xf9\x01\
\x1e\x01\x1f\x01\x20\x01\x21\x01\x22\x01\x23\x01\x24\x01\x25\x01\
\x26\x01\x27\x01\x28\x01\x29\x01\x2a\x01\x2b\x01\x2c\x01\x2d\x00\
\xfa\x00\xd7\x01\x2e\x01\x2f\x01\x30\x01\x31\x01\x32\x01\x33\x01\
\x34\x01\x35\x01\x36\x01\x37\x01\x38\x01\x39\x01\x3a\x01\x3b\x01\
\x3c\x00\xe2\x00\xe3\x01\x3d\x01\x3e\x01\x3f\x01\x40\x01\x41\x01\
\x42\x01\x43\x01\x44\x01\x45\x01\x46\x01\x47\x01\x48\x01\x49\x01\
\x4a\x01\x4b\x00\xb0\x00\xb1\x01\x4c\x01\x4d\x01\x4e\x01\x4f\x01\
\x50\x01\x51\x01\x52\x01\x53\x01\x54\x01\x55\x00\xfb\x00\xfc\x00\
\xe4\x00\xe5\x01\x56\x01\x57\x01\x58\x01\x59\x01\x5a\x01\x5b\x01\
\x5c\x01\x5d\x01\x5e\x01\x5f\x01\x60\x01\x61\x01\x62\x01\x63\x01\
\x64\x01\x65\x01\x66\x01\x67\x01\x68\x01\x69\x01\x6a\x01\x6b\x00\
\xbb\x01\x6c\x01\x6d\x01\x6e\x01\x6f\x00\xe6\x00\xe7\x00\xa6\x01\
\x70\x01\x71\x01\x72\x01\x73\x01\x74\x00\xd8\x00\xe1\x01\x75\x00\
\xdb\x00\xdc\x00\xdd\x00\xe0\x00\xd9\x00\xdf\x01\x76\x01\x77\x01\
\x78\x00\x9b\x01\x79\x01\x7a\x01\x7b\x01\x7c\x01\x7d\x01\x7e\x01\
\x7f\x01\x80\x01\x81\x01\x82\x01\x83\x01\x84\x01\x85\x01\x86\x01\
\x87\x01\x88\x01\x89\x01\x8a\x01\x8b\x01\x8c\x01\x8d\x01\x8e\x01\
\x8f\x01\x90\x01\x91\x01\x92\x01\x93\x01\x94\x01\x95\x01\x96\x01\
\x97\x01\x98\x01\x99\x01\x9a\x01\x9b\x01\x9c\x01\x9d\x01\x9e\x01\
\x9f\x01\xa0\x01\xa1\x01\xa2\x01\xa3\x01\xa4\x01\xa5\x01\xa6\x01\
\xa7\x01\xa8\x01\xa9\x01\xaa\x01\xab\x01\xac\x01\xad\x01\xae\x01\
\xaf\x01\xb0\x01\xb1\x01\xb2\x01\xb3\x01\xb4\x01\xb5\x01\xb6\x01\
\xb7\x01\xb8\x01\xb9\x01\xba\x01\xbb\x01\xbc\x01\xbd\x01\xbe\x01\
\xbf\x01\xc0\x01\xc1\x01\xc2\x01\xc3\x01\xc4\x01\xc5\x01\xc6\x01\
\xc7\x01\xc8\x01\xc9\x01\xca\x01\xcb\x01\xcc\x01\xcd\x01\xce\x01\
\xcf\x01\xd0\x01\xd1\x01\xd2\x01\xd3\x01\xd4\x01\xd5\x01\xd6\x01\
\xd7\x01\xd8\x01\xd9\x01\xda\x01\xdb\x01\xdc\x01\xdd\x01\xde\x01\
\xdf\x01\xe0\x01\xe1\x01\xe2\x01\xe3\x00\xb2\x00\xb3\x00\xb6\x00\
\xb7\x00\xc4\x00\xb4\x00\xb5\x00\xc5\x00\x82\x00\xc2\x00\x87\x00\
\xab\x00\xc6\x00\xbe\x00\xbf\x01\xe4\x00\xbc\x01\xe5\x01\xe6\x01\
\xe7\x01\xe8\x01\xe9\x01\xea\x01\xeb\x01\xec\x01\xed\x01\xee\x01\
\xef\x01\xf0\x01\xf1\x01\xf2\x01\xf3\x01\xf4\x01\xf5\x01\xf6\x01\
\xf7\x01\xf8\x01\xf9\x01\xfa\x00\x8c\x00\x9f\x01\xfb\x00\x98\x00\
\xa8\x00\x9a\x00\x99\x00\xef\x01\xfc\x01\xfd\x00\xa5\x00\x92\x00\
\x9c\x00\xa7\x00\x8f\x00\x94\x00\x95\x00\xb9\x01\xfe\x01\xff\x02\
\x00\x02\x01\x00\xc0\x00\xc1\x02\x02\x02\x03\x02\x04\x02\x05\x02\
\x06\x02\x07\x02\x08\x02\x09\x02\x0a\x02\x0b\x02\x0c\x02\x0d\x02\
\x0e\x02\x0f\x02\x10\x02\x11\x02\x12\x02\x13\x02\x14\x02\x15\x02\
\x16\x02\x17\x02\x18\x02\x19\x02\x1a\x02\x1b\x02\x1c\x02\x1d\x02\
\x1e\x02\x1f\x02\x20\x02\x21\x02\x22\x02\x23\x02\x24\x02\x25\x02\
\x26\x02\x27\x02\x28\x02\x29\x02\x2a\x02\x2b\x02\x2c\x02\x2d\x02\
\x2e\x02\x2f\x02\x30\x02\x31\x02\x32\x02\x33\x02\x34\x02\x35\x02\
\x36\x02\x37\x02\x38\x02\x39\x02\x3a\x02\x3b\x02\x3c\x02\x3d\x02\
\x3e\x02\x3f\x02\x40\x02\x41\x02\x42\x02\x43\x02\x44\x02\x45\x02\
\x46\x02\x47\x02\x48\x02\x49\x02\x4a\x02\x4b\x02\x4c\x02\x4d\x02\
\x4e\x02\x4f\x02\x50\x02\x51\x02\x52\x02\x53\x02\x54\x02\x55\x02\
\x56\x02\x57\x02\x58\x02\x59\x02\x5a\x02\x5b\x02\x5c\x02\x5d\x02\
\x5e\x02\x5f\x02\x60\x02\x61\x02\x62\x02\x63\x02\x64\x02\x65\x02\
\x66\x02\x67\x02\x68\x02\x69\x02\x6a\x02\x6b\x02\x6c\x02\x6d\x02\
\x6e\x02\x6f\x02\x70\x02\x71\x02\x72\x02\x73\x02\x74\x02\x75\x02\
\x76\x02\x77\x02\x78\x02\x79\x02\x7a\x02\x7b\x02\x7c\x02\x7d\x02\
\x7e\x02\x7f\x02\x80\x02\x81\x02\x82\x02\x83\x02\x84\x02\x85\x02\
\x86\x02\x87\x02\x88\x02\x89\x02\x8a\x02\x8b\x02\x8c\x02\x8d\x02\
\x8e\x02\x8f\x02\x90\x02\x91\x02\x92\x02\x93\x02\x94\x02\x95\x02\
\x96\x02\x97\x02\x98\x02\x99\x02\x9a\x02\x9b\x02\x9c\x02\x9d\x02\
\x9e\x02\x9f\x02\xa0\x02\xa1\x02\xa2\x02\xa3\x02\xa4\x02\xa5\x02\
\xa6\x02\xa7\x02\xa8\x02\xa9\x02\xaa\x02\xab\x02\xac\x02\xad\x02\
\xae\x02\xaf\x02\xb0\x02\xb1\x02\xb2\x02\xb3\x02\xb4\x02\xb5\x02\
\xb6\x02\xb7\x02\xb8\x02\xb9\x02\xba\x02\xbb\x02\xbc\x02\xbd\x02\
\xbe\x02\xbf\x02\xc0\x02\xc1\x02\xc2\x02\xc3\x02\xc4\x02\xc5\x02\
\xc6\x02\xc7\x02\xc8\x02\xc9\x02\xca\x02\xcb\x02\xcc\x02\xcd\x02\
\xce\x02\xcf\x02\xd0\x02\xd1\x02\xd2\x02\xd3\x02\xd4\x02\xd5\x02\
\xd6\x02\xd7\x02\xd8\x02\xd9\x02\xda\x02\xdb\x02\xdc\x02\xdd\x02\
\x43\x52\x07\x75\x6e\x69\x30\x30\x41\x30\x07\x75\x6e\x69\x30\x30\
\x41\x44\x07\x41\x6d\x61\x63\x72\x6f\x6e\x07\x61\x6d\x61\x63\x72\
\x6f\x6e\x06\x41\x62\x72\x65\x76\x65\x06\x61\x62\x72\x65\x76\x65\
\x07\x41\x6f\x67\x6f\x6e\x65\x6b\x07\x61\x6f\x67\x6f\x6e\x65\x6b\
\x0b\x43\x63\x69\x72\x63\x75\x6d\x66\x6c\x65\x78\x0b\x63\x63\x69\
\x72\x63\x75\x6d\x66\x6c\x65\x78\x0a\x43\x64\x6f\x74\x61\x63\x63\
\x65\x6e\x74\x0a\x63\x64\x6f\x74\x61\x63\x63\x65\x6e\x74\x06\x44\
\x63\x61\x72\x6f\x6e\x06\x64\x63\x61\x72\x6f\x6e\x06\x44\x63\x72\
\x6f\x61\x74\x07\x45\x6d\x61\x63\x72\x6f\x6e\x07\x65\x6d\x61\x63\
\x72\x6f\x6e\x06\x45\x62\x72\x65\x76\x65\x06\x65\x62\x72\x65\x76\
\x65\x0a\x45\x64\x6f\x74\x61\x63\x63\x65\x6e\x74\x0a\x65\x64\x6f\
\x74\x61\x63\x63\x65\x6e\x74\x07\x45\x6f\x67\x6f\x6e\x65\x6b\x07\
\x65\x6f\x67\x6f\x6e\x65\x6b\x06\x45\x63\x61\x72\x6f\x6e\x06\x65\
\x63\x61\x72\x6f\x6e\x0b\x47\x63\x69\x72\x63\x75\x6d\x66\x6c\x65\
\x78\x0b\x67\x63\x69\x72\x63\x75\x6d\x66\x6c\x65\x78\x0a\x47\x64\
\x6f\x74\x61\x63\x63\x65\x6e\x74\x0a\x67\x64\x6f\x74\x61\x63\x63\
\x65\x6e\x74\x0c\x47\x63\x6f\x6d\x6d\x61\x61\x63\x63\x65\x6e\x74\
\x0c\x67\x63\x6f\x6d\x6d\x61\x61\x63\x63\x65\x6e\x74\x0b\x48\x63\
\x69\x72\x63\x75\x6d\x66\x6c\x65\x78\x0b\x68\x63\x69\x72\x63\x75\
\x6d\x66\x6c\x65\x78\x04\x48\x62\x61\x72\x04\x68\x62\x61\x72\x06\
\x49\x74\x69\x6c\x64\x65\x06\x69\x74\x69\x6c\x64\x65\x07\x49\x6d\
\x61\x63\x72\x6f\x6e\x07\x69\x6d\x61\x63\x72\x6f\x6e\x06\x49\x62\
\x72\x65\x76\x65\x06\x69\x62\x72\x65\x76\x65\x07\x49\x6f\x67\x6f\
\x6e\x65\x6b\x07\x69\x6f\x67\x6f\x6e\x65\x6b\x02\x49\x4a\x02\x69\
\x6a\x0b\x4a\x63\x69\x72\x63\x75\x6d\x66\x6c\x65\x78\x0b\x6a\x63\
\x69\x72\x63\x75\x6d\x66\x6c\x65\x78\x0c\x4b\x63\x6f\x6d\x6d\x61\
\x61\x63\x63\x65\x6e\x74\x0c\x6b\x63\x6f\x6d\x6d\x61\x61\x63\x63\
\x65\x6e\x74\x0c\x6b\x67\x72\x65\x65\x6e\x6c\x61\x6e\x64\x69\x63\
\x06\x4c\x61\x63\x75\x74\x65\x06\x6c\x61\x63\x75\x74\x65\x0c\x4c\
\x63\x6f\x6d\x6d\x61\x61\x63\x63\x65\x6e\x74\x0c\x6c\x63\x6f\x6d\
\x6d\x61\x61\x63\x63\x65\x6e\x74\x06\x4c\x63\x61\x72\x6f\x6e\x06\
\x6c\x63\x61\x72\x6f\x6e\x04\x4c\x64\x6f\x74\x04\x6c\x64\x6f\x74\
\x06\x4e\x61\x63\x75\x74\x65\x06\x6e\x61\x63\x75\x74\x65\x0c\x4e\
\x63\x6f\x6d\x6d\x61\x61\x63\x63\x65\x6e\x74\x0c\x6e\x63\x6f\x6d\
\x6d\x61\x61\x63\x63\x65\x6e\x74\x06\x4e\x63\x61\x72\x6f\x6e\x06\
\x6e\x63\x61\x72\x6f\x6e\x0b\x6e\x61\x70\x6f\x73\x74\x72\x6f\x70\
\x68\x65\x03\x45\x6e\x67\x03\x65\x6e\x67\x07\x4f\x6d\x61\x63\x72\
\x6f\x6e\x07\x6f\x6d\x61\x63\x72\x6f\x6e\x06\x4f\x62\x72\x65\x76\
\x65\x06\x6f\x62\x72\x65\x76\x65\x0d\x4f\x68\x75\x6e\x67\x61\x72\
\x75\x6d\x6c\x61\x75\x74\x0d\x6f\x68\x75\x6e\x67\x61\x72\x75\x6d\
\x6c\x61\x75\x74\x06\x52\x61\x63\x75\x74\x65\x06\x72\x61\x63\x75\
\x74\x65\x0c\x52\x63\x6f\x6d\x6d\x61\x61\x63\x63\x65\x6e\x74\x0c\
\x72\x63\x6f\x6d\x6d\x61\x61\x63\x63\x65\x6e\x74\x06\x52\x63\x61\
\x72\x6f\x6e\x06\x72\x63\x61\x72\x6f\x6e\x06\x53\x61\x63\x75\x74\
\x65\x06\x73\x61\x63\x75\x74\x65\x0b\x53\x63\x69\x72\x63\x75\x6d\
\x66\x6c\x65\x78\x0b\x73\x63\x69\x72\x63\x75\x6d\x66\x6c\x65\x78\
\x07\x75\x6e\x69\x30\x31\x36\x32\x07\x75\x6e\x69\x30\x31\x36\x33\
\x06\x54\x63\x61\x72\x6f\x6e\x06\x74\x63\x61\x72\x6f\x6e\x04\x54\
\x62\x61\x72\x04\x74\x62\x61\x72\x06\x55\x74\x69\x6c\x64\x65\x06\
\x75\x74\x69\x6c\x64\x65\x07\x55\x6d\x61\x63\x72\x6f\x6e\x07\x75\
\x6d\x61\x63\x72\x6f\x6e\x06\x55\x62\x72\x65\x76\x65\x06\x75\x62\
\x72\x65\x76\x65\x05\x55\x72\x69\x6e\x67\x05\x75\x72\x69\x6e\x67\
\x0d\x55\x68\x75\x6e\x67\x61\x72\x75\x6d\x6c\x61\x75\x74\x0d\x75\
\x68\x75\x6e\x67\x61\x72\x75\x6d\x6c\x61\x75\x74\x07\x55\x6f\x67\
\x6f\x6e\x65\x6b\x07\x75\x6f\x67\x6f\x6e\x65\x6b\x0b\x57\x63\x69\
\x72\x63\x75\x6d\x66\x6c\x65\x78\x0b\x77\x63\x69\x72\x63\x75\x6d\
\x66\x6c\x65\x78\x0b\x59\x63\x69\x72\x63\x75\x6d\x66\x6c\x65\x78\
\x0b\x79\x63\x69\x72\x63\x75\x6d\x66\x6c\x65\x78\x06\x5a\x61\x63\
\x75\x74\x65\x06\x7a\x61\x63\x75\x74\x65\x0a\x5a\x64\x6f\x74\x61\
\x63\x63\x65\x6e\x74\x0a\x7a\x64\x6f\x74\x61\x63\x63\x65\x6e\x74\
\x0c\x53\x63\x6f\x6d\x6d\x61\x61\x63\x63\x65\x6e\x74\x0c\x73\x63\
\x6f\x6d\x6d\x61\x61\x63\x63\x65\x6e\x74\x07\x75\x6e\x69\x30\x32\
\x31\x41\x07\x75\x6e\x69\x30\x32\x31\x42\x08\x64\x6f\x74\x6c\x65\
\x73\x73\x6a\x07\x75\x6e\x69\x30\x32\x43\x39\x07\x75\x6e\x69\x30\
\x33\x39\x34\x07\x75\x6e\x69\x30\x33\x41\x39\x07\x75\x6e\x69\x30\
\x33\x42\x43\x07\x75\x6e\x69\x30\x34\x30\x30\x07\x75\x6e\x69\x30\
\x34\x30\x31\x07\x75\x6e\x69\x30\x34\x30\x32\x07\x75\x6e\x69\x30\
\x34\x30\x33\x07\x75\x6e\x69\x30\x34\x30\x34\x07\x75\x6e\x69\x30\
\x34\x30\x35\x07\x75\x6e\x69\x30\x34\x30\x36\x07\x75\x6e\x69\x30\
\x34\x30\x37\x07\x75\x6e\x69\x30\x34\x30\x38\x07\x75\x6e\x69\x30\
\x34\x30\x39\x07\x75\x6e\x69\x30\x34\x30\x41\x07\x75\x6e\x69\x30\
\x34\x30\x42\x07\x75\x6e\x69\x30\x34\x30\x43\x07\x75\x6e\x69\x30\
\x34\x30\x44\x07\x75\x6e\x69\x30\x34\x30\x45\x07\x75\x6e\x69\x30\
\x34\x30\x46\x07\x75\x6e\x69\x30\x34\x31\x30\x07\x75\x6e\x69\x30\
\x34\x31\x31\x07\x75\x6e\x69\x30\x34\x31\x32\x07\x75\x6e\x69\x30\
\x34\x31\x33\x07\x75\x6e\x69\x30\x34\x31\x34\x07\x75\x6e\x69\x30\
\x34\x31\x35\x07\x75\x6e\x69\x30\x34\x31\x36\x07\x75\x6e\x69\x30\
\x34\x31\x37\x07\x75\x6e\x69\x30\x34\x31\x38\x07\x75\x6e\x69\x30\
\x34\x31\x39\x07\x75\x6e\x69\x30\x34\x31\x41\x07\x75\x6e\x69\x30\
\x34\x31\x42\x07\x75\x6e\x69\x30\x34\x31\x43\x07\x75\x6e\x69\x30\
\x34\x31\x44\x07\x75\x6e\x69\x30\x34\x31\x45\x07\x75\x6e\x69\x30\
\x34\x31\x46\x07\x75\x6e\x69\x30\x34\x32\x30\x07\x75\x6e\x69\x30\
\x34\x32\x31\x07\x75\x6e\x69\x30\x34\x32\x32\x07\x75\x6e\x69\x30\
\x34\x32\x33\x07\x75\x6e\x69\x30\x34\x32\x34\x07\x75\x6e\x69\x30\
\x34\x32\x35\x07\x75\x6e\x69\x30\x34\x32\x36\x07\x75\x6e\x69\x30\
\x34\x32\x37\x07\x75\x6e\x69\x30\x34\x32\x38\x07\x75\x6e\x69\x30\
\x34\x32\x39\x07\x75\x6e\x69\x30\x34\x32\x41\x07\x75\x6e\x69\x30\
\x34\x32\x42\x07\x75\x6e\x69\x30\x34\x32\x43\x07\x75\x6e\x69\x30\
\x34\x32\x44\x07\x75\x6e\x69\x30\x34\x32\x45\x07\x75\x6e\x69\x30\
\x34\x32\x46\x07\x75\x6e\x69\x30\x34\x33\x30\x07\x75\x6e\x69\x30\
\x34\x33\x31\x07\x75\x6e\x69\x30\x34\x33\x32\x07\x75\x6e\x69\x30\
\x34\x33\x33\x07\x75\x6e\x69\x30\x34\x33\x34\x07\x75\x6e\x69\x30\
\x34\x33\x35\x07\x75\x6e\x69\x30\x34\x33\x36\x07\x75\x6e\x69\x30\
\x34\x33\x37\x07\x75\x6e\x69\x30\x34\x33\x38\x07\x75\x6e\x69\x30\
\x34\x33\x39\x07\x75\x6e\x69\x30\x34\x33\x41\x07\x75\x6e\x69\x30\
\x34\x33\x42\x07\x75\x6e\x69\x30\x34\x33\x43\x07\x75\x6e\x69\x30\
\x34\x33\x44\x07\x75\x6e\x69\x30\x34\x33\x45\x07\x75\x6e\x69\x30\
\x34\x33\x46\x07\x75\x6e\x69\x30\x34\x34\x30\x07\x75\x6e\x69\x30\
\x34\x34\x31\x07\x75\x6e\x69\x30\x34\x34\x32\x07\x75\x6e\x69\x30\
\x34\x34\x33\x07\x75\x6e\x69\x30\x34\x34\x34\x07\x75\x6e\x69\x30\
\x34\x34\x35\x07\x75\x6e\x69\x30\x34\x34\x36\x07\x75\x6e\x69\x30\
\x34\x34\x37\x07\x75\x6e\x69\x30\x34\x34\x38\x07\x75\x6e\x69\x30\
\x34\x34\x39\x07\x75\x6e\x69\x30\x34\x34\x41\x07\x75\x6e\x69\x30\
\x34\x34\x42\x07\x75\x6e\x69\x30\x34\x34\x43\x07\x75\x6e\x69\x30\
\x34\x34\x44\x07\x75\x6e\x69\x30\x34\x34\x45\x07\x75\x6e\x69\x30\
\x34\x34\x46\x07\x75\x6e\x69\x30\x34\x35\x30\x07\x75\x6e\x69\x30\
\x34\x35\x31\x07\x75\x6e\x69\x30\x34\x35\x32\x07\x75\x6e\x69\x30\
\x34\x35\x33\x07\x75\x6e\x69\x30\x34\x35\x34\x07\x75\x6e\x69\x30\
\x34\x35\x35\x07\x75\x6e\x69\x30\x34\x35\x36\x07\x75\x6e\x69\x30\
\x34\x35\x37\x07\x75\x6e\x69\x30\x34\x35\x38\x07\x75\x6e\x69\x30\
\x34\x35\x39\x07\x75\x6e\x69\x30\x34\x35\x41\x07\x75\x6e\x69\x30\
\x34\x35\x42\x07\x75\x6e\x69\x30\x34\x35\x43\x07\x75\x6e\x69\x30\
\x34\x35\x44\x07\x75\x6e\x69\x30\x34\x35\x45\x07\x75\x6e\x69\x30\
\x34\x35\x46\x07\x75\x6e\x69\x30\x34\x39\x30\x07\x75\x6e\x69\x30\
\x34\x39\x31\x06\x57\x67\x72\x61\x76\x65\x06\x77\x67\x72\x61\x76\
\x65\x06\x57\x61\x63\x75\x74\x65\x06\x77\x61\x63\x75\x74\x65\x09\
\x57\x64\x69\x65\x72\x65\x73\x69\x73\x09\x77\x64\x69\x65\x72\x65\
\x73\x69\x73\x06\x59\x67\x72\x61\x76\x65\x06\x79\x67\x72\x61\x76\
\x65\x07\x75\x6e\x69\x32\x30\x31\x30\x0b\x69\x6e\x74\x65\x72\x72\
\x6f\x62\x61\x6e\x67\x0d\x7a\x65\x72\x6f\x2e\x73\x75\x70\x65\x72\
\x69\x6f\x72\x0d\x66\x6f\x75\x72\x2e\x73\x75\x70\x65\x72\x69\x6f\
\x72\x0d\x66\x69\x76\x65\x2e\x73\x75\x70\x65\x72\x69\x6f\x72\x0c\
\x73\x69\x78\x2e\x73\x75\x70\x65\x72\x69\x6f\x72\x0e\x73\x65\x76\
\x65\x6e\x2e\x73\x75\x70\x65\x72\x69\x6f\x72\x0e\x65\x69\x67\x68\
\x74\x2e\x73\x75\x70\x65\x72\x69\x6f\x72\x0d\x6e\x69\x6e\x65\x2e\
\x73\x75\x70\x65\x72\x69\x6f\x72\x0d\x7a\x65\x72\x6f\x2e\x69\x6e\
\x66\x65\x72\x69\x6f\x72\x0c\x6f\x6e\x65\x2e\x69\x6e\x66\x65\x72\
\x69\x6f\x72\x0c\x74\x77\x6f\x2e\x69\x6e\x66\x65\x72\x69\x6f\x72\
\x0e\x74\x68\x72\x65\x65\x2e\x69\x6e\x66\x65\x72\x69\x6f\x72\x0d\
\x66\x6f\x75\x72\x2e\x69\x6e\x66\x65\x72\x69\x6f\x72\x0d\x66\x69\
\x76\x65\x2e\x69\x6e\x66\x65\x72\x69\x6f\x72\x0c\x73\x69\x78\x2e\
\x69\x6e\x66\x65\x72\x69\x6f\x72\x0e\x73\x65\x76\x65\x6e\x2e\x69\
\x6e\x66\x65\x72\x69\x6f\x72\x0e\x65\x69\x67\x68\x74\x2e\x69\x6e\
\x66\x65\x72\x69\x6f\x72\x0d\x6e\x69\x6e\x65\x2e\x69\x6e\x66\x65\
\x72\x69\x6f\x72\x04\x45\x75\x72\x6f\x09\x61\x66\x69\x69\x36\x31\
\x32\x34\x38\x09\x61\x66\x69\x69\x36\x31\x32\x38\x39\x07\x75\x6e\
\x69\x32\x31\x31\x36\x09\x70\x75\x62\x6c\x69\x73\x68\x65\x64\x09\
\x65\x73\x74\x69\x6d\x61\x74\x65\x64\x07\x75\x6e\x69\x32\x32\x31\
\x35\x07\x75\x6e\x69\x32\x32\x31\x39\x03\x66\x5f\x69\x03\x66\x5f\
\x6c\x07\x75\x6e\x69\x46\x38\x46\x46\x03\x66\x5f\x66\x05\x66\x5f\
\x66\x5f\x69\x05\x66\x5f\x66\x5f\x6c\x09\x67\x72\x61\x76\x65\x2e\
\x63\x61\x70\x09\x61\x63\x75\x74\x65\x2e\x63\x61\x70\x0e\x63\x69\
\x72\x63\x75\x6d\x66\x6c\x65\x78\x2e\x63\x61\x70\x09\x63\x61\x72\
\x6f\x6e\x2e\x63\x61\x70\x09\x63\x61\x72\x6f\x6e\x2e\x61\x6c\x74\
\x09\x74\x69\x6c\x64\x65\x2e\x63\x61\x70\x0c\x64\x69\x65\x72\x65\
\x73\x69\x73\x2e\x63\x61\x70\x0a\x6d\x61\x63\x72\x6f\x6e\x2e\x63\
\x61\x70\x09\x62\x72\x65\x76\x65\x2e\x63\x61\x70\x08\x72\x69\x6e\
\x67\x2e\x63\x61\x70\x10\x68\x75\x6e\x67\x61\x72\x75\x6d\x6c\x61\
\x75\x74\x2e\x63\x61\x70\x0d\x64\x6f\x74\x61\x63\x63\x65\x6e\x74\
\x2e\x63\x61\x70\x0b\x63\x6f\x6d\x6d\x61\x61\x63\x63\x65\x6e\x74\
\x0f\x63\x6f\x6d\x6d\x61\x61\x63\x63\x65\x6e\x74\x2e\x61\x6c\x74\
\x10\x7a\x65\x72\x6f\x2e\x64\x65\x6e\x6f\x6d\x69\x6e\x61\x74\x6f\
\x72\x0f\x6f\x6e\x65\x2e\x64\x65\x6e\x6f\x6d\x69\x6e\x61\x74\x6f\
\x72\x0f\x74\x77\x6f\x2e\x64\x65\x6e\x6f\x6d\x69\x6e\x61\x74\x6f\
\x72\x11\x74\x68\x72\x65\x65\x2e\x64\x65\x6e\x6f\x6d\x69\x6e\x61\
\x74\x6f\x72\x10\x66\x6f\x75\x72\x2e\x64\x65\x6e\x6f\x6d\x69\x6e\
\x61\x74\x6f\x72\x10\x66\x69\x76\x65\x2e\x64\x65\x6e\x6f\x6d\x69\
\x6e\x61\x74\x6f\x72\x0f\x73\x69\x78\x2e\x64\x65\x6e\x6f\x6d\x69\
\x6e\x61\x74\x6f\x72\x11\x73\x65\x76\x65\x6e\x2e\x64\x65\x6e\x6f\
\x6d\x69\x6e\x61\x74\x6f\x72\x11\x65\x69\x67\x68\x74\x2e\x64\x65\
\x6e\x6f\x6d\x69\x6e\x61\x74\x6f\x72\x10\x6e\x69\x6e\x65\x2e\x64\
\x65\x6e\x6f\x6d\x69\x6e\x61\x74\x6f\x72\x0e\x7a\x65\x72\x6f\x2e\
\x6e\x75\x6d\x65\x72\x61\x74\x6f\x72\x0d\x6f\x6e\x65\x2e\x6e\x75\
\x6d\x65\x72\x61\x74\x6f\x72\x0d\x74\x77\x6f\x2e\x6e\x75\x6d\x65\
\x72\x61\x74\x6f\x72\x0f\x74\x68\x72\x65\x65\x2e\x6e\x75\x6d\x65\
\x72\x61\x74\x6f\x72\x0e\x66\x6f\x75\x72\x2e\x6e\x75\x6d\x65\x72\
\x61\x74\x6f\x72\x0e\x66\x69\x76\x65\x2e\x6e\x75\x6d\x65\x72\x61\
\x74\x6f\x72\x0d\x73\x69\x78\x2e\x6e\x75\x6d\x65\x72\x61\x74\x6f\
\x72\x0f\x73\x65\x76\x65\x6e\x2e\x6e\x75\x6d\x65\x72\x61\x74\x6f\
\x72\x0f\x65\x69\x67\x68\x74\x2e\x6e\x75\x6d\x65\x72\x61\x74\x6f\
\x72\x0e\x6e\x69\x6e\x65\x2e\x6e\x75\x6d\x65\x72\x61\x74\x6f\x72\
\x08\x63\x79\x72\x62\x72\x65\x76\x65\x0c\x63\x79\x72\x62\x72\x65\
\x76\x65\x2e\x63\x61\x70\x09\x65\x78\x63\x6c\x61\x6d\x2e\x73\x63\
\x09\x64\x6f\x6c\x6c\x61\x72\x2e\x73\x63\x0a\x70\x65\x72\x63\x65\
\x6e\x74\x2e\x73\x63\x0c\x61\x6d\x70\x65\x72\x73\x61\x6e\x64\x2e\
\x73\x63\x0c\x70\x61\x72\x65\x6e\x6c\x65\x66\x74\x2e\x73\x63\x0d\
\x70\x61\x72\x65\x6e\x72\x69\x67\x68\x74\x2e\x73\x63\x0e\x62\x72\
\x61\x63\x6b\x65\x74\x6c\x65\x66\x74\x2e\x73\x63\x0c\x62\x61\x63\
\x6b\x73\x6c\x61\x73\x68\x2e\x73\x63\x0f\x62\x72\x61\x63\x6b\x65\
\x74\x72\x69\x67\x68\x74\x2e\x73\x63\x0c\x62\x72\x61\x63\x65\x6c\
\x65\x66\x74\x2e\x73\x63\x08\x73\x6c\x61\x73\x68\x2e\x73\x63\x0d\
\x62\x72\x61\x63\x65\x72\x69\x67\x68\x74\x2e\x73\x63\x07\x7a\x65\
\x72\x6f\x2e\x73\x63\x06\x6f\x6e\x65\x2e\x73\x63\x06\x74\x77\x6f\
\x2e\x73\x63\x08\x74\x68\x72\x65\x65\x2e\x73\x63\x07\x66\x6f\x75\
\x72\x2e\x73\x63\x07\x66\x69\x76\x65\x2e\x73\x63\x06\x73\x69\x78\
\x2e\x73\x63\x08\x73\x65\x76\x65\x6e\x2e\x73\x63\x08\x65\x69\x67\
\x68\x74\x2e\x73\x63\x07\x6e\x69\x6e\x65\x2e\x73\x63\x0b\x71\x75\
\x65\x73\x74\x69\x6f\x6e\x2e\x73\x63\x04\x61\x2e\x73\x63\x04\x62\
\x2e\x73\x63\x04\x63\x2e\x73\x63\x04\x64\x2e\x73\x63\x04\x65\x2e\
\x73\x63\x04\x66\x2e\x73\x63\x04\x67\x2e\x73\x63\x04\x68\x2e\x73\
\x63\x04\x69\x2e\x73\x63\x04\x6a\x2e\x73\x63\x04\x6b\x2e\x73\x63\
\x04\x6c\x2e\x73\x63\x04\x6d\x2e\x73\x63\x04\x6e\x2e\x73\x63\x04\
\x6f\x2e\x73\x63\x04\x70\x2e\x73\x63\x04\x71\x2e\x73\x63\x04\x72\
\x2e\x73\x63\x04\x73\x2e\x73\x63\x04\x74\x2e\x73\x63\x04\x75\x2e\
\x73\x63\x04\x76\x2e\x73\x63\x04\x77\x2e\x73\x63\x04\x78\x2e\x73\
\x63\x04\x79\x2e\x73\x63\x04\x7a\x2e\x73\x63\x09\x61\x67\x72\x61\
\x76\x65\x2e\x73\x63\x09\x61\x61\x63\x75\x74\x65\x2e\x73\x63\x0e\
\x61\x63\x69\x72\x63\x75\x6d\x66\x6c\x65\x78\x2e\x73\x63\x09\x61\
\x74\x69\x6c\x64\x65\x2e\x73\x63\x0c\x61\x64\x69\x65\x72\x65\x73\
\x69\x73\x2e\x73\x63\x0a\x61\x6d\x61\x63\x72\x6f\x6e\x2e\x73\x63\
\x09\x61\x62\x72\x65\x76\x65\x2e\x73\x63\x08\x61\x72\x69\x6e\x67\
\x2e\x73\x63\x0a\x61\x6f\x67\x6f\x6e\x65\x6b\x2e\x73\x63\x05\x61\
\x65\x2e\x73\x63\x09\x63\x61\x63\x75\x74\x65\x2e\x73\x63\x0e\x63\
\x63\x69\x72\x63\x75\x6d\x66\x6c\x65\x78\x2e\x73\x63\x09\x63\x63\
\x61\x72\x6f\x6e\x2e\x73\x63\x0d\x63\x64\x6f\x74\x61\x63\x63\x65\
\x6e\x74\x2e\x73\x63\x0b\x63\x63\x65\x64\x69\x6c\x6c\x61\x2e\x73\
\x63\x09\x64\x63\x61\x72\x6f\x6e\x2e\x73\x63\x09\x64\x63\x72\x6f\
\x61\x74\x2e\x73\x63\x06\x65\x74\x68\x2e\x73\x63\x09\x65\x67\x72\
\x61\x76\x65\x2e\x73\x63\x09\x65\x61\x63\x75\x74\x65\x2e\x73\x63\
\x0e\x65\x63\x69\x72\x63\x75\x6d\x66\x6c\x65\x78\x2e\x73\x63\x09\
\x65\x63\x61\x72\x6f\x6e\x2e\x73\x63\x0c\x65\x64\x69\x65\x72\x65\
\x73\x69\x73\x2e\x73\x63\x0a\x65\x6d\x61\x63\x72\x6f\x6e\x2e\x73\
\x63\x09\x65\x62\x72\x65\x76\x65\x2e\x73\x63\x0d\x65\x64\x6f\x74\
\x61\x63\x63\x65\x6e\x74\x2e\x73\x63\x0a\x65\x6f\x67\x6f\x6e\x65\
\x6b\x2e\x73\x63\x0e\x67\x63\x69\x72\x63\x75\x6d\x66\x6c\x65\x78\
\x2e\x73\x63\x09\x67\x62\x72\x65\x76\x65\x2e\x73\x63\x0d\x67\x64\
\x6f\x74\x61\x63\x63\x65\x6e\x74\x2e\x73\x63\x0f\x67\x63\x6f\x6d\
\x6d\x61\x61\x63\x63\x65\x6e\x74\x2e\x73\x63\x0f\x6b\x67\x72\x65\
\x65\x6e\x6c\x61\x6e\x64\x69\x63\x2e\x73\x63\x0e\x68\x63\x69\x72\
\x63\x75\x6d\x66\x6c\x65\x78\x2e\x73\x63\x07\x68\x62\x61\x72\x2e\
\x73\x63\x09\x69\x67\x72\x61\x76\x65\x2e\x73\x63\x09\x69\x61\x63\
\x75\x74\x65\x2e\x73\x63\x09\x69\x62\x72\x65\x76\x65\x2e\x73\x63\
\x0e\x69\x63\x69\x72\x63\x75\x6d\x66\x6c\x65\x78\x2e\x73\x63\x09\
\x69\x74\x69\x6c\x64\x65\x2e\x73\x63\x0c\x69\x64\x69\x65\x72\x65\
\x73\x69\x73\x2e\x73\x63\x0a\x69\x6d\x61\x63\x72\x6f\x6e\x2e\x73\
\x63\x0d\x69\x64\x6f\x74\x61\x63\x63\x65\x6e\x74\x2e\x73\x63\x0a\
\x69\x6f\x67\x6f\x6e\x65\x6b\x2e\x73\x63\x0e\x6a\x63\x69\x72\x63\
\x75\x6d\x66\x6c\x65\x78\x2e\x73\x63\x0f\x6b\x63\x6f\x6d\x6d\x61\
\x61\x63\x63\x65\x6e\x74\x2e\x73\x63\x09\x6c\x61\x63\x75\x74\x65\
\x2e\x73\x63\x09\x6c\x63\x61\x72\x6f\x6e\x2e\x73\x63\x0f\x6c\x63\
\x6f\x6d\x6d\x61\x61\x63\x63\x65\x6e\x74\x2e\x73\x63\x09\x6c\x73\
\x6c\x61\x73\x68\x2e\x73\x63\x07\x6c\x64\x6f\x74\x2e\x73\x63\x09\
\x6e\x61\x63\x75\x74\x65\x2e\x73\x63\x09\x6e\x63\x61\x72\x6f\x6e\
\x2e\x73\x63\x09\x6e\x74\x69\x6c\x64\x65\x2e\x73\x63\x0f\x6e\x63\
\x6f\x6d\x6d\x61\x61\x63\x63\x65\x6e\x74\x2e\x73\x63\x09\x6f\x67\
\x72\x61\x76\x65\x2e\x73\x63\x09\x6f\x61\x63\x75\x74\x65\x2e\x73\
\x63\x0e\x6f\x63\x69\x72\x63\x75\x6d\x66\x6c\x65\x78\x2e\x73\x63\
\x09\x6f\x74\x69\x6c\x64\x65\x2e\x73\x63\x0c\x6f\x64\x69\x65\x72\
\x65\x73\x69\x73\x2e\x73\x63\x0a\x6f\x6d\x61\x63\x72\x6f\x6e\x2e\
\x73\x63\x09\x6f\x62\x72\x65\x76\x65\x2e\x73\x63\x10\x6f\x68\x75\
\x6e\x67\x61\x72\x75\x6d\x6c\x61\x75\x74\x2e\x73\x63\x09\x6f\x73\
\x6c\x61\x73\x68\x2e\x73\x63\x05\x6f\x65\x2e\x73\x63\x09\x72\x61\
\x63\x75\x74\x65\x2e\x73\x63\x09\x72\x63\x61\x72\x6f\x6e\x2e\x73\
\x63\x0f\x72\x63\x6f\x6d\x6d\x61\x61\x63\x63\x65\x6e\x74\x2e\x73\
\x63\x09\x73\x61\x63\x75\x74\x65\x2e\x73\x63\x0e\x73\x63\x69\x72\
\x63\x75\x6d\x66\x6c\x65\x78\x2e\x73\x63\x09\x73\x63\x61\x72\x6f\
\x6e\x2e\x73\x63\x0b\x73\x63\x65\x64\x69\x6c\x6c\x61\x2e\x73\x63\
\x0f\x73\x63\x6f\x6d\x6d\x61\x61\x63\x63\x65\x6e\x74\x2e\x73\x63\
\x09\x74\x63\x61\x72\x6f\x6e\x2e\x73\x63\x0f\x74\x63\x6f\x6d\x6d\
\x61\x61\x63\x63\x65\x6e\x74\x2e\x73\x63\x07\x74\x62\x61\x72\x2e\
\x73\x63\x08\x74\x68\x6f\x72\x6e\x2e\x73\x63\x09\x75\x67\x72\x61\
\x76\x65\x2e\x73\x63\x09\x75\x61\x63\x75\x74\x65\x2e\x73\x63\x0e\
\x75\x63\x69\x72\x63\x75\x6d\x66\x6c\x65\x78\x2e\x73\x63\x09\x75\
\x74\x69\x6c\x64\x65\x2e\x73\x63\x0c\x75\x64\x69\x65\x72\x65\x73\
\x69\x73\x2e\x73\x63\x0a\x75\x6d\x61\x63\x72\x6f\x6e\x2e\x73\x63\
\x09\x75\x62\x72\x65\x76\x65\x2e\x73\x63\x08\x75\x72\x69\x6e\x67\
\x2e\x73\x63\x10\x75\x68\x75\x6e\x67\x61\x72\x75\x6d\x6c\x61\x75\
\x74\x2e\x73\x63\x0a\x75\x6f\x67\x6f\x6e\x65\x6b\x2e\x73\x63\x09\
\x77\x61\x63\x75\x74\x65\x2e\x73\x63\x0e\x77\x63\x69\x72\x63\x75\
\x6d\x66\x6c\x65\x78\x2e\x73\x63\x0c\x77\x64\x69\x65\x72\x65\x73\
\x69\x73\x2e\x73\x63\x09\x77\x67\x72\x61\x76\x65\x2e\x73\x63\x09\
\x79\x61\x63\x75\x74\x65\x2e\x73\x63\x0e\x79\x63\x69\x72\x63\x75\
\x6d\x66\x6c\x65\x78\x2e\x73\x63\x0c\x79\x64\x69\x65\x72\x65\x73\
\x69\x73\x2e\x73\x63\x09\x79\x67\x72\x61\x76\x65\x2e\x73\x63\x09\
\x7a\x61\x63\x75\x74\x65\x2e\x73\x63\x09\x7a\x63\x61\x72\x6f\x6e\
\x2e\x73\x63\x0d\x7a\x64\x6f\x74\x61\x63\x63\x65\x6e\x74\x2e\x73\
\x63\x05\x69\x6a\x2e\x73\x63\x0d\x67\x65\x72\x6d\x61\x6e\x64\x62\
\x6c\x73\x2e\x73\x63\x06\x65\x6e\x67\x2e\x73\x63\x08\x67\x72\x61\
\x76\x65\x2e\x73\x63\x08\x61\x63\x75\x74\x65\x2e\x73\x63\x0d\x63\
\x69\x72\x63\x75\x6d\x66\x6c\x65\x78\x2e\x73\x63\x08\x63\x61\x72\
\x6f\x6e\x2e\x73\x63\x08\x74\x69\x6c\x64\x65\x2e\x73\x63\x0b\x64\
\x69\x65\x72\x65\x73\x69\x73\x2e\x73\x63\x09\x6d\x61\x63\x72\x6f\
\x6e\x2e\x73\x63\x08\x62\x72\x65\x76\x65\x2e\x73\x63\x07\x72\x69\
\x6e\x67\x2e\x73\x63\x0f\x68\x75\x6e\x67\x61\x72\x75\x6d\x6c\x61\
\x75\x74\x2e\x73\x63\x0c\x64\x6f\x74\x61\x63\x63\x65\x6e\x74\x2e\
\x73\x63\x0d\x65\x78\x63\x6c\x61\x6d\x64\x6f\x77\x6e\x2e\x73\x63\
\x0f\x71\x75\x65\x73\x74\x69\x6f\x6e\x64\x6f\x77\x6e\x2e\x73\x63\
\x07\x45\x75\x72\x6f\x2e\x73\x63\x07\x63\x65\x6e\x74\x2e\x73\x63\
\x0b\x73\x74\x65\x72\x6c\x69\x6e\x67\x2e\x73\x63\x09\x66\x6c\x6f\
\x72\x69\x6e\x2e\x73\x63\x06\x79\x65\x6e\x2e\x73\x63\x0e\x70\x65\
\x72\x74\x68\x6f\x75\x73\x61\x6e\x64\x2e\x73\x63\x09\x7a\x65\x72\
\x6f\x2e\x6f\x6e\x75\x6d\x08\x6f\x6e\x65\x2e\x6f\x6e\x75\x6d\x08\
\x74\x77\x6f\x2e\x6f\x6e\x75\x6d\x0a\x74\x68\x72\x65\x65\x2e\x6f\
\x6e\x75\x6d\x09\x66\x6f\x75\x72\x2e\x6f\x6e\x75\x6d\x09\x66\x69\
\x76\x65\x2e\x6f\x6e\x75\x6d\x08\x73\x69\x78\x2e\x6f\x6e\x75\x6d\
\x0a\x73\x65\x76\x65\x6e\x2e\x6f\x6e\x75\x6d\x0a\x65\x69\x67\x68\
\x74\x2e\x6f\x6e\x75\x6d\x09\x6e\x69\x6e\x65\x2e\x6f\x6e\x75\x6d\
\x0e\x6e\x61\x70\x6f\x73\x74\x72\x6f\x70\x68\x65\x2e\x73\x63\x0e\
\x6f\x72\x64\x66\x65\x6d\x69\x6e\x69\x6e\x65\x2e\x73\x63\x05\x66\
\x69\x2e\x73\x63\x05\x66\x6c\x2e\x73\x63\x00\x00\x00\x00\x01\xff\
\xff\x00\x02\x00\x01\x00\x00\x00\x0c\x00\x00\x00\x52\x00\x00\x00\
\x02\x00\x0b\x00\x01\x00\x08\x00\x01\x00\x09\x00\x09\x00\x02\x00\
\x0a\x00\x7e\x00\x01\x00\x7f\x00\x80\x00\x02\x00\x81\x01\x0b\x00\
\x01\x01\x0c\x01\x0c\x00\x02\x01\x0d\x01\xcb\x00\x01\x01\xcc\x01\
\xcc\x00\x02\x01\xcd\x01\xfb\x00\x01\x01\xfc\x02\x00\x00\x02\x02\
\x01\x02\xda\x00\x01\x00\x04\x00\x00\x00\x02\x00\x00\x00\x00\x00\
\x01\x00\x00\x00\x0a\x01\x06\x02\x00\x00\x02\x63\x79\x72\x6c\x00\
\x0e\x6c\x61\x74\x6e\x00\x30\x00\x04\x00\x00\x00\x00\xff\xff\x00\
\x0c\x00\x01\x00\x03\x00\x04\x00\x05\x00\x08\x00\x09\x00\x0a\x00\
\x0b\x00\x0c\x00\x0d\x00\x0f\x00\x10\x00\x22\x00\x05\x41\x46\x4b\
\x20\x00\x40\x4d\x4f\x4c\x20\x00\x5c\x4e\x4c\x44\x20\x00\x76\x52\
\x4f\x4d\x20\x00\x92\x54\x52\x4b\x20\x00\xb0\x00\x00\xff\xff\x00\
\x0c\x00\x00\x00\x02\x00\x03\x00\x04\x00\x06\x00\x08\x00\x0a\x00\
\x0b\x00\x0c\x00\x0e\x00\x0f\x00\x10\x00\x00\xff\xff\x00\x0b\x00\
\x02\x00\x03\x00\x04\x00\x05\x00\x08\x00\x0a\x00\x0b\x00\x0c\x00\
\x0e\x00\x0f\x00\x10\x00\x00\xff\xff\x00\x0a\x00\x03\x00\x04\x00\
\x06\x00\x08\x00\x09\x00\x0a\x00\x0b\x00\x0c\x00\x0f\x00\x10\x00\
\x00\xff\xff\x00\x0b\x00\x02\x00\x03\x00\x04\x00\x06\x00\x08\x00\
\x0a\x00\x0b\x00\x0c\x00\x0e\x00\x0f\x00\x10\x00\x00\xff\xff\x00\
\x0c\x00\x02\x00\x03\x00\x04\x00\x06\x00\x08\x00\x09\x00\x0a\x00\
\x0b\x00\x0c\x00\x0e\x00\x0f\x00\x10\x00\x00\xff\xff\x00\x0b\x00\
\x01\x00\x03\x00\x04\x00\x07\x00\x08\x00\x0a\x00\x0b\x00\x0c\x00\
\x0d\x00\x0f\x00\x10\x00\x11\x61\x61\x6c\x74\x00\x68\x63\x32\x73\
\x63\x00\x70\x63\x32\x73\x63\x00\x7a\x64\x6e\x6f\x6d\x00\x84\x66\
\x72\x61\x63\x00\x8a\x6c\x69\x67\x61\x00\x98\x6c\x69\x67\x61\x00\
\xa2\x6c\x69\x67\x61\x00\xaa\x6c\x6e\x75\x6d\x00\xb0\x6c\x6f\x63\
\x6c\x00\xb6\x6e\x75\x6d\x72\x00\xbc\x6f\x6e\x75\x6d\x00\xc2\x73\
\x69\x6e\x66\x00\xc8\x73\x6d\x63\x70\x00\xce\x73\x6d\x63\x70\x00\
\xdc\x73\x75\x62\x73\x00\xea\x73\x75\x70\x73\x00\xf0\x00\x00\x00\
\x02\x00\x00\x00\x01\x00\x00\x00\x03\x00\x06\x00\x0a\x00\x0c\x00\
\x00\x00\x03\x00\x06\x00\x0a\x00\x0b\x00\x00\x00\x01\x00\x19\x00\
\x00\x00\x05\x00\x0d\x00\x0e\x00\x0f\x00\x10\x00\x11\x00\x00\x00\
\x03\x00\x15\x00\x16\x00\x17\x00\x00\x00\x02\x00\x15\x00\x16\x00\
\x00\x00\x01\x00\x16\x00\x00\x00\x01\x00\x1a\x00\x00\x00\x01\x00\
\x02\x00\x00\x00\x01\x00\x18\x00\x00\x00\x01\x00\x09\x00\x00\x00\
\x01\x00\x1c\x00\x00\x00\x05\x00\x03\x00\x04\x00\x05\x00\x06\x00\
\x08\x00\x00\x00\x05\x00\x03\x00\x04\x00\x05\x00\x06\x00\x07\x00\
\x00\x00\x01\x00\x1b\x00\x00\x00\x03\x00\x12\x00\x13\x00\x14\x00\
\x20\x00\x42\x00\x4a\x00\x52\x00\x5a\x00\x62\x00\x6a\x00\x72\x00\
\x7a\x00\x82\x00\x8a\x00\x92\x00\x9a\x00\xa2\x00\xaa\x00\xb2\x00\
\xcc\x00\xd4\x00\xdc\x00\xe6\x00\xee\x00\xf6\x00\xfe\x01\x06\x01\
\x0e\x01\x16\x01\x1e\x01\x26\x01\x2e\x01\x36\x01\x3e\x01\x46\x01\
\x4e\x00\x01\x00\x00\x00\x01\x01\x14\x00\x03\x00\x00\x00\x01\x03\
\x9a\x00\x01\x00\x00\x00\x01\x05\x90\x00\x01\x00\x00\x00\x01\x05\
\x96\x00\x01\x00\x00\x00\x01\x07\x88\x00\x01\x00\x00\x00\x01\x07\
\xde\x00\x01\x00\x00\x00\x01\x07\xec\x00\x01\x00\x00\x00\x01\x07\
\xf4\x00\x01\x00\x00\x00\x01\x07\xf8\x00\x01\x00\x00\x00\x01\x08\
\x02\x00\x01\x00\x00\x00\x01\x08\x38\x00\x01\x00\x00\x00\x01\x0a\
\x2a\x00\x01\x00\x00\x00\x01\x0a\x2e\x00\x01\x00\x00\x00\x01\x0a\
\x38\x00\x06\x00\x00\x00\x0a\x0a\x46\x0a\x70\x0a\x9a\x0a\xc4\x0a\
\xee\x0b\x18\x0b\x42\x0b\x74\x0b\x9a\x0b\xc0\x00\x01\x00\x00\x00\
\x01\x0b\xce\x00\x01\x00\x00\x00\x01\x0b\xdc\x00\x06\x00\x00\x00\
\x02\x0b\xe4\x0c\x0a\x00\x01\x00\x00\x00\x01\x0c\x26\x00\x01\x00\
\x00\x00\x01\x0c\x88\x00\x01\x00\x00\x00\x01\x0c\xa4\x00\x04\x00\
\x00\x00\x01\x0c\xb6\x00\x04\x00\x00\x00\x01\x0c\xd0\x00\x04\x00\
\x00\x00\x01\x0c\xf2\x00\x01\x00\x00\x00\x01\x0d\x9c\x00\x01\x00\
\x00\x00\x01\x0d\xa4\x00\x01\x00\x00\x00\x01\x0d\xac\x00\x01\x00\
\x00\x00\x01\x0d\xb4\x00\x01\x00\x00\x00\x01\x0d\xbc\x00\x04\x00\
\x00\x00\x01\x0d\xc4\x00\x04\x00\x00\x00\x01\x0e\x14\x00\x01\x00\
\x00\x00\x01\x0e\x26\x00\x02\x01\x48\x00\xa1\x02\x25\x02\x26\x02\
\x27\x02\x28\x02\x29\x02\x2a\x02\x3b\x00\x6d\x00\x7d\x02\x2b\x02\
\x2c\x02\x2d\x02\x3d\x02\x3e\x02\x3f\x02\x40\x02\x41\x02\x42\x02\
\x43\x02\x45\x02\x46\x02\x47\x02\x48\x02\x49\x02\x4b\x02\x4c\x02\
\x4d\x02\x4e\x02\x4f\x02\x50\x02\x51\x02\x52\x02\x53\x02\x54\x02\
\x55\x02\x2e\x02\x30\x02\xc5\x02\xc8\x02\xc9\x02\xcb\x01\xee\x02\
\xc6\x02\xb8\x02\x56\x02\x57\x02\x58\x02\x59\x02\x5a\x02\x5d\x02\
\x5f\x02\x64\x02\x68\x02\x69\x02\x6a\x02\x6c\x02\x78\x02\x79\x02\
\x7b\x02\x7d\x02\x67\x02\x8a\x02\x8c\x02\x8d\x02\x8e\x02\x8f\x02\
\x90\x02\x94\x02\xa2\x02\xa3\x02\xa4\x02\xa6\x02\xb0\x02\xa1\x02\
\xb2\x02\x5b\x02\x5c\x02\x5e\x02\x60\x02\x61\x02\x63\x02\x62\x02\
\x65\x02\x66\x02\x6d\x02\x6e\x02\x6f\x02\x70\x02\x6b\x02\x71\x02\
\x72\x02\x73\x02\x74\x02\x76\x02\x77\x02\x7c\x02\x7e\x02\x7a\x02\
\x80\x02\x44\x02\xb7\x02\x81\x02\x82\x02\x75\x02\x83\x02\x85\x02\
\x84\x02\x87\x02\x86\x02\x88\x02\x8b\x02\x89\x02\xb9\x02\x91\x02\
\x92\x02\x93\x02\x95\x02\x96\x02\x98\x02\x97\x02\x99\x02\x9a\x01\
\x43\x02\x9b\x02\x9f\x02\x9e\x02\xa0\x02\xa5\x02\xa7\x02\xa8\x02\
\xa9\x02\xaa\x02\xab\x02\xae\x02\xb1\x02\xb4\x02\xb6\x02\xb5\x02\
\xca\x02\x9d\x02\x9f\x02\x45\x02\xaf\x02\xac\x02\xad\x02\xb3\x01\
\xee\x02\xcc\x01\xd0\x02\xc7\x01\xd0\x02\x0f\x02\x10\x02\x11\x02\
\x12\x02\x13\x02\x14\x02\x15\x02\x16\x02\x17\x02\x18\x00\x01\x00\
\xa1\x00\x05\x00\x08\x00\x09\x00\x0a\x00\x0c\x00\x0d\x00\x23\x00\
\x25\x00\x33\x00\x3f\x00\x40\x00\x41\x00\x46\x00\x47\x00\x48\x00\
\x49\x00\x4a\x00\x4b\x00\x4c\x00\x4e\x00\x4f\x00\x50\x00\x51\x00\
\x52\x00\x54\x00\x55\x00\x56\x00\x57\x00\x58\x00\x59\x00\x5a\x00\
\x5b\x00\x5c\x00\x5d\x00\x5e\x00\x5f\x00\x61\x00\x64\x00\x65\x00\
\x66\x00\x68\x00\x70\x00\x82\x00\xa2\x00\xa3\x00\xa4\x00\xa5\x00\
\xa6\x00\xa7\x00\xa8\x00\xa9\x00\xaa\x00\xab\x00\xac\x00\xad\x00\
\xae\x00\xaf\x00\xb0\x00\xb1\x00\xb2\x00\xb3\x00\xb4\x00\xb5\x00\
\xb6\x00\xb7\x00\xb8\x00\xb9\x00\xbb\x00\xbc\x00\xbd\x00\xbe\x00\
\xbf\x00\xc0\x00\xc1\x00\xc2\x00\xc4\x00\xc6\x00\xc8\x00\xca\x00\
\xcc\x00\xce\x00\xd0\x00\xd2\x00\xd4\x00\xd6\x00\xd8\x00\xda\x00\
\xdc\x00\xde\x00\xe0\x00\xe2\x00\xe4\x00\xe6\x00\xe8\x00\xea\x00\
\xec\x00\xee\x00\xf0\x00\xf2\x00\xf4\x00\xf6\x00\xf8\x00\xfa\x00\
\xfb\x00\xfd\x00\xff\x01\x01\x01\x03\x01\x05\x01\x07\x01\x09\x01\
\x0b\x01\x0e\x01\x10\x01\x12\x01\x14\x01\x16\x01\x18\x01\x1a\x01\
\x1c\x01\x1e\x01\x20\x01\x21\x01\x24\x01\x26\x01\x28\x01\x2a\x01\
\x2c\x01\x2e\x01\x30\x01\x32\x01\x34\x01\x36\x01\x38\x01\x3a\x01\
\x3d\x01\x3f\x01\x41\x01\x42\x01\x44\x01\x46\x01\x47\x01\xb8\x01\
\xba\x01\xbc\x01\xbe\x01\xc0\x01\xcc\x01\xd0\x01\xe2\x01\xef\x02\
\x19\x02\x1a\x02\x1b\x02\x1c\x02\x1d\x02\x1e\x02\x1f\x02\x20\x02\
\x21\x02\x22\x00\x01\x01\xb2\x00\x29\x00\x58\x00\x72\x00\x8c\x00\
\x98\x00\x9e\x00\xac\x00\xba\x00\xc8\x00\xd6\x00\xe4\x00\xf2\x01\
\x00\x01\x0e\x01\x1c\x01\x2a\x01\x30\x01\x36\x01\x3c\x01\x40\x01\
\x44\x01\x48\x01\x4e\x01\x54\x01\x5a\x01\x60\x01\x66\x01\x6c\x01\
\x72\x01\x78\x01\x7e\x01\x84\x01\x8a\x01\x8e\x01\x92\x01\x96\x01\
\x9a\x01\x9e\x01\xa2\x01\xa6\x01\xaa\x01\xae\x00\x0c\x00\x06\x00\
\x0b\x01\xc2\x01\xc3\x01\xc5\x01\xc6\x01\xc4\x01\xc7\x01\xcd\x01\
\xce\x00\x6e\x00\x7e\x00\x0c\x00\x06\x00\x0b\x01\xc2\x01\xc3\x01\
\xc5\x01\xc6\x01\xc4\x01\xc7\x01\xcd\x01\xce\x00\x6e\x00\x7e\x00\
\x05\x00\x11\x00\x70\x01\xc0\x01\xc1\x01\xee\x00\x02\x02\x2f\x01\
\xd0\x00\x06\x02\x31\x02\xcd\x02\x19\x00\x14\x01\xd1\x01\xd8\x00\
\x06\x02\x32\x02\xce\x02\x1a\x00\x15\x00\x7c\x01\xd9\x00\x06\x02\
\x33\x02\xcf\x02\x1b\x00\x16\x00\x75\x01\xda\x00\x06\x02\x34\x02\
\xd0\x02\x1c\x00\x17\x00\x76\x01\xdb\x00\x06\x02\x35\x02\xd1\x02\
\x1d\x00\x18\x01\xd2\x01\xdc\x00\x06\x02\x36\x02\xd2\x02\x1e\x00\
\x19\x01\xd3\x01\xdd\x00\x06\x02\x37\x02\xd3\x02\x1f\x00\x1a\x01\
\xd4\x01\xde\x00\x06\x02\x38\x02\xd4\x02\x20\x00\x1b\x01\xd5\x01\
\xdf\x00\x06\x02\x39\x02\xd5\x02\x21\x00\x1c\x01\xd6\x01\xe0\x00\
\x06\x02\x3a\x02\xd6\x02\x22\x00\x1d\x01\xd7\x01\xe1\x00\x02\x02\
\x3c\x00\x6d\x00\x02\x02\x44\x02\x7f\x00\x02\x02\x4a\x00\x7d\x00\
\x01\x00\x16\x00\x01\x00\x17\x00\x01\x00\x15\x00\x02\x01\x44\x02\
\x9c\x00\x02\x02\xcd\x00\x14\x00\x02\x02\xce\x00\x15\x00\x02\x02\
\xcf\x00\x16\x00\x02\x02\xd0\x00\x17\x00\x02\x02\xd1\x00\x18\x00\
\x02\x02\xd2\x00\x19\x00\x02\x02\xd3\x00\x1a\x00\x02\x02\xd4\x00\
\x1b\x00\x02\x02\xd5\x00\x1c\x00\x02\x02\xd6\x00\x1d\x00\x01\x00\
\x14\x00\x01\x00\x15\x00\x01\x00\x16\x00\x01\x00\x17\x00\x01\x00\
\x18\x00\x01\x00\x19\x00\x01\x00\x1a\x00\x01\x00\x1b\x00\x01\x00\
\x1c\x00\x01\x00\x1d\x00\x02\x00\x0c\x00\x06\x00\x06\x00\x00\x00\
\x0b\x00\x0b\x00\x01\x00\x11\x00\x11\x00\x02\x00\x13\x00\x1d\x00\
\x03\x00\x45\x00\x45\x00\x0e\x00\x4d\x00\x4d\x00\x0f\x00\x53\x00\
\x53\x00\x10\x00\x75\x00\x76\x00\x11\x00\x7c\x00\x7c\x00\x13\x01\
\x22\x01\x22\x00\x14\x02\x31\x02\x3a\x00\x15\x02\xcd\x02\xd6\x00\
\x1f\x00\x01\x00\x06\x00\x22\x00\x01\x00\x02\x01\x21\x01\x22\x00\
\x02\x00\xfe\x00\x7c\x02\x3c\x02\x3d\x02\x3e\x02\x3f\x02\x40\x02\
\x41\x02\x42\x02\x43\x02\x44\x02\x45\x02\x46\x02\x47\x02\x48\x02\
\x49\x02\x4a\x02\x4b\x02\x4c\x02\x4d\x02\x4e\x02\x4f\x02\x50\x02\
\x51\x02\x52\x02\x53\x02\x54\x02\x55\x02\x56\x02\x57\x02\x58\x02\
\x59\x02\x5a\x02\x5d\x02\x5f\x02\x64\x02\x68\x02\x69\x02\x6a\x02\
\x6c\x02\x78\x02\x79\x02\x7b\x02\x7d\x02\x67\x02\x8a\x02\x8c\x02\
\x8d\x02\x8e\x02\x8f\x02\x90\x02\x94\x02\xa2\x02\xa3\x02\xa4\x02\
\xa6\x02\xb0\x02\xa1\x02\xb2\x02\x5b\x02\x5c\x02\x5e\x02\x60\x02\
\x61\x02\x63\x02\x62\x02\x65\x02\x66\x02\x6d\x02\x6e\x02\x6f\x02\
\x70\x02\x6b\x02\x71\x02\x72\x02\x73\x02\x74\x02\x76\x02\x77\x02\
\x7c\x02\x7e\x02\x7a\x02\x80\x02\xb7\x02\x81\x02\x82\x02\x83\x02\
\x85\x02\x84\x02\x87\x02\x86\x02\x88\x02\x8b\x02\x89\x02\xb9\x02\
\x91\x02\x92\x02\x93\x02\x95\x02\x96\x02\x98\x02\x97\x02\x99\x02\
\x9a\x02\x9c\x02\x9b\x02\x9f\x02\x9e\x02\xa0\x02\xa5\x02\xa7\x02\
\xa8\x02\xa9\x02\xaa\x02\xab\x02\xae\x02\xb1\x02\xb4\x02\xb6\x02\
\xb5\x02\x9d\x02\x9f\x02\xaf\x02\xac\x02\xad\x02\xb3\x00\x01\x00\
\x7c\x00\x45\x00\x46\x00\x47\x00\x48\x00\x49\x00\x4a\x00\x4b\x00\
\x4c\x00\x4d\x00\x4e\x00\x4f\x00\x50\x00\x51\x00\x52\x00\x53\x00\
\x54\x00\x55\x00\x56\x00\x57\x00\x58\x00\x59\x00\x5a\x00\x5b\x00\
\x5c\x00\x5d\x00\x5e\x00\xa3\x00\xa4\x00\xa5\x00\xa6\x00\xa7\x00\
\xa8\x00\xa9\x00\xaa\x00\xab\x00\xac\x00\xad\x00\xae\x00\xaf\x00\
\xb0\x00\xb1\x00\xb2\x00\xb3\x00\xb4\x00\xb5\x00\xb6\x00\xb7\x00\
\xb8\x00\xb9\x00\xbb\x00\xbc\x00\xbd\x00\xbe\x00\xbf\x00\xc0\x00\
\xc1\x00\xc2\x00\xc4\x00\xc6\x00\xc8\x00\xca\x00\xcc\x00\xce\x00\
\xd0\x00\xd2\x00\xd4\x00\xd6\x00\xd8\x00\xda\x00\xdc\x00\xde\x00\
\xe0\x00\xe2\x00\xe4\x00\xe6\x00\xe8\x00\xea\x00\xec\x00\xee\x00\
\xf0\x00\xf2\x00\xf6\x00\xf8\x00\xfa\x00\xfd\x00\xff\x01\x01\x01\
\x03\x01\x05\x01\x07\x01\x09\x01\x0b\x01\x0e\x01\x10\x01\x12\x01\
\x14\x01\x16\x01\x18\x01\x1a\x01\x1c\x01\x1e\x01\x20\x01\x22\x01\
\x24\x01\x26\x01\x28\x01\x2a\x01\x2c\x01\x2e\x01\x30\x01\x32\x01\
\x34\x01\x36\x01\x38\x01\x3a\x01\x3d\x01\x3f\x01\x41\x01\x44\x01\
\x46\x01\xb8\x01\xba\x01\xbc\x01\xbe\x00\x02\x00\x30\x00\x15\x02\
\x25\x02\x26\x02\x27\x02\x28\x02\x29\x02\x2a\x02\x2f\x02\x3b\x02\
\x2b\x02\x2c\x02\x2d\x02\x2e\x02\x30\x02\xc5\x02\xc8\x02\xc9\x02\
\xcb\x02\xc6\x02\xca\x02\xcc\x02\xc7\x00\x01\x00\x15\x00\x05\x00\
\x08\x00\x09\x00\x0a\x00\x0c\x00\x0d\x00\x13\x00\x23\x00\x3f\x00\
\x40\x00\x41\x00\x5f\x00\x61\x00\x64\x00\x65\x00\x66\x00\x68\x00\
\x82\x01\x42\x01\xcc\x01\xe2\x00\x02\x00\x0c\x00\x03\x02\xb8\x02\
\x75\x02\x45\x00\x01\x00\x03\x00\xa2\x00\xfb\x01\x47\x00\x01\x00\
\x06\x02\x1d\x00\x02\x00\x01\x00\x14\x00\x1d\x00\x00\x00\x01\x00\
\x06\x01\xf7\x00\x01\x00\x01\x00\x4d\x00\x02\x00\x0a\x00\x02\x02\
\x7f\x02\x44\x00\x01\x00\x02\x00\x4d\x00\xf4\x00\x02\x00\x2e\x00\
\x14\x02\xcd\x02\xce\x02\xcf\x02\xd0\x02\xd1\x02\xd2\x02\xd3\x02\
\xd4\x02\xd5\x02\xd6\x02\xcd\x02\xce\x02\xcf\x02\xd0\x02\xd1\x02\
\xd2\x02\xd3\x02\xd4\x02\xd5\x02\xd6\x00\x02\x00\x02\x00\x14\x00\
\x1d\x00\x00\x02\x31\x02\x3a\x00\x0a\x00\x02\x00\xfe\x00\x7c\x02\
\x3c\x02\x3d\x02\x3e\x02\x3f\x02\x40\x02\x41\x02\x42\x02\x43\x02\
\x44\x02\x45\x02\x46\x02\x47\x02\x48\x02\x49\x02\x4a\x02\x4b\x02\
\x4c\x02\x4d\x02\x4e\x02\x4f\x02\x50\x02\x51\x02\x52\x02\x53\x02\
\x54\x02\x55\x02\x56\x02\x57\x02\x58\x02\x59\x02\x5a\x02\x5d\x02\
\x5f\x02\x64\x02\x68\x02\x69\x02\x6a\x02\x6c\x02\x78\x02\x79\x02\
\x7b\x02\x7d\x02\x67\x02\x8a\x02\x8c\x02\x8d\x02\x8e\x02\x8f\x02\
\x90\x02\x94\x02\xa2\x02\xa3\x02\xa4\x02\xa6\x02\xb0\x02\xa1\x02\
\x5b\x02\x5c\x02\x5e\x02\x60\x02\x61\x02\x63\x02\x62\x02\x65\x02\
\x66\x02\x6d\x02\x6e\x02\x6f\x02\x70\x02\x6b\x02\x71\x02\x72\x02\
\x73\x02\x74\x02\x76\x02\x77\x02\x7c\x02\x7e\x02\x7a\x02\x80\x02\
\xb7\x02\x81\x02\x82\x02\x83\x02\x85\x02\x84\x02\x87\x02\x86\x02\
\x88\x02\x8b\x02\x89\x02\xb9\x02\x91\x02\x92\x02\x93\x02\x95\x02\
\x96\x02\x97\x02\x98\x02\x99\x02\x9a\x02\x9c\x02\x9b\x02\x9f\x02\
\x9e\x02\xa0\x02\xa5\x02\xa7\x02\xa8\x02\xa9\x02\xaa\x02\xab\x02\
\xad\x02\xb1\x02\xb2\x02\xb4\x02\xb6\x02\xb5\x02\x9d\x02\x9f\x02\
\xaf\x02\xac\x02\xae\x02\xb3\x00\x01\x00\x7c\x00\x25\x00\x26\x00\
\x27\x00\x28\x00\x29\x00\x2a\x00\x2b\x00\x2c\x00\x2d\x00\x2e\x00\
\x2f\x00\x30\x00\x31\x00\x32\x00\x33\x00\x34\x00\x35\x00\x36\x00\
\x37\x00\x38\x00\x39\x00\x3a\x00\x3b\x00\x3c\x00\x3d\x00\x3e\x00\
\x83\x00\x84\x00\x85\x00\x86\x00\x87\x00\x88\x00\x89\x00\x8a\x00\
\x8b\x00\x8c\x00\x8d\x00\x8e\x00\x8f\x00\x90\x00\x91\x00\x92\x00\
\x93\x00\x94\x00\x95\x00\x96\x00\x97\x00\x98\x00\x99\x00\x9b\x00\
\x9c\x00\x9d\x00\x9e\x00\x9f\x00\xa0\x00\xa1\x00\xc3\x00\xc5\x00\
\xc7\x00\xc9\x00\xcb\x00\xcd\x00\xcf\x00\xd1\x00\xd3\x00\xd5\x00\
\xd7\x00\xd9\x00\xdb\x00\xdd\x00\xdf\x00\xe1\x00\xe3\x00\xe5\x00\
\xe7\x00\xe9\x00\xeb\x00\xed\x00\xef\x00\xf1\x00\xf5\x00\xf7\x00\
\xf9\x00\xfc\x00\xfe\x01\x00\x01\x02\x01\x04\x01\x06\x01\x08\x01\
\x0a\x01\x0d\x01\x0f\x01\x11\x01\x13\x01\x15\x01\x17\x01\x19\x01\
\x1b\x01\x1d\x01\x1f\x01\x21\x01\x23\x01\x25\x01\x27\x01\x29\x01\
\x2b\x01\x2d\x01\x2f\x01\x31\x01\x33\x01\x35\x01\x37\x01\x39\x01\
\x3b\x01\x3c\x01\x3e\x01\x40\x01\x43\x01\x45\x01\xb7\x01\xb9\x01\
\xbb\x01\xbd\x00\x01\x00\x06\x02\x17\x00\x01\x00\x01\x00\x2d\x00\
\x02\x00\x0a\x00\x02\x02\x44\x02\x7f\x00\x01\x00\x02\x00\x2d\x00\
\xf3\x00\x02\x00\x0c\x00\x03\x01\xee\x01\xee\x01\xee\x00\x01\x00\
\x03\x00\x11\x00\x70\x01\xc0\x00\x03\x00\x01\x00\x16\x00\x01\x00\
\x10\x00\x01\x00\x20\x00\x00\x00\x01\x00\x01\x00\x14\x00\x02\x00\
\x01\x00\x14\x00\x1d\x00\x00\x00\x01\x00\x03\x00\x13\x01\xd0\x01\
\xef\x00\x03\x00\x01\x00\x16\x00\x01\x00\x10\x00\x01\x00\x20\x00\
\x00\x00\x01\x00\x01\x00\x15\x00\x02\x00\x01\x00\x14\x00\x1d\x00\
\x00\x00\x01\x00\x03\x00\x13\x01\xd0\x01\xef\x00\x03\x00\x01\x00\
\x16\x00\x01\x00\x10\x00\x01\x00\x20\x00\x00\x00\x01\x00\x01\x00\
\x16\x00\x02\x00\x01\x00\x14\x00\x1d\x00\x00\x00\x01\x00\x03\x00\
\x13\x01\xd0\x01\xef\x00\x03\x00\x01\x00\x16\x00\x01\x00\x10\x00\
\x01\x00\x20\x00\x00\x00\x01\x00\x01\x00\x17\x00\x02\x00\x01\x00\
\x14\x00\x1d\x00\x00\x00\x01\x00\x03\x00\x13\x01\xd0\x01\xef\x00\
\x03\x00\x01\x00\x16\x00\x01\x00\x10\x00\x01\x00\x20\x00\x00\x00\
\x01\x00\x01\x00\x19\x00\x02\x00\x01\x00\x14\x00\x1d\x00\x00\x00\
\x01\x00\x03\x00\x13\x01\xd0\x01\xef\x00\x03\x00\x01\x00\x16\x00\
\x01\x00\x10\x00\x01\x00\x20\x00\x00\x00\x01\x00\x01\x00\x1b\x00\
\x02\x00\x01\x00\x14\x00\x1d\x00\x00\x00\x01\x00\x03\x00\x13\x01\
\xd0\x01\xef\x00\x03\x00\x00\x00\x04\x00\x16\x00\x1c\x00\x26\x00\
\x2c\x00\x00\x00\x01\x00\x00\x00\x1d\x00\x01\x00\x01\x00\x14\x00\
\x01\x00\x03\x00\x13\x01\xd0\x01\xef\x00\x01\x00\x01\x00\x14\x00\
\x01\x00\x01\x00\x14\x00\x03\x00\x00\x00\x03\x00\x14\x00\x1a\x00\
\x20\x00\x00\x00\x01\x00\x00\x00\x1e\x00\x01\x00\x01\x00\x14\x00\
\x01\x00\x01\x01\xd0\x00\x01\x00\x01\x00\x14\x00\x03\x00\x00\x00\
\x03\x00\x14\x00\x1a\x00\x20\x00\x00\x00\x01\x00\x00\x00\x1d\x00\
\x01\x00\x01\x00\x15\x00\x01\x00\x01\x01\xd0\x00\x01\x00\x01\x00\
\x18\x00\x03\x00\x00\x00\x03\x00\x14\x00\x1a\x00\x20\x00\x00\x00\
\x01\x00\x00\x00\x1d\x00\x01\x00\x01\x00\x15\x00\x01\x00\x01\x01\
\xd0\x00\x01\x00\x02\x00\x16\x00\x75\x00\x02\x00\x0c\x00\x03\x01\
\xd0\x01\xd0\x01\xd0\x00\x01\x00\x03\x00\x13\x01\xd0\x01\xef\x00\
\x01\x00\x06\x02\x05\x00\x02\x00\x01\x00\x14\x00\x1d\x00\x00\x00\
\x03\x00\x01\x00\x1c\x00\x01\x00\x12\x00\x00\x00\x01\x00\x00\x00\
\x1f\x00\x02\x00\x01\x02\x19\x02\x22\x00\x00\x00\x01\x00\x03\x00\
\x13\x01\xd0\x01\xef\x00\x03\x00\x01\x00\x1c\x00\x01\x00\x12\x00\
\x00\x00\x01\x00\x00\x00\x1f\x00\x02\x00\x01\x02\x19\x02\x22\x00\
\x00\x00\x02\x00\x01\x02\x0f\x02\x18\x00\x00\x00\x02\x00\x48\x00\
\x21\x00\x14\x00\x15\x00\x16\x00\x17\x00\x18\x00\x19\x00\x1a\x00\
\x1b\x00\x1c\x00\x1d\x00\x16\x00\x17\x00\x15\x00\x14\x00\x15\x00\
\x16\x00\x17\x00\x18\x00\x19\x00\x1a\x00\x1b\x00\x1c\x00\x1d\x00\
\x14\x00\x15\x00\x16\x00\x17\x00\x18\x00\x19\x00\x1a\x00\x1b\x00\
\x1c\x00\x1d\x00\x02\x00\x05\x00\x14\x00\x1d\x00\x00\x00\x75\x00\
\x76\x00\x0a\x00\x7c\x00\x7c\x00\x0c\x02\x31\x02\x3a\x00\x0d\x02\
\xcd\x02\xd6\x00\x17\x00\x02\x00\x1a\x00\x0a\x01\xd1\x00\x7c\x00\
\x75\x00\x76\x01\xd2\x01\xd3\x01\xd4\x01\xd5\x01\xd6\x01\xd7\x00\
\x02\x00\x01\x00\x14\x00\x1d\x00\x00\x00\x02\x00\x0e\x00\x04\x00\
\x6d\x00\x7d\x00\x6d\x00\x7d\x00\x01\x00\x04\x00\x25\x00\x33\x00\
\x45\x00\x53\x00\x01\x00\x1c\x00\x01\x00\x08\x00\x02\x00\x06\x00\
\x0e\x01\xff\x00\x03\x00\x4a\x00\x4d\x01\xfd\x00\x02\x00\x4d\x00\
\x01\x00\x01\x00\x4a\x00\x01\x00\x24\x00\x01\x00\x08\x00\x03\x00\
\x08\x00\x10\x00\x16\x02\x00\x00\x03\x00\x4a\x00\x50\x01\xfe\x00\
\x02\x00\x50\x01\xfc\x00\x02\x00\x4a\x00\x01\x00\x01\x00\x4a\x00\
\x01\x00\x96\x00\x0c\x00\x1e\x00\x28\x00\x32\x00\x3c\x00\x46\x00\
\x50\x00\x5a\x00\x64\x00\x6e\x00\x78\x00\x82\x00\x8c\x00\x01\x00\
\x04\x01\x0c\x00\x02\x00\x52\x00\x01\x00\x04\x01\x0c\x00\x02\x00\
\x52\x00\x01\x00\x04\x01\x0c\x00\x02\x00\x52\x00\x01\x00\x04\x01\
\x0c\x00\x02\x00\x52\x00\x01\x00\x04\x01\x0c\x00\x02\x00\x52\x00\
\x01\x00\x04\x01\x0c\x00\x02\x00\x52\x00\x01\x00\x04\x01\x0c\x00\
\x02\x00\x52\x00\x01\x00\x04\x01\x0c\x00\x02\x00\x52\x00\x01\x00\
\x04\x01\x0c\x00\x02\x00\x52\x00\x01\x00\x04\x01\x0c\x00\x02\x00\
\x52\x00\x01\x00\x04\x01\x0c\x00\x02\x00\x52\x00\x01\x00\x04\x01\
\x0c\x00\x02\x00\x52\x00\x01\x00\x0c\x00\x06\x00\x0b\x00\x6e\x00\
\x7e\x01\xc2\x01\xc3\x01\xc4\x01\xc5\x01\xc6\x01\xc7\x01\xcd\x01\
\xce\x00\x01\x00\x06\x02\x05\x00\x02\x00\x01\x00\x14\x00\x1d\x00\
\x00\x00\x01\x00\x06\x01\xfb\x00\x02\x00\x01\x00\x14\x00\x1d\x00\
\x00\x00\x01\x00\x06\xfd\x47\x00\x02\x00\x01\x02\xcd\x02\xd6\x00\
\x00\x00\x01\x00\x06\x01\xc4\x00\x02\x00\x01\x00\x14\x00\x1d\x00\
\x00\x00\x01\x00\x06\x01\xc4\x00\x02\x00\x01\x00\x14\x00\x1d\x00\
\x00\x00\x01\x00\x50\x00\x02\x00\x0a\x00\x30\x00\x03\x00\x08\x00\
\x12\x00\x1c\x01\xcc\x00\x04\x00\x13\x00\x14\x00\x14\x01\xcc\x00\
\x04\x01\xd0\x00\x14\x00\x14\x01\xcc\x00\x04\x01\xef\x00\x14\x00\
\x14\x00\x03\x00\x08\x00\x10\x00\x18\x00\x80\x00\x03\x01\xd0\x00\
\x16\x00\x80\x00\x03\x01\xd0\x00\x75\x00\x7f\x00\x03\x01\xd0\x00\
\x18\x00\x01\x00\x02\x00\x14\x00\x15\x00\x01\x00\x14\x00\x01\x00\
\x08\x00\x01\x00\x04\x00\x09\x00\x03\x01\xd0\x00\x14\x00\x01\x00\
\x01\x00\x14\x00\x01\x00\x06\xff\xf6\x00\x02\x00\x01\x02\x19\x02\
\x22\x00\x00\x00\x01\x00\x00\x00\x0a\x00\x4e\x00\x5c\x00\x02\x63\
\x79\x72\x6c\x00\x0e\x6c\x61\x74\x6e\x00\x1a\x00\x04\x00\x00\x00\
\x00\xff\xff\x00\x01\x00\x00\x00\x22\x00\x05\x41\x46\x4b\x20\x00\
\x22\x4d\x4f\x4c\x20\x00\x22\x4e\x4c\x44\x20\x00\x22\x52\x4f\x4d\
\x20\x00\x22\x54\x52\x4b\x20\x00\x22\x00\x00\xff\xff\x00\x01\x00\
\x00\x00\x01\x6b\x65\x72\x6e\x00\x08\x00\x00\x00\x01\x00\x00\x00\
\x01\x00\x04\x00\x02\x00\x00\x00\x01\x00\x08\x00\x01\x17\x36\x00\
\x04\x00\x00\x00\x84\x01\x12\x01\x40\x01\x4e\x01\x80\x01\xd2\x02\
\x0c\x02\x6e\x02\xb0\x02\xe2\x02\xf0\x03\x52\x03\x6c\x03\x7a\x03\
\xe4\x04\x52\x04\x84\x04\xea\x04\xf0\x05\x2a\x05\x40\x05\xf6\x06\
\x08\x06\x8a\x07\x00\x07\x46\x07\xe0\x01\x40\x08\x16\x08\x24\x08\
\x2e\x08\x38\x08\x76\x08\x7c\x08\x9a\x08\xa8\x08\xe6\x08\xfc\x09\
\x06\x09\x10\x09\x06\x01\x40\x09\x22\x09\x28\x09\x4a\x09\x22\x09\
\x64\x09\x6a\x09\x8c\x09\xaa\x09\xb4\x0a\x4e\x0a\x4e\x09\xaa\x0a\
\x60\x0a\x96\x0b\x38\x0b\x7a\x0b\xac\x0b\xba\x0c\x64\x0c\x86\x0b\
\xac\x0c\x86\x0c\xd4\x0d\x02\x0d\x60\x0d\x82\x0e\x40\x0f\x02\x0f\
\x28\x0f\x66\x0f\x80\x0f\x96\x0f\x96\x0f\xb0\x0c\xd4\x0f\xde\x10\
\x04\x10\x52\x10\x80\x10\x8a\x10\x8a\x10\xb4\x10\xce\x11\x00\x11\
\x1e\x11\x6c\x11\x9a\x11\xac\x11\xd6\x0f\x80\x11\xf0\x11\xf0\x10\
\xb4\x10\xb4\x10\x80\x10\x80\x12\x0a\x12\x48\x12\x48\x12\x5e\x12\
\x7c\x09\xb4\x12\xa6\x12\xe8\x12\xe8\x13\x0e\x13\x88\x13\xc6\x14\
\x04\x14\x7e\x14\x8c\x14\xca\x14\xf4\x15\x16\x15\x38\x15\x6e\x15\
\x80\x15\x9e\x15\xc4\x15\xde\x16\x04\x16\x46\x16\x6c\x16\x7e\x16\
\x88\x16\xb6\x16\xc0\x16\xde\x16\xf4\x17\x02\x17\x30\x00\x0b\x00\
\x25\xff\xee\x00\x2e\xff\xf4\x00\x38\xff\xe8\x00\x3a\xff\xee\x00\
\x3b\xff\xf4\x00\x3c\xff\xf4\x00\x3d\xff\xe8\x00\x6e\xff\xe2\x00\
\x7e\xff\xe2\x01\xcd\xff\xe2\x01\xce\xff\xe2\x00\x03\x00\x2e\xff\
\xe2\x00\x4e\x00\x3c\x02\x45\xff\xec\x00\x0c\x00\x04\xff\xe2\x00\
\x11\xff\xdc\x00\x6e\xff\xd0\x01\x69\x00\x14\x01\x89\x00\x14\x01\
\xc0\xff\xdc\x01\xc1\xff\xdc\x01\xc2\xff\xb8\x01\xc3\xff\xb8\x01\
\xc5\xff\xb8\x01\xc6\xff\xb8\x01\xcd\xff\xd0\x00\x14\x00\x2e\xff\
\xf4\x00\x37\xff\xf4\x00\x38\xff\xa6\x00\x3a\xff\xe8\x00\x3b\xff\
\xf4\x00\x3c\xff\xe8\x00\x3d\xff\xa6\x00\x5c\xff\xf4\x01\x54\xff\
\xec\x01\x57\xff\xa6\x01\x60\xff\xa6\x01\x6b\xff\xe8\x01\x77\xff\
\xa6\x01\x7a\xff\xe8\x01\x8b\xff\xec\x01\x97\xff\xe2\x01\x9a\xff\
\xf4\x02\x4f\xff\xe2\x02\x53\xff\xf4\x02\x54\xff\xdc\x00\x0e\x00\
\x04\xff\xe2\x00\x11\xff\xdc\x00\x38\xff\xa0\x00\x3a\xff\xbe\x00\
\x3b\xff\xca\x00\x3d\xff\xb8\x00\x6e\xff\xd5\x01\xc0\xff\xdc\x01\
\xc1\xff\xdc\x01\xc2\xff\xb8\x01\xc3\xff\xb8\x01\xc5\xff\xb8\x01\
\xc6\xff\xb8\x01\xcd\xff\xd0\x00\x18\x00\x04\xff\xee\x00\x27\xff\
\xee\x00\x2b\xff\xee\x00\x33\xff\xee\x00\x35\xff\xee\x00\x38\xff\
\xc4\x00\x39\xff\xf4\x00\x3a\xff\xe2\x00\x3b\xff\xf4\x00\x3d\xff\
\xc4\x00\x5a\xff\xfa\x00\x5b\xff\xfa\x00\x5d\xff\xfa\x00\x71\xff\
\xb2\x01\xc2\xff\xd0\x01\xc3\xff\xc4\x01\xc5\xff\xd0\x01\xc6\xff\
\xc4\x01\xe7\xff\xce\x02\x4f\xff\xe8\x02\x50\xff\xf4\x02\x51\xff\
\xfa\x02\x52\xff\xfa\x02\x54\xff\xdc\x00\x10\x00\x27\xff\xf4\x00\
\x33\xff\xf4\x00\x35\xff\xf4\x00\x38\xff\xfa\x00\x3d\xff\xf4\x00\
\x45\xff\xee\x00\x49\xff\xf4\x00\x53\xff\xf4\x00\x5a\xff\xee\x00\
\x5b\xff\xee\x00\x5d\xff\xee\x00\x89\xff\xf4\x01\x15\xff\xf4\x02\
\x3c\xff\xf4\x02\x4a\xff\xf4\x02\x5f\xff\xf4\x00\x0c\x00\x10\xff\
\xd0\x00\x12\xff\xd0\x00\x25\xff\xe8\x00\x2e\xff\xc4\x00\x38\xff\
\xe2\x00\x3a\xff\xf4\x00\x3c\xff\xee\x00\x3d\xff\xdc\x00\x3e\xff\
\xf4\x00\x89\xff\xd6\x02\x3c\xff\xee\x02\x5f\xff\xe8\x00\x03\x00\
\x5a\xff\xf4\x00\x5b\xff\xf4\x00\x5d\xff\xf4\x00\x18\x00\x10\xff\
\x94\x00\x11\xff\xf4\x00\x12\xff\xa0\x00\x1e\xff\xe8\x00\x1f\xff\
\xe8\x00\x25\xff\xca\x00\x2e\xff\x70\x00\x45\xff\xd0\x00\x49\xff\
\xd0\x00\x4d\xff\xee\x00\x53\xff\xd0\x00\x56\xff\xd6\x00\x59\xff\
\xd6\x00\x5d\xff\xee\x00\x6e\xff\xee\x00\x89\xff\x88\x01\xcd\xff\
\xee\x02\x3c\xff\xc4\x02\x44\xff\xf4\x02\x45\xff\x88\x02\x4a\xff\
\xd6\x02\x50\xff\xf4\x02\x54\xff\xf4\x02\x5f\xff\xb8\x00\x06\x00\
\x38\xff\xd0\x00\x3a\xff\xfa\x00\x3b\xff\xf4\x00\x3d\xff\xd0\x00\
\x5b\xff\xe8\x00\x5d\xff\xe8\x00\x03\x00\x25\xff\xf4\x00\x45\xff\
\xfa\x02\x3c\xff\xf4\x00\x1a\x00\x04\xff\xf4\x00\x11\xff\xe8\x00\
\x25\xff\xf4\x00\x27\xff\xe8\x00\x2b\xff\xe8\x00\x33\xff\xe8\x00\
\x35\xff\xe8\x00\x38\xff\xf4\x00\x3d\xff\xfa\x00\x45\xff\xf4\x00\
\x49\xff\xe2\x00\x53\xff\xe2\x00\x59\xff\xe2\x00\x5a\xff\xe2\x00\
\x5b\xff\xe2\x00\x5d\xff\xe8\x01\x15\xff\xe8\x02\x3c\xff\xf4\x02\
\x3e\xff\xe2\x02\x44\xff\xf4\x02\x4a\xff\xe2\x02\x50\xff\xe8\x02\
\x51\xff\xdc\x02\x52\xff\xdc\x02\x54\xff\xdc\x02\x5f\xff\xf4\x00\
\x1b\x00\x04\xff\xe8\x00\x11\xff\xdc\x00\x27\xff\xe2\x00\x2b\xff\
\xe2\x00\x33\xff\xe2\x00\x35\xff\xe2\x00\x38\xff\xa0\x00\x39\xff\
\xe8\x00\x3a\xff\xca\x00\x3b\xff\xd0\x00\x3d\xff\xa6\x00\x49\xff\
\xee\x00\x53\xff\xee\x00\x59\xff\xf4\x00\x5a\xff\xf4\x00\x5d\xff\
\xdc\x00\x71\xff\x88\x01\xc2\xff\xb8\x01\xc3\xff\xb8\x01\xc5\xff\
\xac\x01\xc6\xff\xac\x01\xe7\xff\xba\x02\x4a\xff\xee\x02\x4f\xff\
\xd0\x02\x50\xff\xf4\x02\x51\xff\xf4\x02\x54\xff\xd6\x00\x0c\x00\
\x10\xff\xd0\x00\x12\xff\xd0\x00\x25\xff\xee\x00\x2e\xff\xdc\x00\
\x38\xff\xe2\x00\x3a\xff\xf4\x00\x3c\xff\xee\x00\x3d\xff\xe8\x00\
\x3e\xff\xe8\x00\x89\xff\xd0\x02\x3c\xff\xe8\x02\x45\xff\xc4\x00\
\x19\x00\x10\xff\x70\x00\x11\xff\xdc\x00\x12\xff\x70\x00\x1e\xff\
\xdc\x00\x1f\xff\xdc\x00\x25\xff\xc4\x00\x38\xff\xfa\x00\x3d\xff\
\xee\x00\x45\xff\xc4\x00\x49\xff\xb8\x00\x4d\xff\xe8\x00\x53\xff\
\xb8\x00\x56\xff\xd0\x00\x57\xff\xd0\x00\x59\xff\xd0\x00\x5d\xff\
\xd6\x00\x89\xff\x88\x02\x3c\xff\xa0\x02\x44\xff\xee\x02\x45\xff\
\xa6\x02\x4a\xff\xd6\x02\x4e\xff\xe8\x02\x50\xff\xe8\x02\x54\xff\
\xe8\x02\x5f\xff\x82\x00\x01\x00\x3a\xff\xf4\x00\x0e\x00\x38\xff\
\xf4\x00\x3a\xff\xf4\x00\x3d\xff\xfa\x00\x45\xff\xf4\x00\x49\xff\
\xf4\x00\x53\xff\xf4\x00\x59\xff\xf4\x00\x5b\xff\xfa\x00\x5d\xff\
\xfa\x02\x3c\xff\xee\x02\x3e\xff\xfa\x02\x4a\xff\xfa\x02\x50\xff\
\xfa\x02\x54\xff\xfa\x00\x05\x00\x38\xff\xee\x00\x3a\xff\xf4\x00\
\x3d\xff\xe8\x00\x58\xff\xfa\x00\x5d\xff\xf4\x00\x2d\x00\x04\xff\
\xe8\x00\x10\xff\xb2\x00\x11\xff\xa6\x00\x12\xff\xb2\x00\x1e\xff\
\xb8\x00\x1f\xff\xb8\x00\x25\xff\xc4\x00\x27\xff\xe2\x00\x2b\xff\
\xe2\x00\x2e\xff\x94\x00\x33\xff\xe2\x00\x35\xff\xe2\x00\x3d\xff\
\xf4\x00\x3e\xff\xf4\x00\x45\xff\xa0\x00\x47\xff\xa0\x00\x49\xff\
\xa0\x00\x4c\xff\xee\x00\x4d\xff\xf4\x00\x53\xff\xa0\x00\x56\xff\
\xa6\x00\x57\xff\xa0\x00\x59\xff\xa6\x00\x5a\xff\xa0\x00\x5b\xff\
\xa0\x00\x5d\xff\xa0\x00\x5e\xff\xb2\x00\x6e\xff\xc4\x00\x7e\xff\
\xd0\x00\x89\xff\x88\x01\x15\xff\xe2\x01\xcd\xff\xc4\x01\xce\xff\
\xdc\x02\x3c\xff\xb0\x02\x3e\xff\xa0\x02\x44\xff\xb8\x02\x45\xff\
\x94\x02\x4a\xff\xa0\x02\x4e\xff\xb8\x02\x50\xff\xb0\x02\x51\xff\
\xb0\x02\x52\xff\xb0\x02\x54\xff\xb0\x02\x55\xff\xc4\x02\x5f\xff\
\xa0\x00\x04\x00\x10\xff\xe8\x00\x12\xff\xe8\x00\x25\xff\xf4\x00\
\x89\xff\xe2\x00\x20\x00\x04\xff\xee\x00\x10\xff\xac\x00\x11\xff\
\xe8\x00\x12\xff\xac\x00\x1e\xff\xd0\x00\x1f\xff\xd0\x00\x25\xff\
\xe2\x00\x27\xff\xf4\x00\x2b\xff\xf4\x00\x33\xff\xf4\x00\x45\xff\
\xd6\x00\x49\xff\xd6\x00\x4d\xff\xee\x00\x53\xff\xd6\x00\x59\xff\
\xd6\x00\x5d\xff\xe8\x00\x6e\xff\xd6\x00\x7e\xff\xe8\x00\x89\xff\
\xc4\x01\x15\xff\xf4\x01\xc2\x00\x0c\x01\xc3\x00\x0c\x01\xc5\x00\
\x0c\x01\xc6\x00\x0c\x01\xcd\xff\xee\x01\xce\xff\xee\x02\x3c\xff\
\xd0\x02\x44\xff\xd6\x02\x4a\xff\xd6\x02\x50\xff\xd6\x02\x54\xff\
\xf4\x02\x5f\xff\xa0\x00\x1d\x00\x04\xff\xf4\x00\x10\xff\xbe\x00\
\x11\xff\xf4\x00\x12\xff\xbe\x00\x1e\xff\xe8\x00\x1f\xff\xe8\x00\
\x25\xff\xf4\x00\x33\xff\xf4\x00\x45\xff\xdc\x00\x49\xff\xdc\x00\
\x53\xff\xdc\x00\x56\xff\xe8\x00\x59\xff\xe8\x00\x5d\xff\xe8\x00\
\x6e\xff\xe8\x00\x7e\xff\xee\x00\x89\xff\xc4\x01\xc2\x00\x12\x01\
\xc3\x00\x12\x01\xc5\x00\x12\x01\xc6\x00\x12\x01\xcd\xff\xee\x01\
\xce\xff\xee\x02\x3c\xff\xdc\x02\x44\xff\xe2\x02\x4a\xff\xe2\x02\
\x50\xff\xe8\x02\x54\xff\xf4\x02\x5f\xff\xd6\x00\x11\x00\x04\xff\
\xf4\x00\x11\xff\xe8\x00\x27\xff\xee\x00\x2b\xff\xee\x00\x33\xff\
\xee\x00\x45\xff\xf4\x00\x49\xff\xe8\x00\x53\xff\xe8\x00\x59\xff\
\xe8\x00\x5d\xff\xe8\x01\x15\xff\xee\x02\x3c\xff\xe2\x02\x44\xff\
\xe8\x02\x4a\xff\xe2\x02\x50\xff\xe8\x02\x54\xff\xd6\x02\x5f\xff\
\xf4\x00\x26\x00\x04\xff\xe8\x00\x10\xff\xb2\x00\x11\xff\xa6\x00\
\x12\xff\xb2\x00\x1e\xff\xc4\x00\x1f\xff\xc4\x00\x25\xff\xc4\x00\
\x27\xff\xe8\x00\x2b\xff\xe8\x00\x2e\xff\x88\x00\x33\xff\xe8\x00\
\x35\xff\xe8\x00\x45\xff\xa6\x00\x47\xff\xa6\x00\x48\xff\xa6\x00\
\x49\xff\xa6\x00\x4d\xff\xe8\x00\x53\xff\xa6\x00\x55\xff\xa6\x00\
\x56\xff\xb2\x00\x57\xff\xa6\x00\x59\xff\xb2\x00\x5a\xff\xb8\x00\
\x6e\xff\xc4\x00\x7e\xff\xe8\x00\x89\xff\xbe\x01\x15\xff\xe8\x01\
\xcd\xff\xdc\x01\xce\xff\xe8\x02\x3c\xff\xa6\x02\x3e\xff\xa6\x02\
\x44\xff\xb8\x02\x4a\xff\xa6\x02\x4c\xff\xa6\x02\x4e\xff\xb8\x02\
\x50\xff\xb0\x02\x51\xff\xc4\x02\x5f\xff\xa3\x00\x0d\x00\x11\xff\
\xdc\x00\x33\xff\xe8\x00\x45\xff\xf4\x00\x49\xff\xf4\x00\x53\xff\
\xf4\x00\x59\xff\xfa\x00\x5b\xff\xee\x00\x5d\xff\xee\x00\x6e\xff\
\xd0\x01\xcd\xff\xd0\x02\x3c\xff\xf4\x02\x4a\xff\xf4\x02\x50\xff\
\xfa\x00\x03\x00\x58\xff\xf6\x01\xc3\xff\xe8\x01\xc6\xff\xe8\x00\
\x02\x00\x10\xff\xf4\x00\x12\xff\xf4\x00\x02\x00\x45\xff\xfa\x00\
\x5c\xff\xfa\x00\x0f\x00\x04\x00\x18\x00\x05\x00\x24\x00\x0d\x00\
\x30\x00\x0e\x00\x24\x00\x23\x00\x30\x00\x41\x00\x30\x00\x4a\xff\
\xee\x00\x58\xff\xf4\x00\x61\x00\x30\x01\xc2\x00\x30\x01\xc3\x00\
\x30\x01\xc5\x00\x30\x01\xc6\x00\x30\x01\xd1\x00\x2a\x01\xe7\x00\
\x2a\x00\x01\x00\x4e\x00\x0c\x00\x07\x00\x11\xff\xe8\x00\x45\xff\
\xfa\x00\x49\xff\xee\x00\x53\xff\xee\x00\x57\xff\xfa\x00\x59\xff\
\xf4\x00\x5d\xff\xf4\x00\x03\x00\x10\xff\xf4\x00\x12\xff\xf4\x00\
\x5c\xff\xfa\x00\x0f\x00\x10\xff\xd0\x00\x11\xff\xe8\x00\x12\xff\
\xd0\x00\x45\xff\xf4\x00\x47\xff\xee\x00\x48\xff\xee\x00\x49\xff\
\xee\x00\x4b\xff\xee\x00\x53\xff\xee\x00\x55\xff\xee\x00\x58\xff\
\xf4\x01\xc2\x00\x18\x01\xc3\x00\x18\x01\xc5\x00\x18\x01\xc6\x00\
\x18\x00\x05\x00\x58\xff\xf4\x01\xc2\x00\x18\x01\xc3\x00\x18\x01\
\xc5\x00\x18\x01\xc6\x00\x18\x00\x02\x00\x10\xff\xd0\x00\x12\xff\
\xd0\x00\x02\x00\x10\xff\xdc\x00\x12\xff\xdc\x00\x04\x00\x11\xff\
\xf4\x00\x47\xff\xfa\x00\x49\xff\xfa\x00\x53\xff\xfa\x00\x01\x00\
\x4e\x00\x30\x00\x08\x00\x04\xff\xe2\x00\x38\xff\xd0\x00\x3a\xff\
\xe8\x00\x3b\xff\xee\x00\x3d\xff\xe8\x01\x57\xff\xc4\x01\x60\xff\
\xc4\x01\x77\xff\xc4\x00\x06\x00\x04\xff\xe2\x00\x10\xff\xdc\x00\
\x38\xff\xc4\x00\x3a\xff\xd6\x00\x3b\xff\xe8\x00\x3d\xff\xc4\x00\
\x01\x01\x54\xff\xf6\x00\x08\x00\x11\xff\xec\x01\x54\xff\xf6\x01\
\xc0\xff\xec\x01\xc1\xff\xec\x01\xc2\x00\x18\x01\xc3\x00\x18\x01\
\xc5\x00\x18\x01\xc6\x00\x18\x00\x07\x00\x11\xff\xec\x01\xc0\xff\
\xec\x01\xc1\xff\xec\x01\xc2\x00\x18\x01\xc3\x00\x18\x01\xc5\x00\
\x18\x01\xc6\x00\x18\x00\x02\x01\xc3\xff\xce\x01\xc6\xff\xce\x00\
\x26\x00\x10\xff\x88\x00\x11\xff\x92\x00\x12\xff\x88\x00\x1e\xff\
\xa6\x00\x1f\xff\xa6\x00\x7e\xff\xb0\x01\x65\xff\xb0\x01\x69\xff\
\xd8\x01\x70\xff\xce\x01\x73\xff\xe2\x01\x76\xff\xe2\x01\x85\xff\
\x88\x01\x87\xff\x92\x01\x89\xff\x88\x01\x8a\xff\x88\x01\x8b\xff\
\x9c\x01\x8c\xff\x88\x01\x8d\xff\x92\x01\x90\xff\x88\x01\x91\xff\
\x92\x01\x92\xff\x92\x01\x93\xff\x88\x01\x95\xff\x92\x01\x96\xff\
\x88\x01\x98\xff\x9c\x01\x99\xff\x88\x01\x9a\xff\x9c\x01\x9b\xff\
\x92\x01\xa0\xff\x92\x01\xa1\xff\x92\x01\xa3\xff\x92\x01\xa4\xff\
\x88\x01\xc0\xff\x92\x01\xc1\xff\x92\x01\xc4\xff\x88\x01\xc7\xff\
\x88\x01\xcb\xff\x88\x01\xce\xff\xb0\x00\x04\x01\x77\xff\xc4\x01\
\x7c\xff\xe2\x01\xc3\xff\xce\x01\xc6\xff\xce\x00\x0d\x00\x11\xff\
\xe8\x01\x70\x00\x0c\x01\x73\xff\xe8\x01\x76\xff\xe8\x01\x79\xff\
\xe2\x01\x8a\xff\xe2\x01\x93\xff\xe2\x01\x96\xff\xe2\x01\x97\xff\
\xd8\x01\x98\xff\xe8\x01\x99\xff\xe2\x01\xc0\xff\xe8\x01\xc1\xff\
\xe8\x00\x28\x00\x10\xff\x70\x00\x12\xff\x70\x00\x1e\xff\xce\x00\
\x1f\xff\xce\x01\x65\xff\xb0\x01\x69\xff\xce\x01\x70\xff\xce\x01\
\x73\xff\xec\x01\x76\xff\xec\x01\x79\xff\xe2\x01\x85\xff\xba\x01\
\x86\xff\xce\x01\x87\xff\xc4\x01\x88\xff\xc4\x01\x89\xff\xb0\x01\
\x8a\xff\xba\x01\x8b\xff\xc4\x01\x8c\xff\xba\x01\x8d\xff\xc4\x01\
\x8f\xff\xc4\x01\x90\xff\xb0\x01\x91\xff\xc4\x01\x92\xff\xc4\x01\
\x93\xff\xba\x01\x94\xff\xc4\x01\x95\xff\xc4\x01\x96\xff\xba\x01\
\x97\xff\xc4\x01\x99\xff\xba\x01\x9a\xff\xc4\x01\x9b\xff\xc4\x01\
\x9c\xff\xba\x01\x9d\xff\xc4\x01\x9e\xff\xc4\x01\xa2\xff\xc4\x01\
\xa3\xff\xc4\x01\xa4\xff\xba\x01\xc4\xff\x70\x01\xc7\xff\x70\x01\
\xcb\xff\x70\x00\x10\x01\x57\xff\xc4\x01\x59\xff\xee\x01\x5e\x00\
\x0c\x01\x60\xff\xc4\x01\x70\x00\x0c\x01\x73\xff\xee\x01\x76\xff\
\xee\x01\x77\xff\xc4\x01\x79\xff\xe8\x01\x7c\xff\xd0\x01\x97\xff\
\xe8\x01\x98\xff\xfa\x01\x9c\xff\xe8\x01\xb3\xff\xfa\x01\xc3\xff\
\xc4\x01\xc6\xff\xc4\x00\x0c\x01\x57\xff\xec\x01\x5e\xff\xec\x01\
\x60\xff\xec\x01\x69\xff\xec\x01\x70\xff\xec\x01\x77\xff\xec\x01\
\x7a\xff\xec\x01\x7c\xff\xec\x01\x7f\xff\xe8\x01\x84\xff\xec\x01\
\x98\xff\xec\x01\xb3\xff\xec\x00\x03\x01\x5e\xff\xec\x01\x69\xff\
\xec\x01\x70\xff\xec\x00\x2a\x00\x10\xff\x88\x00\x11\xff\x92\x00\
\x12\xff\x88\x00\x1e\xff\xa6\x00\x1f\xff\xa6\x00\x7e\xff\xb0\x01\
\x59\xff\xe2\x01\x5e\xff\xce\x01\x65\xff\xb0\x01\x69\xff\xd8\x01\
\x70\xff\xce\x01\x73\xff\xe2\x01\x76\xff\xe2\x01\x85\xff\x88\x01\
\x87\xff\x92\x01\x89\xff\x88\x01\x8a\xff\x88\x01\x8b\xff\x9c\x01\
\x8c\xff\x88\x01\x8d\xff\x92\x01\x90\xff\x88\x01\x91\xff\x92\x01\
\x92\xff\x92\x01\x93\xff\x88\x01\x95\xff\x92\x01\x96\xff\x88\x01\
\x98\xff\x9c\x01\x99\xff\x88\x01\x9a\xff\x9c\x01\x9b\xff\x92\x01\
\xa0\xff\x92\x01\xa1\xff\x92\x01\xa3\xff\x92\x01\xa4\xff\x88\x01\
\xa9\xff\x88\x01\xae\xff\x88\x01\xc0\xff\x92\x01\xc1\xff\x92\x01\
\xc4\xff\x88\x01\xc7\xff\x88\x01\xcb\xff\x88\x01\xce\xff\xb0\x00\
\x08\x00\x10\x00\x1e\x00\x12\x00\x1e\x01\x5e\x00\x0c\x01\x69\x00\
\x14\x01\x70\x00\x0c\x01\xc4\x00\x1e\x01\xc7\x00\x1e\x01\xcb\x00\
\x1e\x00\x13\x00\x11\xff\xe8\x01\x59\xff\xe8\x01\x5e\x00\x0c\x01\
\x70\x00\x0c\x01\x73\xff\xe8\x01\x76\xff\xe8\x01\x79\xff\xe2\x01\
\x8a\xff\xe2\x01\x93\xff\xe2\x01\x96\xff\xe2\x01\x97\xff\xd8\x01\
\x98\xff\xe8\x01\x99\xff\xe2\x01\xa5\xff\xe2\x01\xa6\xff\xe2\x01\
\xa9\xff\xe2\x01\xb3\xff\xe8\x01\xc0\xff\xe8\x01\xc1\xff\xe8\x00\
\x0b\x01\x57\xff\xe2\x01\x5e\xff\xec\x01\x60\xff\xe2\x01\x63\xff\
\xec\x01\x65\xff\xee\x01\x69\xff\xec\x01\x6b\xff\xe8\x01\x70\xff\
\xec\x01\x77\xff\xe2\x01\x78\xff\xec\x01\x7a\xff\xee\x00\x17\x00\
\x10\xff\x70\x00\x12\xff\x70\x00\x1e\xff\xdc\x00\x1f\xff\xdc\x01\
\x5e\xff\xc4\x01\x65\xff\xc4\x01\x69\xff\xc4\x01\x6c\xff\xee\x01\
\x70\xff\xc4\x01\x7a\xff\xec\x01\x85\xff\xc4\x01\x89\xff\xa6\x01\
\x8a\xff\xb8\x01\x93\xff\xb8\x01\x96\xff\xb8\x01\x99\xff\xb8\x01\
\xa4\xff\xc4\x01\xa5\xff\xb8\x01\xa6\xff\xb8\x01\xa9\xff\xb8\x01\
\xc4\xff\x70\x01\xc7\xff\x70\x01\xcb\xff\x70\x00\x08\x01\x59\xff\
\xf4\x01\x73\xff\xf4\x01\x76\xff\xf4\x01\x79\xff\xf4\x01\x97\xff\
\xec\x01\x98\xff\xee\x01\x9c\xff\xec\x01\xb3\xff\xee\x00\x2f\x00\
\x10\xff\xb2\x00\x11\xff\xa6\x00\x12\xff\xb2\x00\x1e\xff\xb8\x00\
\x1f\xff\xb8\x00\x7e\xff\xc4\x01\x59\xff\xe2\x01\x5e\xff\xe2\x01\
\x63\x00\x0c\x01\x65\xff\xc4\x01\x69\xff\xe2\x01\x70\xff\xe2\x01\
\x73\xff\xe2\x01\x76\xff\xe2\x01\x78\x00\x0c\x01\x79\xff\xe2\x01\
\x7f\x00\x12\x01\x85\xff\xa0\x01\x87\xff\xa6\x01\x8a\xff\xa0\x01\
\x8d\xff\xa6\x01\x8f\xff\xa6\x01\x90\xff\xa0\x01\x91\xff\xa6\x01\
\x93\xff\xa0\x01\x95\xff\xa6\x01\x96\xff\xa0\x01\x98\xff\xa0\x01\
\x99\xff\xa0\x01\x9a\xff\xa6\x01\x9d\xff\xa6\x01\x9e\xff\xa6\x01\
\x9f\xff\xa6\x01\xa0\xff\xa6\x01\xa1\xff\xa6\x01\xa2\xff\xb0\x01\
\xa3\xff\xa6\x01\xa4\xff\xa0\x01\xa6\xff\xc4\x01\xa9\xff\xa0\x01\
\xae\xff\xa0\x01\xc0\xff\xa6\x01\xc1\xff\xa6\x01\xc4\xff\xb2\x01\
\xc7\xff\xb2\x01\xcb\xff\xb2\x01\xce\xff\xc4\x00\x30\x00\x10\xff\
\x70\x00\x12\xff\x70\x00\x1e\xff\xce\x00\x1f\xff\xce\x01\x59\xff\
\xec\x01\x5d\xff\xb0\x01\x5e\xff\xce\x01\x65\xff\xb0\x01\x69\xff\
\xce\x01\x70\xff\xce\x01\x73\xff\xec\x01\x76\xff\xec\x01\x79\xff\
\xe2\x01\x85\xff\xba\x01\x86\xff\xce\x01\x87\xff\xc4\x01\x88\xff\
\xc4\x01\x89\xff\xb0\x01\x8a\xff\xba\x01\x8b\xff\xc4\x01\x8c\xff\
\xba\x01\x8d\xff\xc4\x01\x8e\xff\xc4\x01\x8f\xff\xc4\x01\x90\xff\
\xb0\x01\x91\xff\xc4\x01\x92\xff\xc4\x01\x93\xff\xba\x01\x94\xff\
\xc4\x01\x95\xff\xc4\x01\x96\xff\xba\x01\x97\xff\xc4\x01\x99\xff\
\xba\x01\x9a\xff\xc4\x01\x9b\xff\xc4\x01\x9c\xff\xba\x01\x9d\xff\
\xc4\x01\x9e\xff\xc4\x01\xa2\xff\xc4\x01\xa3\xff\xc4\x01\xa4\xff\
\xba\x01\xa5\xff\xba\x01\xa6\xff\xba\x01\xa9\xff\xba\x01\xae\xff\
\xb0\x01\xc4\xff\x70\x01\xc7\xff\x70\x01\xcb\xff\x70\x00\x09\x01\
\x57\xff\xe2\x01\x5e\xff\xe2\x01\x60\xff\xe2\x01\x63\xff\xe2\x01\
\x65\xff\xe8\x01\x70\xff\xe2\x01\x77\xff\xe2\x01\x78\xff\xe2\x01\
\x7a\xff\xe2\x00\x0f\x00\x11\xff\xe8\x01\x59\xff\xee\x01\x73\xff\
\xee\x01\x76\xff\xee\x01\x8a\xff\xe8\x01\x93\xff\xe8\x01\x96\xff\
\xe8\x01\x98\xff\xe8\x01\x99\xff\xe8\x01\xa5\xff\xe8\x01\xa6\xff\
\xe8\x01\xa9\xff\xe8\x01\xb3\xff\xe8\x01\xc0\xff\xe8\x01\xc1\xff\
\xe8\x00\x06\x00\x10\x00\x1e\x00\x12\x00\x1e\x01\x69\x00\x14\x01\
\xc4\x00\x1e\x01\xc7\x00\x1e\x01\xcb\x00\x1e\x00\x05\x00\x10\x00\
\x1e\x00\x12\x00\x1e\x01\xc4\x00\x1e\x01\xc7\x00\x1e\x01\xcb\x00\
\x1e\x00\x06\x01\x57\xff\xc4\x01\x60\xff\xc4\x01\x77\xff\xc4\x01\
\x7c\xff\xe2\x01\xc3\xff\xce\x01\xc6\xff\xce\x00\x0b\x01\x57\xff\
\xe2\x01\x5e\xff\xec\x01\x60\xff\xe2\x01\x63\xff\xec\x01\x65\xff\
\xee\x01\x69\xff\xf4\x01\x6b\xff\xe8\x01\x70\xff\xec\x01\x77\xff\
\xe2\x01\x78\xff\xec\x01\x7a\xff\xee\x00\x09\x01\x89\xff\xf4\x01\
\x8b\xff\xec\x01\x90\xff\xf4\x01\x97\xff\xf4\x01\x98\xff\xf6\x01\
\x9a\xff\xf6\x01\x9f\xff\xec\x01\xae\xff\xf4\x01\xb3\xff\xf6\x00\
\x13\x00\x10\xff\xba\x00\x11\xff\xce\x00\x12\xff\xba\x01\x89\xff\
\xf4\x01\x8a\xff\xf4\x01\x90\xff\xec\x01\x93\xff\xf4\x01\x96\xff\
\xf4\x01\x97\x00\x0a\x01\x99\xff\xf4\x01\xa5\xff\xf4\x01\xa6\xff\
\xf4\x01\xa9\xff\xf4\x01\xae\xff\xec\x01\xc0\xff\xce\x01\xc1\xff\
\xce\x01\xc4\xff\xba\x01\xc7\xff\xba\x01\xcb\xff\xba\x00\x0b\x00\
\x10\x00\x1e\x00\x12\x00\x1e\x01\x89\x00\x14\x01\x8b\x00\x0a\x01\
\x90\x00\x0a\x01\x9a\x00\x0a\x01\x9c\xff\xf4\x01\xae\x00\x0a\x01\
\xc4\x00\x1e\x01\xc7\x00\x1e\x01\xcb\x00\x1e\x00\x02\x01\x8b\xff\
\xee\x01\x9a\xff\xfa\x00\x0a\x00\x11\xff\xec\x01\x8a\xff\xee\x01\
\x93\xff\xee\x01\x96\xff\xee\x01\x99\xff\xee\x01\xa5\xff\xee\x01\
\xa6\xff\xee\x01\xa9\xff\xee\x01\xc0\xff\xec\x01\xc1\xff\xec\x00\
\x06\x01\x89\xff\xf4\x01\x8b\xff\xee\x01\x90\xff\xf4\x01\x97\xff\
\xf4\x01\x9a\xff\xfa\x01\xae\xff\xf4\x00\x0c\x00\x10\xff\xf4\x00\
\x12\xff\xf4\x01\x89\xff\xf4\x01\x8b\xff\xee\x01\x90\xff\xf4\x01\
\x97\xff\xf4\x01\x9a\xff\xfa\x01\x9f\xff\xec\x01\xae\xff\xf4\x01\
\xc4\xff\xf4\x01\xc7\xff\xf4\x01\xcb\xff\xf4\x00\x07\x01\x86\x00\
\x12\x01\x90\x00\x0a\x01\x97\x00\x12\x01\x98\x00\x12\x01\x9a\x00\
\x0a\x01\xae\x00\x0a\x01\xb3\x00\x12\x00\x13\x00\x10\xff\xce\x00\
\x11\xff\xe2\x00\x12\xff\xce\x01\x89\xff\xf4\x01\x8a\xff\xf4\x01\
\x90\xff\xec\x01\x93\xff\xf4\x01\x96\xff\xf4\x01\x97\x00\x0c\x01\
\x99\xff\xf4\x01\xa5\xff\xf4\x01\xa6\xff\xf4\x01\xa9\xff\xf4\x01\
\xae\xff\xec\x01\xc0\xff\xe2\x01\xc1\xff\xe2\x01\xc4\xff\xce\x01\
\xc7\xff\xce\x01\xcb\xff\xce\x00\x0b\x00\x10\xff\xdc\x00\x12\xff\
\xdc\x01\x86\x00\x0c\x01\x89\xff\xee\x01\x90\xff\xf4\x01\x97\x00\
\x0c\x01\xa2\x00\x12\x01\xae\xff\xf4\x01\xc4\xff\xdc\x01\xc7\xff\
\xdc\x01\xcb\xff\xdc\x00\x04\x01\x90\xff\xf4\x01\x97\xff\xf4\x01\
\x9a\xff\xec\x01\xae\xff\xf4\x00\x0a\x00\x11\xff\xf4\x01\x8a\xff\
\xfa\x01\x93\xff\xfa\x01\x96\xff\xfa\x01\x99\xff\xfa\x01\xa5\xff\
\xfa\x01\xa6\xff\xfa\x01\xa9\xff\xfa\x01\xc0\xff\xf4\x01\xc1\xff\
\xf4\x00\x06\x00\x10\x00\x1e\x00\x12\x00\x1e\x01\x89\x00\x14\x01\
\xc4\x00\x1e\x01\xc7\x00\x1e\x01\xcb\x00\x1e\x00\x06\x01\x97\xff\
\xe2\x01\x98\xff\xec\x01\x9c\xff\xf4\x01\xb3\xff\xec\x01\xc3\xff\
\xe2\x01\xc6\xff\xe2\x00\x0f\x00\x10\xff\xba\x00\x11\xff\xce\x00\
\x12\xff\xba\x01\x89\xff\xf4\x01\x8a\xff\xf4\x01\x90\xff\xec\x01\
\x93\xff\xf4\x01\x96\xff\xf4\x01\x97\x00\x0a\x01\x99\xff\xf4\x01\
\xc0\xff\xce\x01\xc1\xff\xce\x01\xc4\xff\xba\x01\xc7\xff\xba\x01\
\xcb\xff\xba\x00\x05\x01\x97\xff\xe2\x01\x98\xff\xec\x01\x9c\xff\
\xf4\x01\xc3\xff\xe2\x01\xc6\xff\xe2\x00\x07\x00\x11\xff\xec\x01\
\x8a\xff\xee\x01\x93\xff\xee\x01\x96\xff\xee\x01\x99\xff\xee\x01\
\xc0\xff\xec\x01\xc1\xff\xec\x00\x0a\x00\x10\xff\xdc\x00\x12\xff\
\xdc\x01\x86\x00\x0c\x01\x89\xff\xee\x01\x90\xff\xf4\x01\x97\x00\
\x0c\x01\xa2\x00\x12\x01\xc4\xff\xdc\x01\xc7\xff\xdc\x01\xcb\xff\
\xdc\x00\x10\x00\x10\xff\xba\x00\x11\xff\xce\x00\x12\xff\xba\x01\
\x89\xff\xf4\x01\x8a\xff\xf4\x01\x90\xff\xec\x01\x93\xff\xf4\x01\
\x96\xff\xf4\x01\x97\x00\x0a\x01\x99\xff\xf4\x01\xa6\xff\xf4\x01\
\xc0\xff\xce\x01\xc1\xff\xce\x01\xc4\xff\xba\x01\xc7\xff\xba\x01\
\xcb\xff\xba\x00\x09\x01\x54\xff\xec\x01\x57\xff\xa6\x01\x60\xff\
\xa6\x01\x6b\xff\xe8\x01\x77\xff\xa6\x01\x7a\xff\xe8\x01\x8b\xff\
\xec\x01\x97\xff\xe2\x01\x9a\xff\xf4\x00\x1e\x00\x10\xff\xa6\x00\
\x12\xff\xa6\x00\x25\xff\xb8\x00\x2e\xff\x94\x00\x38\x00\x12\x00\
\x3a\x00\x12\x00\x3b\x00\x12\x00\x3d\x00\x12\x00\x45\xff\xe2\x00\
\x47\xff\xd6\x00\x48\xff\xd6\x00\x49\xff\xd6\x00\x4b\xff\xd6\x00\
\x53\xff\xd6\x00\x55\xff\xd6\x00\x89\xff\xa6\x01\x5e\xff\xc4\x01\
\x65\xff\xb8\x01\x69\xff\xc4\x01\x70\xff\xc4\x01\x85\xff\xe2\x01\
\x89\xff\xd8\x01\x90\xff\xd8\x01\xae\xff\xd8\x01\xcb\xff\xa6\x02\
\x3c\xff\xbe\x02\x3e\xff\xd6\x02\x42\xff\xd6\x02\x4a\xff\xd6\x02\
\x4c\xff\xd6\x00\x0f\x00\x10\xff\xa6\x00\x12\xff\xa6\x00\x25\xff\
\xd0\x00\x45\xff\xc4\x00\x47\xff\xc4\x00\x49\xff\xc4\x00\x53\xff\
\xc4\x00\x57\xff\xd0\x01\x15\xff\xf4\x01\xcb\xff\x88\x02\x3c\xff\
\xb2\x02\x3e\xff\xc4\x02\x4a\xff\xc4\x02\x4e\xff\xd0\x02\x5f\xff\
\xc4\x00\x0f\x00\x2e\x00\x18\x00\x38\xff\xb8\x00\x39\xff\xe8\x00\
\x3a\xff\xd0\x00\x3b\xff\xe8\x00\x3d\xff\xc4\x00\x4e\x00\x3c\x00\
\x5a\xff\xf4\x00\x5b\xff\xf4\x00\x5d\xff\xf4\x02\x45\x00\x0a\x02\
\x4f\xff\xe2\x02\x51\xff\xf4\x02\x52\xff\xf4\x02\x54\xff\xdc\x00\
\x1e\x00\x10\xff\xa6\x00\x12\xff\xa6\x00\x25\xff\xb8\x00\x2e\xff\
\x88\x00\x38\x00\x12\x00\x3a\x00\x12\x00\x3b\x00\x12\x00\x3d\x00\
\x12\x00\x45\xff\xe2\x00\x47\xff\xd6\x00\x48\xff\xd6\x00\x49\xff\
\xd6\x00\x4b\xff\xd6\x00\x53\xff\xd6\x00\x55\xff\xd6\x00\x89\xff\
\x88\x01\x5e\xff\xc4\x01\x65\xff\xb8\x01\x69\xff\xc4\x01\x70\xff\
\xc4\x01\x85\xff\xe2\x01\x89\xff\xd8\x01\x90\xff\xd8\x01\xae\xff\
\xd8\x01\xcb\xff\xa6\x02\x3c\xff\xb2\x02\x3e\xff\xd6\x02\x42\xff\
\xd6\x02\x4a\xff\xd6\x02\x4c\xff\xd6\x00\x03\x00\x10\xff\x88\x00\
\x12\xff\x88\x01\xcb\xff\x88\x00\x0f\x00\x2e\x00\x0c\x00\x38\xff\
\xb8\x00\x39\xff\xe8\x00\x3a\xff\xd0\x00\x3b\xff\xdc\x00\x3d\xff\
\xc4\x00\x4e\x00\x3c\x00\x5a\xff\xf4\x00\x5b\xff\xf4\x00\x5d\xff\
\xf4\x02\x45\x00\x0a\x02\x4f\xff\xe2\x02\x51\xff\xf4\x02\x52\xff\
\xf4\x02\x54\xff\xdc\x00\x0a\x00\x04\xff\xe2\x00\x11\xff\xdc\x00\
\x6e\xff\xd5\x01\xc0\xff\xdc\x01\xc1\xff\xdc\x01\xc2\xff\xb8\x01\
\xc3\xff\xb8\x01\xc5\xff\xb8\x01\xc6\xff\xb8\x01\xcd\xff\xd0\x00\
\x08\x00\x04\xff\xe2\x00\x38\xff\xdc\x00\x3a\xff\xee\x00\x3b\xff\
\xee\x00\x3d\xff\xe8\x01\x57\xff\xc4\x01\x60\xff\xc4\x01\x77\xff\
\xc4\x00\x08\x00\x04\xff\xe2\x00\x10\xff\xdc\x00\x12\xff\xdc\x00\
\x38\xff\xc4\x00\x3a\xff\xe8\x00\x3b\xff\xee\x00\x3d\xff\xdc\x01\
\xcb\xff\xdc\x00\x0d\x00\x71\xff\xe2\x01\xc3\xff\xd6\x01\xc6\xff\
\xd0\x01\xe7\xff\xc4\x02\x3e\xff\xfa\x02\x42\xff\xfa\x02\x4a\xff\
\xfa\x02\x4c\xff\xfa\x02\x4f\xff\xe8\x02\x50\xff\xf4\x02\x51\xff\
\xee\x02\x52\xff\xf4\x02\x54\xff\xe2\x00\x04\x00\x10\xff\xf4\x00\
\x12\xff\xf4\x02\x3c\xff\xfa\x02\x54\xff\xfa\x00\x07\x00\x11\xff\
\xe8\x02\x3c\xff\xfa\x02\x3e\xff\xf4\x02\x4a\xff\xf4\x02\x4c\xff\
\xf4\x02\x4f\xff\xfa\x02\x5f\xff\xec\x00\x09\x00\x10\xff\xe8\x00\
\x12\xff\xe8\x02\x3c\xff\xfa\x02\x45\xff\xe8\x02\x4f\xff\xee\x02\
\x53\xff\xe8\x02\x54\xff\xf4\x02\x55\xff\xf4\x02\x5f\xff\xf1\x00\
\x06\x00\x10\xff\xb8\x00\x12\xff\xb8\x02\x3c\xff\xd6\x02\x45\xff\
\xbe\x02\x4a\xff\xf4\x02\x5f\xff\xc4\x00\x09\x00\x11\xff\xe8\x02\
\x3c\xff\xfa\x02\x3e\xff\xe8\x02\x42\xff\xe8\x02\x4a\xff\xe8\x02\
\x4e\xff\xfa\x02\x50\xff\xf4\x02\x54\xff\xf4\x02\x5f\xff\xfa\x00\
\x10\x00\x11\xff\xe2\x00\x71\xff\xc4\x01\xc2\xff\xe2\x01\xc3\xff\
\xe2\x01\xc5\xff\xd6\x01\xc6\xff\xd6\x01\xe7\xff\xc4\x02\x3e\xff\
\xe8\x02\x42\xff\xe8\x02\x4a\xff\xe8\x02\x4c\xff\xe8\x02\x4f\xff\
\xe2\x02\x50\xff\xf4\x02\x51\xff\xd6\x02\x52\xff\xd6\x02\x54\xff\
\xd0\x00\x09\x00\x10\xff\xe8\x00\x12\xff\xe8\x02\x3c\xff\xfa\x02\
\x45\xff\xe8\x02\x4f\xff\xee\x02\x51\xff\xfa\x02\x53\xff\xe8\x02\
\x54\xff\xee\x02\x55\xff\xee\x00\x04\x00\x10\xff\xac\x00\x12\xff\
\xac\x02\x3c\xff\xdc\x02\x5f\xff\xb5\x00\x02\x02\x4e\xff\xf4\x02\
\x4f\xff\xf4\x00\x0b\x00\x10\xff\xbe\x00\x11\xff\xe2\x00\x12\xff\
\xbe\x01\xc3\x00\x18\x01\xc6\x00\x18\x02\x3c\xff\xe8\x02\x3e\xff\
\xee\x02\x42\xff\xee\x02\x45\xff\xbe\x02\x4a\xff\xee\x02\x5f\xff\
\xbf\x00\x02\x02\x3c\xff\xf4\x02\x5f\xff\xe7\x00\x07\x00\x10\xff\
\xd0\x00\x12\xff\xd0\x01\xc3\x00\x18\x01\xc6\x00\x18\x02\x3c\xff\
\xee\x02\x4a\xff\xfa\x02\x5f\xff\xdd\x00\x05\x00\x10\xff\xdc\x00\
\x12\xff\xdc\x01\xc3\x00\x18\x01\xc6\x00\x18\x02\x3c\xff\xf4\x00\
\x03\x00\x11\xff\xf4\x02\x3e\xff\xe8\x02\x4a\xff\xe8\x00\x0b\x00\
\x10\xff\xb2\x00\x11\xff\xdc\x00\x12\xff\xb2\x01\xc3\x00\x18\x01\
\xc6\x00\x18\x02\x3c\xff\xe2\x02\x3e\xff\xee\x02\x45\xff\xa6\x02\
\x4a\xff\xee\x02\x4c\xff\xee\x02\x5f\xff\xbf\x00\x01\x02\x4a\xff\
\xee\x00\x01\x00\x84\x00\x04\x00\x0c\x00\x10\x00\x11\x00\x12\x00\
\x25\x00\x27\x00\x28\x00\x29\x00\x2a\x00\x2b\x00\x2e\x00\x2f\x00\
\x30\x00\x33\x00\x34\x00\x35\x00\x36\x00\x37\x00\x38\x00\x39\x00\
\x3a\x00\x3b\x00\x3c\x00\x3d\x00\x3e\x00\x3f\x00\x45\x00\x46\x00\
\x49\x00\x4a\x00\x4b\x00\x4f\x00\x53\x00\x56\x00\x58\x00\x5a\x00\
\x5b\x00\x5c\x00\x5d\x00\x5f\x00\x64\x00\x6e\x00\x7e\x00\x82\x01\
\x52\x01\x53\x01\x54\x01\x57\x01\x58\x01\x5e\x01\x5f\x01\x60\x01\
\x61\x01\x63\x01\x65\x01\x66\x01\x67\x01\x68\x01\x69\x01\x6b\x01\
\x6c\x01\x6f\x01\x73\x01\x75\x01\x76\x01\x77\x01\x78\x01\x79\x01\
\x7a\x01\x7b\x01\x7e\x01\x7f\x01\x81\x01\x82\x01\x83\x01\x86\x01\
\x88\x01\x89\x01\x8a\x01\x8b\x01\x8f\x01\x93\x01\x95\x01\x96\x01\
\x97\x01\x98\x01\x99\x01\x9a\x01\x9b\x01\x9e\x01\x9f\x01\xa1\x01\
\xa2\x01\xa3\x01\xa5\x01\xa6\x01\xa8\x01\xae\x01\xaf\x01\xb1\x01\
\xb3\x01\xb5\x01\xb6\x01\xc0\x01\xc1\x01\xc2\x01\xc3\x01\xc4\x01\
\xc5\x01\xc6\x01\xc7\x01\xcb\x01\xcd\x01\xce\x02\x3c\x02\x3d\x02\
\x3e\x02\x3f\x02\x41\x02\x46\x02\x47\x02\x4a\x02\x4b\x02\x4e\x02\
\x4f\x02\x50\x02\x51\x02\x52\x02\x53\x02\x54\x02\x55\x00\x00\x00\
\x00\x00\x01\x00\x00\x00\x00\xd5\xa4\x27\x08\x00\x00\x00\x00\xcb\
\xbc\x13\x00\x00\x00\x00\x00\xcb\xbc\x13\x00\
"

qt_resource_name = b"\
\x00\x16\
\x03\x7e\xad\x46\
\x00\x41\
\x00\x76\x00\x65\x00\x6e\x00\x69\x00\x72\x00\x4e\x00\x65\x00\x78\x00\x74\x00\x43\x00\x79\x00\x72\x00\x2d\x00\x42\x00\x6f\x00\x6c\
\x00\x64\x00\x2e\x00\x74\x00\x74\x00\x66\
\x00\x19\
\x0d\x88\x8d\x06\
\x00\x41\
\x00\x76\x00\x65\x00\x6e\x00\x69\x00\x72\x00\x4e\x00\x65\x00\x78\x00\x74\x00\x43\x00\x79\x00\x72\x00\x2d\x00\x52\x00\x65\x00\x67\
\x00\x75\x00\x6c\x00\x61\x00\x72\x00\x2e\x00\x74\x00\x74\x00\x66\
"

qt_resource_struct_v1 = b"\
\x00\x00\x00\x00\x00\x02\x00\x00\x00\x02\x00\x00\x00\x01\
\x00\x00\x00\x00\x00\x00\x00\x00\x00\x01\x00\x00\x00\x00\
\x00\x00\x00\x32\x00\x00\x00\x00\x00\x01\x00\x01\x59\xe0\
"

qt_resource_struct_v2 = b"\
\x00\x00\x00\x00\x00\x02\x00\x00\x00\x02\x00\x00\x00\x01\
\x00\x00\x00\x00\x00\x00\x00\x00\
\x00\x00\x00\x00\x00\x00\x00\x00\x00\x01\x00\x00\x00\x00\
\x00\x00\x01\x95\xa3\xc0\xff\x9c\
\x00\x00\x00\x32\x00\x00\x00\x00\x00\x01\x00\x01\x59\xe0\
\x00\x00\x01\x95\xa3\xc0\xff\x9e\
"

qt_version = [int(v) for v in QtCore.qVersion().split('.')]
if qt_version < [5, 8, 0]:
    rcc_version = 1
    qt_resource_struct = qt_resource_struct_v1
else:
    rcc_version = 2
    qt_resource_struct = qt_resource_struct_v2

def qInitResources():
    QtCore.qRegisterResourceData(rcc_version, qt_resource_struct, qt_resource_name, qt_resource_data)

def qCleanupResources():
    QtCore.qUnregisterResourceData(rcc_version, qt_resource_struct, qt_resource_name, qt_resource_data)

qInitResources()
